nu,[0]Dichloromethanol-HITRAN(x-sec)-X=0.01-T=295.0K-P=0.9211atm-L=15cm
657.1251,1.0
657.607217,1.0
658.089333,0.9949499943710329
658.57145,1.0
659.053567,1.0
659.535683,0.9936206351032562
660.0178,0.9932723327695558
660.499916,0.997970761693636
660.982033,0.9890137940346663
661.46415,0.9834819442397403
661.946266,0.9885421469516837
662.428383,0.9826001564766936
662.9105,0.9803839483639517
663.392616,0.9834209702494108
663.874733,0.9816612396008777
664.35685,0.9791073399702217
664.838966,0.9838636092723336
665.321083,0.9774569783591174
665.803199,0.9693437333633913
666.285316,0.9713377829196287
666.767433,0.992763808226767
667.249549,1.0
667.731666,1.0
668.213783,0.9028309070192223
668.695899,0.8774722044361903
669.178016,0.885166071647028
669.660133,0.8978520313827426
670.142249,0.9095293600651757
670.624366,0.9117823214660927
671.106482,0.9043851124127704
671.588599,0.9037613019245737
672.070716,0.9015317661190543
672.552832,0.8920706013845838
673.034949,0.8882162862947701
673.517066,0.8936062831266668
673.999182,0.8865391429134121
674.481299,0.87843795492646
674.963416,0.8745813187464174
675.445532,0.8732267677505746
675.927649,0.8711335363903564
676.409765,0.8739168894592804
676.891882,0.8687672727488074
677.373999,0.8581468845774571
677.856115,0.8498631010985921
678.338232,0.8454637378267172
678.820349,0.8376289977329979
679.302465,0.8352117445428375
679.784582,0.8358718225174968
680.266699,0.8362229624171713
680.748815,0.8330096935235409
681.230932,0.830630689397572
681.713048,0.8267276177996309
682.195165,0.8193450314683924
682.677282,0.7907368869404652
683.159398,0.7697727019384147
683.641515,0.7801882829738389
684.123632,0.8036993681019446
684.605748,0.8064124038700784
685.087865,0.8039485535278017
685.569982,0.7945812759496733
686.052098,0.7743045556767201
686.534215,0.74688802849826
687.016331,0.726679319400255
687.498448,0.7333516143173383
687.980565,0.7448890484116567
688.462681,0.7485853900995073
688.944798,0.7438394949624627
689.426915,0.7284837206450955
689.909031,0.7239159387762204
690.391148,0.7287824602079855
690.873265,0.7214010896846836
691.355381,0.7167056877410571
691.837498,0.7213578069177985
692.319614,0.7115781707171572
692.801731,0.6767522674463674
693.283848,0.6583951473592149
693.765964,0.6982556378027813
694.248081,0.7222456229152144
694.730198,0.726555794415878
695.212314,0.7196430167470754
695.694431,0.6908517654552397
696.176548,0.6755892540246239
696.658664,0.6982556378027813
697.140781,0.7209323313393551
697.622897,0.7249591286445002
698.105014,0.719470323147117
698.587131,0.7153810079253754
699.069247,0.7251839008122659
699.551364,0.735400522218731
700.033481,0.7278793300137691
700.515597,0.705731800246776
700.997714,0.6984930850833846
701.479831,0.717989739805859
701.961947,0.7278793300137691
702.444064,0.7285055754845359
702.92618,0.7293073725250933
703.408297,0.7294094827047926
703.890414,0.7240390149469905
704.37253,0.7262797556646844
704.854647,0.7268319380817296
705.336764,0.7237422197980253
705.81888,0.7213289531826004
706.300997,0.7226212883036663
706.783114,0.7205359275781454
707.26523,0.7197221818329175
707.747347,0.7183129078961386
708.229463,0.7170282778778777
708.71158,0.7160681034460648
709.193697,0.7181620780231713
709.675813,0.7160179804331495
710.15793,0.7116777986348491
710.640047,0.7079229633756344
711.122163,0.7028301666993232
711.60428,0.6906169157816918
712.086397,0.6854155378799499
712.568513,0.6797841212267897
713.05063,0.6707290660021278
713.532746,0.6613447611433917
714.014863,0.6491834088294406
714.49698,0.6337504588838028
714.979096,0.6199663974952802
715.461213,0.6050162268931433
715.94333,0.5873936914857045
716.425446,0.5636622806534203
716.907563,0.5423737172106741
717.38968,0.5220718797024222
717.871796,0.49891476971166704
718.353913,0.47793525760743666
718.836029,0.4613123115316774
719.318146,0.43994304659705485
719.800263,0.41884263600416977
720.282379,0.40150310986856513
720.764496,0.3802828351848032
721.246613,0.35271320594896943
721.728729,0.33200674301027056
722.210846,0.31273471616684895
722.692963,0.2942869403572507
723.175079,0.27756503857875336
723.657196,0.2631581754560287
724.139312,0.24857765184107972
724.621429,0.2392610652451652
725.103546,0.23230595606385526
725.585662,0.22438319426619668
726.067779,0.21515426425018117
726.549896,0.2100520335809289
727.032012,0.20562523800336444
727.514129,0.20066869789345979
727.996246,0.19208832244373253
728.478362,0.18888819496415055
728.960479,0.18740185698912315
729.442595,0.18188148233264706
729.924712,0.17067399569626215
730.406829,0.1627565097873484
730.888945,0.17363497988852095
731.371062,0.17989174962000518
731.853179,0.16478725510915668
732.335295,0.14571538174616724
732.817412,0.14941912536280016
733.299529,0.16506763169541655
733.781645,0.16804894545780102
734.263762,0.1563434639371109
734.745878,0.12849053949039282
735.227995,0.12178476666011695
735.710112,0.12599664492053272
736.192228,0.10097321452864622
736.674345,0.0915197942038428
737.156462,0.10415240706712262
737.638578,0.13716098088780554
738.120695,0.15689162478278995
738.602812,0.15410825021954253
739.084928,0.14166360651921092
739.567045,0.1344988002573136
740.049161,0.13026297333096354
740.531278,0.1306674151091553
741.013395,0.12617316375777612
741.495511,0.12329196958601772
741.977628,0.12543093382299692
742.459745,0.12308255129370486
742.941861,0.12950963487901218
743.423978,0.14059104400979658
743.906095,0.1520569739117025
744.388211,0.15873803724273722
744.870328,0.15883330864364498
745.352444,0.15905583100505374
745.834561,0.1723203559400894
746.316678,0.19738483078426552
746.798794,0.19235743442958886
747.280911,0.1535851719058281
747.763028,0.15543929646662147
748.245144,0.21829672889205606
748.727261,0.25446295843724687
749.209378,0.19710868536806264
749.691494,0.1431732276050103
750.173611,0.20711108233775047
750.655727,0.29558465577509496
751.137844,0.30571560640944184
751.619961,0.3177151666314152
752.102077,0.3368222283930748
752.584194,0.34232318594378797
753.066311,0.34538346031932443
753.548427,0.3489592938902108
754.030544,0.3529601916280361
754.512661,0.35600873924158355
754.994777,0.36204020854348745
755.476894,0.3693317453301018
755.95901,0.37534487837035174
756.441127,0.3771584077789194
756.923244,0.3789769097113981
757.40536,0.3887378772102521
757.887477,0.40761996377232723
758.369594,0.43259211181129004
758.85171,0.45957184255283356
759.333827,0.4850516009464703
759.815943,0.5126509883214765
760.29806,0.542563581235964
760.780177,0.5714661657711407
761.262293,0.6019084028405146
761.74441,0.6337504588838028
762.226527,0.6629405241397954
762.708643,0.6918057990233248
763.19076,0.7198229499919806
763.672877,0.7457312487899586
764.154993,0.774598847319748
764.63711,0.8008593022213526
765.119226,0.822900487461804
765.601343,0.8402800918885365
766.08346,0.8592374234664875
766.565576,0.8795542798454968
767.047693,0.8923114929658578
767.52981,0.896586952108973
768.011926,0.9133190564631459
768.494043,0.934756697624508
768.97616,0.9459391835489926
769.458276,0.9542658286165016
769.940393,0.966648833450989
770.422509,0.9783106708837933
770.904626,0.9864713460631043
771.386743,0.992763808226767
771.868859,0.9973782428241603
772.350976,1.0
772.833093,1.0
773.315209,1.0
773.797326,1.0
774.279443,1.0
774.761559,1.0
775.243676,1.0
775.725792,1.0
776.207909,1.0
776.690026,1.0
777.172142,1.0
777.654259,1.0
778.136376,1.0
778.618492,1.0
779.100609,1.0
779.582726,1.0
780.064842,1.0
780.546959,1.0
781.029075,1.0
781.511192,1.0
781.993309,1.0
782.475425,1.0
782.957542,1.0
783.439659,1.0
783.921775,1.0
784.403892,1.0
784.886009,1.0
785.368125,1.0
785.850242,1.0
786.332358,1.0
786.814475,1.0
787.296592,1.0
787.778708,1.0
788.260825,1.0
788.742942,1.0
789.225058,1.0
789.707175,1.0
790.189292,1.0
790.671408,1.0
791.153525,1.0
791.635641,1.0
792.117758,1.0
792.599875,1.0
793.081991,1.0
793.564108,1.0
794.046225,1.0
794.528341,1.0
795.010458,1.0
795.492575,1.0
795.974691,1.0
796.456808,1.0
796.938924,1.0
797.421041,1.0
797.903158,1.0
798.385274,1.0
798.867391,1.0
799.349508,1.0
799.831624,1.0
800.313741,1.0
800.795858,1.0
801.277974,1.0
801.760091,1.0
802.242207,1.0
802.724324,1.0
803.206441,1.0
803.688557,1.0
804.170674,1.0
804.652791,1.0
805.134907,1.0
805.617024,1.0
806.099141,1.0
806.581257,1.0
807.063374,1.0
807.54549,1.0
808.027607,1.0
808.509724,1.0
808.99184,1.0
809.473957,1.0
809.956074,1.0
810.43819,1.0
810.920307,1.0
811.402424,1.0
811.88454,1.0
812.366657,1.0
812.848773,1.0
813.33089,1.0
813.813007,1.0
814.295123,1.0
814.77724,1.0
815.259357,1.0
815.741473,1.0
816.22359,1.0
816.705707,1.0
817.187823,1.0
817.66994,1.0
818.152056,1.0
818.634173,1.0
819.11629,1.0
819.598406,1.0
820.080523,1.0
820.56264,1.0
821.044756,1.0
821.526873,1.0
822.00899,1.0
822.491106,1.0
822.973223,1.0
823.455339,1.0
823.937456,1.0
824.419573,1.0
824.901689,1.0
825.383806,1.0
825.865923,1.0
826.348039,1.0
826.830156,1.0
827.312273,1.0
827.794389,1.0
828.276506,1.0
828.758622,1.0
829.240739,1.0
829.722856,1.0
830.204972,1.0
830.687089,1.0
831.169206,1.0
831.651322,1.0
832.133439,1.0
832.615556,1.0
833.097672,1.0
833.579789,1.0
834.061905,1.0
834.544022,1.0
835.026139,1.0
835.508255,1.0
835.990372,1.0
836.472489,1.0
836.954605,1.0
837.436722,1.0
837.918839,1.0
838.400955,1.0
838.883072,1.0
839.365188,1.0
839.847305,1.0
840.329422,1.0
840.811538,1.0
841.293655,1.0
841.775772,1.0
842.257888,1.0
842.740005,1.0
843.222122,1.0
843.704238,1.0
844.186355,1.0
844.668471,1.0
845.150588,1.0
845.632705,1.0
846.114821,1.0
846.596938,1.0
847.079055,1.0
847.561171,1.0
848.043288,1.0
848.525405,1.0
849.007521,1.0
849.489638,1.0
849.971754,1.0
850.453871,1.0
850.935988,1.0
851.418104,1.0
851.900221,1.0
852.382338,1.0
852.864454,1.0
853.346571,1.0
853.828688,1.0
854.310804,1.0
854.792921,1.0
855.275037,1.0
855.757154,1.0
856.239271,1.0
856.721387,1.0
857.203504,1.0
857.685621,1.0
858.167737,1.0
858.649854,1.0
859.131971,1.0
859.614087,1.0
860.096204,1.0
860.57832,1.0
861.060437,1.0
861.542554,1.0
862.02467,1.0
862.506787,1.0
862.988904,1.0
863.47102,1.0
863.953137,1.0
864.435254,1.0
864.91737,1.0
865.399487,1.0
865.881603,1.0
866.36372,1.0
866.845837,1.0
867.327953,1.0
867.81007,1.0
868.292187,1.0
868.774303,1.0
869.25642,1.0
869.738537,1.0
870.220653,1.0
870.70277,1.0
871.184886,1.0
871.667003,1.0
872.14912,1.0
872.631236,1.0
873.113353,1.0
873.59547,1.0
874.077586,1.0
874.559703,1.0
875.04182,1.0
875.523936,1.0
876.006053,1.0
876.488169,1.0
876.970286,1.0
877.452403,1.0
877.934519,1.0
878.416636,1.0
878.898753,1.0
879.380869,1.0
879.862986,1.0
880.345103,1.0
880.827219,1.0
881.309336,1.0
881.791452,1.0
882.273569,1.0
882.755686,1.0
883.237802,1.0
883.719919,1.0
884.202036,1.0
884.684152,1.0
885.166269,1.0
885.648386,1.0
886.130502,1.0
886.612619,1.0
887.094735,1.0
887.576852,1.0
888.058969,1.0
888.541085,1.0
889.023202,1.0
889.505319,1.0
889.987435,1.0
890.469552,1.0
890.951669,1.0
891.433785,1.0
891.915902,1.0
892.398018,1.0
892.880135,1.0
893.362252,1.0
893.844368,1.0
894.326485,1.0
894.808602,1.0
895.290718,1.0
895.772835,1.0
896.254952,1.0
896.737068,1.0
897.219185,1.0
897.701301,1.0
898.183418,1.0
898.665535,1.0
899.147651,1.0
899.629768,1.0
900.111885,1.0
900.594001,1.0
901.076118,1.0
901.558235,1.0
902.040351,1.0
902.522468,1.0
903.004584,1.0
903.486701,1.0
903.968818,1.0
904.450934,1.0
904.933051,1.0
905.415168,1.0
905.897284,1.0
906.379401,1.0
906.861518,1.0
907.343634,1.0
907.825751,1.0
908.307867,1.0
908.789984,1.0
909.272101,1.0
909.754217,1.0
910.236334,1.0
910.718451,1.0
911.200567,1.0
911.682684,1.0
912.164801,1.0
912.646917,1.0
913.129034,1.0
913.61115,1.0
914.093267,1.0
914.575384,1.0
915.0575,1.0
915.539617,1.0
916.021734,1.0
916.50385,1.0
916.985967,1.0
917.468084,1.0
917.9502,1.0
918.432317,1.0
918.914433,1.0
919.39655,1.0
919.878667,1.0
920.360783,1.0
920.8429,1.0
921.325017,1.0
921.807133,1.0
922.28925,1.0
922.771367,1.0
923.253483,1.0
923.7356,1.0
924.217716,1.0
924.699833,1.0
925.18195,1.0
925.664066,1.0
926.146183,1.0
926.6283,1.0
927.110416,1.0
927.592533,1.0
928.07465,1.0
928.556766,1.0
929.038883,1.0
929.520999,1.0
930.003116,1.0
930.485233,1.0
930.967349,1.0
931.449466,1.0
931.931583,1.0
932.413699,1.0
932.895816,1.0
933.377933,1.0
933.860049,1.0
934.342166,1.0
934.824282,1.0
935.306399,1.0
935.788516,1.0
936.270632,1.0
936.752749,1.0
937.234866,1.0
937.716982,1.0
938.199099,1.0
938.681216,1.0
939.163332,1.0
939.645449,1.0
940.127565,1.0
940.609682,1.0
941.091799,1.0
941.573915,1.0
942.056032,1.0
942.538149,1.0
943.020265,1.0
943.502382,1.0
943.984499,1.0
944.466615,1.0
944.948732,1.0
945.430848,1.0
945.912965,1.0
946.395082,1.0
946.877198,1.0
947.359315,1.0
947.841432,1.0
948.323548,1.0
948.805665,1.0
949.287782,1.0
949.769898,1.0
950.252015,1.0
950.734131,1.0
951.216248,1.0
951.698365,1.0
952.180481,1.0
952.662598,1.0
953.144715,1.0
953.626831,1.0
954.108948,1.0
954.591065,1.0
955.073181,1.0
955.555298,1.0
956.037414,1.0
956.519531,1.0
957.001648,1.0
957.483764,1.0
957.965881,1.0
958.447998,1.0
958.930114,1.0
959.412231,1.0
959.894348,1.0
960.376464,1.0
960.858581,1.0
961.340697,1.0
961.822814,1.0
962.304931,1.0
962.787047,1.0
963.269164,1.0
963.751281,0.9968486758783467
964.233397,0.9924635425922452
964.715514,0.9964900742410688
965.19763,0.9999562819556616
965.679747,1.0
966.161864,1.0
966.64398,0.9999473113880937
967.126097,1.0
967.608214,1.0
968.09033,0.9998782674100131
968.572447,1.0
969.054564,1.0
969.53668,0.9996603776847196
970.018797,0.9931186854246049
970.500913,0.9920304267903044
970.98303,1.0
971.465147,1.0
971.947263,1.0
972.42938,1.0
972.911497,1.0
973.393613,1.0
973.87573,1.0
974.357847,1.0
974.839963,1.0
975.32208,1.0
975.804196,1.0
976.286313,1.0
976.76843,1.0
977.250546,1.0
977.732663,1.0
978.21478,1.0
978.696896,1.0
979.179013,1.0
979.66113,1.0
980.143246,1.0
980.625363,1.0
981.107479,1.0
981.589596,1.0
982.071713,1.0
982.553829,1.0
983.035946,1.0
983.518063,1.0
984.000179,1.0
984.482296,1.0
984.964413,1.0
985.446529,1.0
985.928646,1.0
986.410762,1.0
986.892879,1.0
987.374996,1.0
987.857112,1.0
988.339229,1.0
988.821346,1.0
989.303462,1.0
989.785579,1.0
990.267696,1.0
990.749812,1.0
991.231929,1.0
991.714045,1.0
992.196162,1.0
992.678279,1.0
993.160395,1.0
993.642512,1.0
994.124629,1.0
994.606745,1.0
995.088862,1.0
995.570979,1.0
996.053095,1.0
996.535212,1.0
997.017328,1.0
997.499445,1.0
997.981562,1.0
998.463678,1.0
998.945795,1.0
999.427912,1.0
999.910028,1.0
1000.392145,1.0
1000.874262,1.0
1001.356378,1.0
1001.838495,1.0
1002.320611,1.0
1002.802728,1.0
1003.284845,1.0
1003.766961,1.0
1004.249078,1.0
1004.731195,1.0
1005.213311,1.0
1005.695428,1.0
1006.177545,1.0
1006.659661,1.0
1007.141778,1.0
1007.623894,1.0
1008.106011,1.0
1008.588128,1.0
1009.070244,0.9999371729737003
1009.552361,1.0
1010.034478,1.0
1010.516594,0.9956820492720817
1010.998711,0.9906062000144189
1011.480828,0.9951449241676804
1011.962944,0.9924670162207232
1012.445061,0.9851434636895127
1012.927177,0.986044296433176
1013.409294,0.9912159075665803
1013.891411,0.9852823787111717
1014.373527,0.9773660790870117
1014.855644,0.9806369200545744
1015.337761,0.9851227758939978
1015.819877,0.9820461262396538
1016.301994,0.9796597122643096
1016.784111,0.9843202279143686
1017.266227,0.9895984739428354
1017.748344,0.9882564995492525
1018.23046,0.9896529033556974
1018.712577,0.9972246584010696
1019.194694,0.9962058161742292
1019.67681,0.9909161101011941
1020.158927,0.9919145644029504
1020.641044,0.995158657262392
1021.12316,0.9902249890567885
1021.605277,0.9853493801909486
1022.087394,0.9855730798892072
1022.56951,0.9817594106333076
1023.051627,0.9722065471773197
1023.533743,0.9671535558631392
1024.01586,0.96884755640405
1024.497977,0.9664893495512531
1024.980093,0.9629642417621093
1025.46221,0.9673199205817034
1025.944327,0.9695162919051846
1026.426443,0.9657821382183078
1026.90856,0.9671574244850999
1027.390677,0.969717002550444
1027.872793,0.9666817000700556
1028.35491,0.9662429261874317
1028.837026,0.9671738663010712
1029.319143,0.9672338329397284
1029.80126,0.9688533695068277
1030.283376,0.9758181808850395
1030.765493,0.9848115262768448
1031.24761,0.992333935317122
1031.729726,1.0
1032.211843,1.0
1032.69396,1.0
1033.176076,1.0
1033.658193,1.0
1034.140309,1.0
1034.622426,1.0
1035.104543,0.9920133640137039
1035.586659,0.9899250953288011
1036.068776,0.9884976635559548
1036.550893,0.9870071454603879
1037.033009,0.9868344343225977
1037.515126,0.9864506303823524
1037.997243,0.9898340264092654
1038.479359,0.9936581946731344
1038.961476,0.9914475817942576
1039.443592,0.9902249890567885
1039.925709,0.9915737019477335
1040.407826,0.9922998988468694
1040.889942,0.992415806243915
1041.372059,0.9950457131644916
1041.854176,0.9971369064922709
1042.336292,0.9958224503390717
1042.818409,0.9985612360147423
1043.300526,1.0
1043.782642,1.0
1044.264759,1.0
1044.746875,1.0
1045.228992,1.0
1045.711109,1.0
1046.193225,1.0
1046.675342,1.0
1047.157459,1.0
1047.639575,1.0
1048.121692,1.0
1048.603809,1.0
1049.085925,1.0
1049.568042,1.0
1050.050158,1.0
1050.532275,1.0
1051.014392,1.0
1051.496508,1.0
1051.978625,1.0
1052.460742,1.0
1052.942858,0.9973713609380275
1053.424975,0.9991946744488247
1053.907092,0.994772212692305
1054.389208,0.9893679243584763
1054.871325,0.9869696399014705
1055.353441,0.9807036056324221
1055.835558,0.9777082170853492
1056.317675,0.973703924990105
1056.799791,0.9625011673401482
1057.281908,0.9566630876844229
1057.764025,0.9520059444881739
1058.246141,0.9415601928522322
1058.728258,0.9333117469707859
1059.210375,0.9218027642018677
1059.692491,0.910592311000236
1060.174608,0.9036438205917756
1060.656724,0.8939101609192273
1061.138841,0.8832473438441448
1061.620958,0.8710986917457983
1062.103074,0.8611901078760624
1062.585191,0.8508324974847989
1063.067308,0.837252149481234
1063.549424,0.8250015614356289
1064.031541,0.8117198586579434
1064.513658,0.7979175561218589
1064.995774,0.7854016782745372
1065.477891,0.7725797803568039
1065.960007,0.7553530674768402
1066.442124,0.7413147352033655
1066.924241,0.7307382167445166
1067.406357,0.7165122033269384
1067.888474,0.6984930850833846
1068.370591,0.6849427642844604
1068.852707,0.6748937553362909
1069.334824,0.6633981109507469
1069.816941,0.6489627239889874
1070.299057,0.6335350203544076
1070.781174,0.6203881180143032
1071.26329,0.6110784084348111
1071.745407,0.5979907460404428
1072.227524,0.5821716170857039
1072.70964,0.5685249951019548
1073.191757,0.5592212992501915
1073.673874,0.5472442772063708
1074.15599,0.5291200157406083
1074.638107,0.510185956057905
1075.120224,0.5014958233148362
1075.60234,0.48655272844096453
1076.084457,0.45830975614999453
1076.566573,0.420281732885914
1077.04869,0.4080400286312778
1077.530807,0.4081828676366666
1078.012923,0.4069235292554921
1078.49504,0.4016396441354305
1078.977157,0.38647426419084724
1079.459273,0.36769554742812355
1079.94139,0.33534346625059425
1080.423507,0.296502389961034
1080.905623,0.2936695862312104
1081.38774,0.30826360551129145
1081.869856,0.30029198329606105
1082.351973,0.28490485401891036
1082.83409,0.2667348993899091
1083.316206,0.24696713694786612
1083.798323,0.22438319426619668
1084.28044,0.19702985766050798
1084.762556,0.16712721334462624
1085.244673,0.15132884933391166
1085.72679,0.1534776999050827
1086.208906,0.15080012417001995
1086.691023,0.13444501149568017
1087.173139,0.11758427128960293
1087.655256,0.1058851778304694
1088.137373,0.09682984655930424
1088.619489,0.08785214921935186
1089.101606,0.07881121262858166
1089.583723,0.06985734813703029
1090.065839,0.06157495905113221
1090.547956,0.054133611575195556
1091.030073,0.04738734827208718
1091.512189,0.041515019564701564
1091.994306,0.03672123797066788
1092.476422,0.03273861535774223
1092.958539,0.029109229213053044
1093.440656,0.0258098261767295
1093.922772,0.023281412117274334
1094.404889,0.021143981005933603
1094.887006,0.019337675258160783
1095.369122,0.01786699719543701
1095.851239,0.016737559718918157
1096.333356,0.015895805652441822
1096.815472,0.015202429931383038
1097.297589,0.014688359054076129
1097.779705,0.014587358230165945
1098.261822,0.014738384469875706
1098.743939,0.014587358230165945
1099.226055,0.014587358230165945
1099.708172,0.015412136430991154
1100.190289,0.016737559718918157
1100.672405,0.018302822427796732
1101.154522,0.02029055037664464
1101.636639,0.02264989642298941
1102.118755,0.026077041181223816
1102.600872,0.0318282824259559
1103.082988,0.04005907657734633
1103.565105,0.04824321899680422
1104.047222,0.05000161370373939
1104.529338,0.04637475690541633
1105.011455,0.048962528397777774
1105.493572,0.05346649943484164
1105.975688,0.04395451191228018
1106.457805,0.029208369034569328
1106.939922,0.019537882611191236
1107.422038,0.014338601112481086
1107.904155,0.012241787193694658
1108.386271,0.011234116664256647
1108.868388,0.009395729513588054
1109.350505,0.008216589982201894
1109.832621,0.008681161030332096
1110.314738,0.009892286173002172
1110.796855,0.011508147686481606
1111.278971,0.013294564652875623
1111.761088,0.015306158733141081
1112.243205,0.017744139262096982
1112.725321,0.02057044380906391
1113.207438,0.02401203778513381
1113.689554,0.028220686673126005
1114.171671,0.03320349956601109
1114.653788,0.0384268056161683
1115.135904,0.044011689935428616
1115.618021,0.050620431479893285
1116.100138,0.05810520687202394
1116.582254,0.06586816728032312
1117.064371,0.0743181557331808
1117.546488,0.08404524451220352
1118.028604,0.09478918106696171
1118.510721,0.10690657037758539
1118.992837,0.12127434327956577
1119.474954,0.13683218924147036
1119.957071,0.1530485634168012
1120.439187,0.17043521928477556
1120.921304,0.188567357821551
1121.403421,0.2062636652921988
1121.885537,0.22445051932273008
1122.367654,0.24551432086170277
1122.849771,0.26957732757828773
1123.331887,0.293963402701192
1123.814004,0.316510139998866
1124.29612,0.33719293669649436
1124.778237,0.3590836174237687
1125.260354,0.38251018447178037
1125.74247,0.40636236207952814
1126.224587,0.4324450554942647
1126.706704,0.45909872725121187
1127.18882,0.48655272844096453
1127.670937,0.5152979509898667
1128.153054,0.5429326499403425
1128.63517,0.5704840887943291
1129.117287,0.5981940974618792
1129.599403,0.6250960256545703
1130.08152,0.6498524122181346
1130.563637,0.6748937553362909
1131.045753,0.697292709595893
1131.52787,0.7181405334840003
1132.009987,0.7384366224420685
1132.492103,0.7583501960219211
1132.97422,0.7761495952453973
1133.456337,0.7932712978734705
1133.938453,0.8093530938289776
1134.42057,0.8233861420034082
1134.902686,0.8370261219159686
1135.384803,0.8492514198974581
1135.86692,0.8592632009758522
1136.349036,0.870019198791984
1136.831153,0.8794047683267623
1137.31327,0.8890338212865941
1137.795386,0.8955654253644444
1138.277503,0.9019014699272648
1138.75962,0.9079363517766903
1139.241736,0.9125348522575711
1139.723853,0.9182615647726022
1140.205969,0.9239281223783904
1140.688086,0.9259944850715194
1141.170203,0.9288314391103272
1141.652319,0.9320936374279112
1142.134436,0.9368791317452276
1142.616553,0.9415922064430171
1143.098669,0.9459060762569494
1143.580786,0.944768835434719
1144.062903,0.9446715292560235
1144.545019,0.9470778331472135
1145.027136,0.9489017649579418
1145.509252,0.9500116797399705
1145.991369,0.9500439806861947
1146.473486,0.9503385399745381
1146.955602,0.9505666485960717
1147.437719,0.9510896040523671
1147.919836,0.9521040061505451
1148.401952,0.9532167133242199
1148.884069,0.9554145011963532
1149.366186,0.955020951498665
1149.848302,0.9539710060278948
1150.330419,0.954594152530021
1150.812535,0.9579133058917266
1151.294652,0.9620383156034241
1151.776769,0.9650185066030967
1152.258885,0.9651516883463369
1152.741002,0.9658149753692357
1153.223119,0.9662129731209949
1153.705235,0.9687874897176394
1154.187352,0.9703601380990108
1154.669469,0.9720325377796807
1155.151585,0.9742600686951917
1155.633702,0.9767583464102755
1156.115818,0.978741222293346
1156.597935,0.9817564653594936
1157.080052,0.9835124326525798
1157.562168,0.9852922315842232
1158.044285,0.9866676733948924
1158.526402,0.9890681912892489
1159.008518,0.9917304821431594
1159.490635,0.9952748985819212
1159.972752,0.9955486368163133
1160.454868,0.9963359291500139
1160.936985,0.9980547943694966
1161.419101,0.9987140275721087
1161.901218,0.9975801326110652
1162.383335,0.9982369559912114
1162.865451,0.998000601465513
1163.347568,0.997053649036626
1163.829685,0.9967832847500615
1164.311801,0.9976030772179773
1164.793918,0.9985189977678042
1165.276035,1.0
1165.758151,1.0
1166.240268,1.0
1166.722384,1.0
1167.204501,1.0
1167.686618,1.0
1168.168734,1.0
1168.650851,1.0
1169.132968,1.0
1169.615084,1.0
1170.097201,1.0
1170.579317,1.0
1171.061434,1.0
1171.543551,1.0
1172.025667,1.0
1172.507784,1.0
1172.989901,1.0
1173.472017,1.0
1173.954134,1.0
1174.436251,1.0
1174.918367,1.0
1175.400484,1.0
1175.8826,1.0
1176.364717,1.0
1176.846834,1.0
1177.32895,1.0
1177.811067,1.0
1178.293184,1.0
1178.7753,1.0
1179.257417,1.0
1179.739534,1.0
1180.22165,1.0
1180.703767,1.0
1181.185883,1.0
1181.668,1.0
1182.150117,1.0
1182.632233,1.0
1183.11435,1.0
1183.596467,1.0
1184.078583,1.0
1184.5607,1.0
1185.042817,1.0
1185.524933,1.0
1186.00705,1.0
1186.489166,1.0
1186.971283,1.0
1187.4534,1.0
1187.935516,1.0
1188.417633,1.0
1188.89975,1.0
1189.381866,1.0
1189.863983,1.0
1190.3461,1.0
1190.828216,1.0
1191.310333,1.0
1191.792449,1.0
1192.274566,1.0
1192.756683,1.0
1193.238799,1.0
1193.720916,1.0
1194.203033,1.0
1194.685149,1.0
1195.167266,1.0
1195.649383,1.0
1196.131499,1.0
1196.613616,1.0
1197.095732,1.0
1197.577849,1.0
1198.059966,1.0
1198.542082,0.9990422089749154
1199.024199,0.9951004421837498
1199.506316,0.9851602112707494
1199.988432,0.9744539657409782
1200.470549,0.9664390934117474
1200.952666,0.9612113183118112
1201.434782,0.9514491838790047
1201.916899,0.9398462320732757
1202.399015,0.9255167951718155
1202.881132,0.9091538019975479
1203.363249,0.8899855965843477
1203.845365,0.8678989397149366
1204.327482,0.8430575965538815
1204.809599,0.8274140865675342
1205.291715,0.81410168551618
1205.773832,0.7964666668794215
1206.255949,0.7782558132849331
1206.738065,0.7585777352098994
1207.220182,0.7347683496427935
1207.702298,0.7125608264692684
1208.184415,0.6922763869484219
1208.666532,0.6718837127071589
1209.148648,0.6491834088294406
1209.630765,0.6287635544670984
1210.112882,0.613392655991002
1210.594998,0.599223876665754
1211.077115,0.586384242711158
1211.559232,0.5763962043359397
1212.041348,0.5696973637169497
1212.523465,0.5657969560690684
1213.005581,0.5619232523885715
1213.487698,0.5590311963277745
1213.969815,0.5615356590794928
1214.451931,0.5704840887943291
1214.934048,0.5787758554129276
1215.416165,0.5898246438928862
1215.898281,0.6033547178911615
1216.380398,0.6174112163546348
1216.862515,0.6309239163615331
1217.344631,0.6525418525520933
1217.826748,0.6611199421459982
1218.308864,0.6381256955969631
1218.790981,0.5630820073963757
1219.273098,0.453608857337991
1219.755214,0.34885462180364174
1220.237331,0.269496466509781
1220.719448,0.2524606207134157
1221.201564,0.38887395928024876
1221.683681,0.6298459583812994
1222.165798,0.711777440501426
1222.647914,0.7050052707194596
1223.130031,0.6996955269933286
1223.612147,0.6811859198734002
1224.094264,0.6440750644276951
1224.576381,0.6068946873058181
1225.058497,0.566380027163885
1225.540614,0.5296652901249221
1226.022731,0.4949888707497694
1226.504847,0.4704385190568823
1226.986964,0.45267085816737895
1227.469081,0.4354305357518342
1227.951197,0.4263946300078607
1228.433314,0.4285962265976349
1228.91543,0.43125746527663394
1229.397547,0.44009265266448816
1229.879664,0.45314188074916073
1230.36178,0.47222014180453264
1230.843897,0.499428916664696
1231.326014,0.526396788428147
1231.80813,0.5592212992501915
1232.290247,0.5930776169098952
1232.772364,0.6255274907506116
1233.25448,0.664766119624466
1233.736597,0.6956212136902675
1234.218713,0.717056959582623
1234.70083,0.747373663531071
1235.182947,0.7775090462097274
1235.665063,0.7937632785764102
1236.14718,0.7997308863253775
1236.629297,0.81932045148615
1237.111413,0.8446862688784703
1237.59353,0.8365909814788911
1238.075647,0.8277285636672946
1238.557763,0.8497526260764813
1239.03988,0.8632335489529211
1239.521996,0.8477665295706299
1240.004113,0.8408012270807234
1240.48623,0.8635616400348808
1240.968346,0.8697582321792955
1241.450463,0.8390961318469555
1241.93258,0.8409441754395933
1242.414696,0.878376466421738
1242.896813,0.8836183856418826
1243.37893,0.8572034419929738
1243.861046,0.862517362365839
1244.343163,0.8864416289710567
1244.825279,0.8436985638639883
1245.307396,0.7621361993217972
1245.789513,0.7574104245575779
1246.271629,0.8111356307070107
1246.753746,0.8218560671899788
1247.235863,0.8096364169904787
1247.717979,0.8328097951858553
1248.200096,0.8463096244373587
1248.682213,0.8261078045453053
1249.164329,0.8181905690612846
1249.646446,0.84703776376941
1250.128562,0.8468599045148937
1250.610679,0.8083258678263942
1251.092796,0.8057191873285882
1251.574912,0.8408264514959001
1252.057029,0.8390709593405896
1252.539146,0.8097740668812763
1253.021262,0.8242346666448453
1253.503379,0.850279636060862
1253.985496,0.8362229624171713
1254.467612,0.8175199277951517
1254.949729,0.8356461675902032
1255.431845,0.8560555586343152
1255.913962,0.8409189474927512
1256.396079,0.8322603220671078
1256.878195,0.8542853564193296
1257.360312,0.8656107083085502
1257.842429,0.8466905494700597
1258.324545,0.848411077030114
1258.806662,0.8768406518352158
1259.288779,0.8797038167833502
1259.770895,0.8688020241347404
1260.253012,0.8809186460899393
1260.735128,0.9013785187452099
1261.217245,0.8932667772492807
1261.699362,0.8838569948167949
1262.181478,0.9026142536009878
1262.663595,0.9195241233417073
1263.145712,0.9111242522215782
1263.627828,0.9032372723527236
1264.109945,0.9133820776522479
1264.592062,0.9003515327270933
1265.074178,0.8693930104237176
1265.556295,0.868081217630788
1266.038411,0.8926506357662358
1266.520528,0.9005406264031071
1267.002645,0.898903133034022
1267.484761,0.9273956477449904
1267.966878,0.928384778618575
1268.448995,0.9286716938412872
1268.931111,0.9501750958022642
1269.413228,0.9567290997148619
1269.895345,0.9476310881365041
1270.377461,0.9662400274630012
1270.859578,0.9805319975175845
1271.341694,0.9726042609820441
1271.823811,0.9690772004866666
1272.305928,0.9791308388283662
1272.788044,0.9783341506216502
1273.270161,0.9621374106532388
1273.752278,0.9394590951813374
1274.234394,0.917504311391635
1274.716511,0.9153937302295514
1275.198628,0.9294065637538499
1275.680744,0.9311331441071105
1276.162861,0.941463217146703
1276.644977,0.9446394109700427
1277.127094,0.9334722903976038
1277.609211,0.9433734985039459
1278.091327,0.9518745767324182
1278.573444,0.9417541742313559
1279.055561,0.9490982079544368
1279.537677,0.970123399108646
1280.019794,0.9542009407463682
1280.501911,0.9287998593782559
1280.984027,0.9464264676934177
1281.466144,0.9668209122579027
1281.94826,0.9529222148621583
1282.430377,0.9552836183753672
1282.912494,0.9636269891193902
1283.39461,0.9351418967294961
1283.876727,0.923483819814859
1284.358844,0.9497827545117512
1284.84096,0.9491627488269424
1285.323077,0.939006385009376
1285.805194,0.9544958343957812
1286.28731,0.9440227627922214
1286.769427,0.9102172242412819
1287.251543,0.9247859256351081
1287.73366,0.9471100343409576
1288.215777,0.9441200021445296
1288.697893,0.947989360397011
1289.18001,0.9416242211222826
1289.662127,0.9122839396752617
1290.144243,0.9057227819031601
1290.62636,0.9328946498480418
1291.108477,0.9388458286454998
1291.590593,0.9426935713547164
1292.07271,0.9407507991755459
1292.554826,0.9124718895250046
1293.036943,0.9028038224982816
1293.51906,0.9295022975601229
1294.001176,0.9379421553010662
1294.483293,0.9349810661550846
1294.96541,0.9461340670931196
1295.447526,0.9278102862643374
1295.929643,0.9045388709509861
1296.41176,0.923134808898188
1296.893876,0.9424664095781135
1297.375993,0.9295980412274858
1297.858109,0.9422072669492241
1298.340226,0.9464595931994798
1298.822343,0.9150157506771168
1299.304459,0.920884184833863
1299.786576,0.9551517983318236
1300.268693,0.9445421181213806
1300.750809,0.9424664095781135
1301.232926,0.9614103096495946
1301.715043,0.9433093512870777
1302.197159,0.9344024919623211
1302.679276,0.9643885552197964
1303.161392,0.9600230350158009
1303.643509,0.9437311048219956
1304.125626,0.9651516883463369
1304.607742,0.9658816189017115
1305.089859,0.9492614668860705
1305.571976,0.9704038052877296
1306.054092,0.9751041433462541
1306.536209,0.9579794041901982
1307.018326,0.9779644101980578
1307.500442,0.9874444864897125
1307.982559,0.9737311890817002
1308.464675,0.9827111965680224
1308.946792,0.9944953066554002
1309.428909,0.98903456354242
1309.911025,0.9914713768217599
1310.393142,0.9957915803215989
1310.875259,0.9910659479444969
1311.357375,0.9958908656914504
1311.839492,1.0
1312.321609,1.0
1312.803725,1.0
1313.285842,1.0
1313.767958,1.0
1314.250075,1.0
1314.732192,1.0
1315.214308,1.0
1315.696425,1.0
1316.178542,1.0
1316.660658,1.0
1317.142775,1.0
1317.624892,1.0
1318.107008,0.9998122176333162
1318.589125,0.9943072653727754
1319.071241,1.0
1319.553358,1.0
1320.035475,1.0
1320.517591,1.0
1320.999708,1.0
1321.481825,1.0
1321.963941,1.0
1322.446058,1.0
1322.928175,1.0
1323.410291,1.0
1323.892408,1.0
1324.374524,1.0
1324.856641,1.0
1325.338758,1.0
1325.820874,1.0
1326.302991,1.0
1326.785108,1.0
1327.267224,1.0
1327.749341,1.0
1328.231458,1.0
1328.713574,1.0
1329.195691,1.0
1329.677807,1.0
1330.159924,1.0
1330.642041,1.0
1331.124157,1.0
1331.606274,1.0
1332.088391,1.0
1332.570507,1.0
1333.052624,1.0
1333.534741,1.0
1334.016857,1.0
1334.498974,1.0
1334.98109,1.0
1335.463207,1.0
1335.945324,1.0
1336.42744,1.0
1336.909557,1.0
1337.391674,1.0
1337.87379,1.0
1338.355907,1.0
1338.838024,1.0
1339.32014,1.0
1339.802257,1.0
1340.284373,1.0
1340.76649,1.0
1341.248607,1.0
1341.730723,1.0
1342.21284,1.0
1342.694957,1.0
1343.177073,1.0
1343.65919,1.0
1344.141307,1.0
1344.623423,1.0
1345.10554,1.0
1345.587656,1.0
1346.069773,1.0
1346.55189,1.0
1347.034006,1.0
1347.516123,1.0
1347.99824,1.0
1348.480356,1.0
1348.962473,1.0
1349.44459,1.0
1349.926706,1.0
1350.408823,1.0
1350.890939,1.0
1351.373056,1.0
1351.855173,0.995404889971929
1352.337289,0.9882219111770684
1352.819406,0.9843074318345804
1353.301523,0.9827485403030185
1353.783639,0.9780377602794164
1354.265756,0.9711377079447772
1354.747873,0.964653798541767
1355.229989,0.9574861718152783
1355.712106,0.9523325385348104
1356.194222,0.9489349771009243
1356.676339,0.944087902610152
1357.158456,0.9354636408787919
1357.640572,0.9294381641142206
1358.122689,0.9258037498539965
1358.604806,0.9175355070685458
1359.086922,0.9085603183583406
1359.569039,0.8993976657412188
1360.051156,0.8933293081122429
1360.533272,0.8900478977566243
1361.015389,0.885803620708734
1361.497505,0.8748174875838373
1361.979622,0.863881216959779
1362.461739,0.8607165835478576
1362.943855,0.8618965733757901
1363.425972,0.850568780288856
1363.908089,0.8340682878994606
1364.390205,0.822365775945023
1364.872322,0.811809152753481
1365.354439,0.8026552377551859
1365.836555,0.7948037898574325
1366.318672,0.7830568345448001
1366.800788,0.7705659762875692
1367.282905,0.7633184264200555
1367.765022,0.7596025067175632
1368.247138,0.7529172130914741
1368.729255,0.7426874368209821
1369.211372,0.7252854336655135
1369.693488,0.7071871062057774
1370.175605,0.6982556378027813
1370.657722,0.6861218795874992
1371.139838,0.664992178532975
1371.621955,0.6541098338231126
1372.104071,0.6465142753755555
1372.586188,0.6294115145703676
1373.068305,0.6041879221805815
1373.550421,0.5573064560272185
1374.032538,0.48940740368626434
1374.514655,0.46673202886549986
1374.996771,0.4936295213173503
1375.478888,0.503566248253583
1375.961004,0.4862171228555824
1376.443121,0.4632168388875243
1376.925238,0.441304573086133
1377.407354,0.4204288572376837
1377.889471,0.40205756664736886
1378.371588,0.38382828534003377
1378.853704,0.3663009557502429
1379.335821,0.3505331492313543
1379.817938,0.3364855745196729
1380.300054,0.3236799694325368
1380.782171,0.31273471616684895
1381.264287,0.303826033379026
1381.746404,0.2970068727128105
1382.228521,0.2922633498845055
1382.710637,0.2904569228256882
1383.192754,0.2913587363752474
1383.674871,0.2964134525853191
1384.156987,0.30814032472688757
1384.639104,0.32791527889958855
1385.121221,0.3555106757324521
1385.603337,0.39209543977955646
1386.085454,0.43978909347411405
1386.56757,0.5014958233148362
1387.049687,0.5687183264647587
1387.531804,0.6261721159910935
1388.01392,0.642743207991314
1388.496037,0.6304950339349585
1388.978154,0.6021130864917293
1389.46027,0.545364991118079
1389.942387,0.4735205344148161
1390.424504,0.4104340585086922
1390.90662,0.3639277209068658
1391.388737,0.3337043024968552
1391.870853,0.31587775231734566
1392.35297,0.30635828375793367
1392.835087,0.3043429769132772
1393.317203,0.30783233842097923
1393.79932,0.3161937880611987
1394.281437,0.33087983690999206
1394.763553,0.34280277403744214
1395.24567,0.3538083134270038
1395.727787,0.37149495314151737
1396.209903,0.3871395719258871
1396.69202,0.4026087629969635
1397.174136,0.4214390982994126
1397.656253,0.4432816199356064
1398.13837,0.46242079072231224
1398.620486,0.48222715500653496
1399.102603,0.5091360547580446
1399.58472,0.5292999471325633
1400.066836,0.5474303718949253
1400.548953,0.5698967926922854
1401.03107,0.5920584001864633
1401.513186,0.613601244952153
1401.995303,0.6361505689686334
1402.477419,0.6604393391762883
1402.959536,0.6825906092016025
1403.441653,0.7025842191843042
1403.923769,0.7216752741905206
1404.405886,0.7413666290510933
1404.888003,0.7657573001357271
1405.370119,0.7831429755342677
1405.852236,0.7969606293254218
1406.334353,0.8134832032882039
1406.816469,0.8308632985543656
1407.298586,0.8474444394903841
1407.780702,0.8614829622951704
1408.262819,0.8744938649873035
1408.744936,0.8877811669274367
1409.227052,0.9018744132890186
1409.709169,0.9144184404349436
1410.191286,0.9265354237895326
1410.673402,0.9372333389979806
1411.155519,0.9488040331094276
1411.637636,0.9598579252536248
1412.119752,0.9693602123469294
1412.601869,0.9770865923569003
1413.083985,0.9869834575731526
1413.566102,0.9957539401112672
1414.048219,1.0
1414.530335,1.0
1415.012452,1.0
1415.494569,1.0
1415.976685,1.0
1416.458802,1.0
1416.940919,1.0
1417.423035,1.0
1417.905152,1.0
1418.387268,1.0
1418.869385,1.0
1419.351502,1.0
1419.833618,1.0
1420.315735,1.0
1420.797852,1.0
1421.279968,1.0
1421.762085,1.0
1422.244202,1.0
1422.726318,1.0
1423.208435,1.0
1423.690551,1.0
1424.172668,1.0
1424.654785,1.0
1425.136901,1.0
1425.619018,1.0
1426.101135,1.0
1426.583251,1.0
1427.065368,1.0
1427.547485,1.0
1428.029601,1.0
1428.511718,1.0
1428.993834,1.0
1429.475951,1.0
1429.958068,1.0
1430.440184,1.0
1430.922301,1.0
1431.404418,1.0
1431.886534,1.0
1432.368651,1.0
1432.850768,1.0
1433.332884,1.0
1433.815001,1.0
1434.297117,1.0
1434.779234,1.0
1435.261351,1.0
1435.743467,1.0
1436.225584,1.0
1436.707701,1.0
1437.189817,1.0
1437.671934,1.0
1438.154051,1.0
1438.636167,1.0
1439.118284,1.0
1439.6004,1.0
1440.082517,1.0
1440.564634,1.0
1441.04675,1.0
1441.528867,1.0
1442.010984,1.0
1442.4931,1.0
1442.975217,1.0
1443.457334,1.0
1443.93945,1.0
1444.421567,1.0
1444.903683,1.0
1445.3858,1.0
1445.867917,1.0
1446.350033,1.0
1446.83215,1.0
1447.314267,1.0
1447.796383,1.0
1448.2785,1.0
1448.760617,1.0
1449.242733,1.0
1449.72485,1.0
1450.206966,1.0
1450.689083,1.0
1451.1712,1.0
1451.653316,1.0
1452.135433,1.0
1452.61755,1.0
1453.099666,1.0
1453.581783,1.0
1454.0639,1.0
1454.546016,1.0
1455.028133,1.0
1455.510249,1.0
1455.992366,1.0
1456.474483,1.0
1456.956599,1.0
1457.438716,1.0
1457.920833,1.0
1458.402949,1.0
1458.885066,1.0
1459.367183,1.0
1459.849299,1.0
1460.331416,1.0
1460.813532,1.0
1461.295649,1.0
1461.777766,1.0
1462.259882,1.0
1462.741999,1.0
1463.224116,1.0
1463.706232,1.0
1464.188349,1.0
1464.670466,1.0
1465.152582,1.0
1465.634699,1.0
1466.116815,1.0
1466.598932,1.0
1467.081049,1.0
1467.563165,1.0
1468.045282,1.0
1468.527399,1.0
1469.009515,1.0
1469.491632,1.0
1469.973749,1.0
1470.455865,1.0
1470.937982,1.0
1471.420098,1.0
1471.902215,1.0
1472.384332,1.0
1472.866448,1.0
1473.348565,1.0
1473.830682,1.0
1474.312798,1.0
1474.794915,1.0
1475.277032,1.0
1475.759148,1.0
1476.241265,1.0
1476.723381,1.0
1477.205498,1.0
1477.687615,1.0
1478.169731,1.0
1478.651848,1.0
1479.133965,1.0
1479.616081,1.0
1480.098198,1.0
1480.580315,1.0
1481.062431,1.0
1481.544548,1.0
1482.026664,1.0
1482.508781,1.0
1482.990898,1.0
1483.473014,1.0
1483.955131,1.0
1484.437248,1.0
1484.919364,1.0
1485.401481,1.0
1485.883598,1.0
1486.365714,1.0
1486.847831,1.0
1487.329947,1.0
1487.812064,1.0
1488.294181,1.0
1488.776297,1.0
1489.258414,1.0
1489.740531,1.0
1490.222647,1.0
1490.704764,1.0
1491.186881,1.0
1491.668997,1.0
1492.151114,1.0
1492.63323,1.0
1493.115347,1.0
1493.597464,1.0
1494.07958,1.0
1494.561697,1.0
1495.043814,1.0
1495.52593,1.0
1496.008047,1.0
1496.490164,1.0
1496.97228,1.0
1497.454397,1.0
1497.936513,1.0
1498.41863,1.0
1498.900747,1.0
1499.382863,1.0
1499.86498,1.0
1500.347097,1.0
1500.829213,1.0
1501.31133,1.0
1501.793447,1.0
1502.275563,1.0
1502.75768,1.0
1503.239796,1.0
1503.721913,1.0
1504.20403,1.0
1504.686146,1.0
1505.168263,1.0
1505.65038,1.0
1506.132496,1.0
1506.614613,1.0
1507.09673,1.0
1507.578846,1.0
1508.060963,1.0
1508.543079,1.0
1509.025196,1.0
1509.507313,1.0
1509.989429,1.0
1510.471546,1.0
1510.953663,1.0
1511.435779,1.0
1511.917896,1.0
1512.400013,1.0
1512.882129,1.0
1513.364246,1.0
1513.846362,1.0
1514.328479,1.0
1514.810596,1.0
1515.292712,1.0
1515.774829,1.0
1516.256946,1.0
1516.739062,1.0
1517.221179,1.0
1517.703296,1.0
1518.185412,1.0
1518.667529,1.0
1519.149645,1.0
1519.631762,1.0
1520.113879,1.0
1520.595995,1.0
1521.078112,1.0
1521.560229,1.0
1522.042345,1.0
1522.524462,1.0
1523.006579,1.0
1523.488695,1.0
1523.970812,1.0
1524.452928,1.0
1524.935045,1.0
1525.417162,1.0
1525.899278,1.0
1526.381395,1.0
1526.863512,1.0
1527.345628,1.0
1527.827745,1.0
1528.309862,1.0
1528.791978,1.0
1529.274095,1.0
1529.756211,1.0
1530.238328,1.0
1530.720445,1.0
1531.202561,1.0
1531.684678,1.0
1532.166795,1.0
1532.648911,1.0
1533.131028,1.0
1533.613145,1.0
1534.095261,1.0
1534.577378,1.0
1535.059494,1.0
1535.541611,1.0
1536.023728,1.0
1536.505844,1.0
1536.987961,1.0
1537.470078,1.0
1537.952194,1.0
1538.434311,1.0
1538.916428,1.0
1539.398544,1.0
1539.880661,1.0
1540.362777,1.0
1540.844894,1.0
1541.327011,1.0
1541.809127,1.0
1542.291244,1.0
1542.773361,1.0
1543.255477,1.0
1543.737594,1.0
1544.219711,1.0
1544.701827,1.0
1545.183944,1.0
1545.66606,1.0
1546.148177,1.0
1546.630294,1.0
1547.11241,1.0
1547.594527,1.0
1548.076644,1.0
1548.55876,1.0
1549.040877,1.0
1549.522994,1.0
1550.00511,1.0
1550.487227,1.0
1550.969343,1.0
1551.45146,1.0
1551.933577,1.0
1552.415693,1.0
1552.89781,1.0
1553.379927,1.0
1553.862043,1.0
1554.34416,1.0
1554.826277,1.0
1555.308393,1.0
1555.79051,1.0
1556.272626,1.0
1556.754743,1.0
1557.23686,1.0
1557.718976,1.0
1558.201093,1.0
1558.68321,1.0
1559.165326,1.0
1559.647443,1.0
1560.12956,1.0
1560.611676,1.0
1561.093793,1.0
1561.575909,1.0
1562.058026,1.0
1562.540143,1.0
1563.022259,1.0
1563.504376,1.0
1563.986493,1.0
1564.468609,1.0
1564.950726,1.0
1565.432843,1.0
1565.914959,1.0
1566.397076,1.0
1566.879192,1.0
1567.361309,1.0
1567.843426,1.0
1568.325542,1.0
1568.807659,1.0
1569.289776,1.0
1569.771892,1.0
1570.254009,1.0
1570.736126,1.0
1571.218242,1.0
1571.700359,1.0
1572.182475,1.0
1572.664592,1.0
1573.146709,1.0
1573.628825,1.0
1574.110942,1.0
1574.593059,1.0
1575.075175,1.0
1575.557292,1.0
1576.039409,1.0
1576.521525,1.0
1577.003642,1.0
1577.485758,1.0
1577.967875,1.0
1578.449992,1.0
1578.932108,1.0
1579.414225,1.0
1579.896342,1.0
1580.378458,1.0
1580.860575,1.0
1581.342691,1.0
1581.824808,1.0
1582.306925,1.0
1582.789041,1.0
1583.271158,1.0
1583.753275,1.0
1584.235391,1.0
1584.717508,1.0
1585.199625,1.0
1585.681741,1.0
1586.163858,1.0
1586.645974,1.0
1587.128091,1.0
1587.610208,1.0
1588.092324,1.0
1588.574441,1.0
1589.056558,1.0
1589.538674,1.0
1590.020791,1.0
1590.502908,1.0
1590.985024,1.0
1591.467141,1.0
1591.949257,1.0
1592.431374,1.0
1592.913491,1.0
1593.395607,1.0
1593.877724,1.0
1594.359841,1.0
1594.841957,1.0
1595.324074,1.0
1595.806191,1.0
1596.288307,1.0
1596.770424,1.0
1597.25254,1.0
1597.734657,1.0
1598.216774,1.0
1598.69889,1.0
1599.181007,1.0
1599.663124,1.0
1600.14524,1.0
1600.627357,1.0
1601.109474,1.0
1601.59159,1.0
1602.073707,1.0
1602.555823,1.0
1603.03794,1.0
1603.520057,1.0
1604.002173,1.0
1604.48429,1.0
1604.966407,1.0
1605.448523,1.0
1605.93064,1.0
1606.412757,1.0
1606.894873,1.0
1607.37699,1.0
1607.859106,1.0
1608.341223,1.0
1608.82334,1.0
1609.305456,1.0
1609.787573,1.0
1610.26969,1.0
1610.751806,1.0
1611.233923,1.0
1611.71604,1.0
1612.198156,1.0
1612.680273,1.0
1613.162389,1.0
1613.644506,1.0
1614.126623,1.0
1614.608739,1.0
1615.090856,1.0
1615.572973,1.0
1616.055089,1.0
1616.537206,1.0
1617.019323,1.0
1617.501439,1.0
1617.983556,1.0
1618.465672,1.0
1618.947789,1.0
1619.429906,1.0
1619.912022,1.0
1620.394139,1.0
1620.876256,1.0
1621.358372,1.0
1621.840489,1.0
1622.322606,1.0
1622.804722,1.0
1623.286839,1.0
1623.768955,1.0
1624.251072,1.0
1624.733189,1.0
1625.215305,1.0
1625.697422,1.0
1626.179539,1.0
1626.661655,1.0
1627.143772,1.0
1627.625889,1.0
1628.108005,1.0
1628.590122,1.0
1629.072238,1.0
1629.554355,1.0
1630.036472,1.0
1630.518588,1.0
1631.000705,1.0
1631.482822,1.0
1631.964938,1.0
1632.447055,1.0
1632.929172,1.0
1633.411288,1.0
1633.893405,1.0
1634.375521,1.0
1634.857638,1.0
1635.339755,1.0
1635.821871,1.0
1636.303988,1.0
1636.786105,1.0
1637.268221,1.0
1637.750338,1.0
1638.232455,1.0
1638.714571,1.0
1639.196688,1.0
1639.678804,1.0
1640.160921,1.0
1640.643038,1.0
1641.125154,1.0
1641.607271,1.0
1642.089388,1.0
1642.571504,1.0
1643.053621,1.0
1643.535738,1.0
1644.017854,1.0
1644.499971,1.0
1644.982087,1.0
1645.464204,1.0
1645.946321,1.0
1646.428437,1.0
1646.910554,1.0
1647.392671,1.0
1647.874787,1.0
1648.356904,1.0
1648.839021,1.0
1649.321137,1.0
1649.803254,1.0
1650.28537,1.0
1650.767487,1.0
1651.249604,1.0
1651.73172,1.0
1652.213837,1.0
1652.695954,1.0
1653.17807,1.0
1653.660187,1.0
1654.142304,1.0
1654.62442,1.0
1655.106537,1.0
1655.588653,1.0
1656.07077,1.0
1656.552887,1.0
1657.035003,1.0
1657.51712,1.0
1657.999237,1.0
1658.481353,1.0
1658.96347,1.0
1659.445587,1.0
1659.927703,1.0
1660.40982,1.0
1660.891936,1.0
1661.374053,1.0
1661.85617,1.0
1662.338286,1.0
1662.820403,1.0
1663.30252,1.0
1663.784636,1.0
1664.266753,1.0
1664.74887,1.0
1665.230986,1.0
1665.713103,1.0
1666.195219,1.0
1666.677336,1.0
1667.159453,1.0
1667.641569,1.0
1668.123686,1.0
1668.605803,1.0
1669.087919,1.0
1669.570036,1.0
1670.052153,1.0
1670.534269,1.0
1671.016386,1.0
1671.498502,1.0
1671.980619,1.0
1672.462736,1.0
1672.944852,1.0
1673.426969,1.0
1673.909086,1.0
1674.391202,1.0
1674.873319,1.0
1675.355436,1.0
1675.837552,1.0
1676.319669,1.0
1676.801785,1.0
1677.283902,1.0
1677.766019,1.0
1678.248135,1.0
1678.730252,1.0
1679.212369,1.0
1679.694485,1.0
1680.176602,1.0
1680.658719,1.0
1681.140835,1.0
1681.622952,1.0
1682.105068,1.0
1682.587185,1.0
1683.069302,1.0
1683.551418,1.0
1684.033535,1.0
1684.515652,1.0
1684.997768,1.0
1685.479885,1.0
1685.962002,1.0
1686.444118,1.0
1686.926235,1.0
1687.408351,1.0
1687.890468,1.0
1688.372585,1.0
1688.854701,1.0
1689.336818,1.0
1689.818935,1.0
1690.301051,1.0
1690.783168,1.0
1691.265285,1.0
1691.747401,1.0
1692.229518,1.0
1692.711634,1.0
1693.193751,1.0
1693.675868,1.0
1694.157984,1.0
1694.640101,1.0
1695.122218,1.0
1695.604334,1.0
1696.086451,1.0
1696.568568,1.0
1697.050684,1.0
1697.532801,1.0
1698.014917,1.0
1698.497034,1.0
1698.979151,1.0
1699.461267,1.0
1699.943384,1.0
1700.425501,1.0
1700.907617,1.0
1701.389734,1.0
1701.871851,1.0
1702.353967,1.0
1702.836084,1.0
1703.3182,1.0
1703.800317,1.0
1704.282434,1.0
1704.76455,1.0
1705.246667,1.0
1705.728784,1.0
1706.2109,1.0
1706.693017,1.0
1707.175134,1.0
1707.65725,1.0
1708.139367,1.0
1708.621483,1.0
1709.1036,1.0
1709.585717,1.0
1710.067833,1.0
1710.54995,1.0
1711.032067,1.0
1711.514183,1.0
1711.9963,1.0
1712.478417,1.0
1712.960533,1.0
1713.44265,1.0
1713.924766,1.0
1714.406883,1.0
1714.889,1.0
1715.371116,1.0
1715.853233,1.0
1716.33535,1.0
1716.817466,1.0
1717.299583,1.0
1717.7817,1.0
1718.263816,1.0
1718.745933,1.0
1719.228049,1.0
1719.710166,1.0
1720.192283,1.0
1720.674399,1.0
1721.156516,1.0
1721.638633,1.0
1722.120749,1.0
1722.602866,1.0
1723.084983,1.0
1723.567099,1.0
1724.049216,1.0
1724.531332,1.0
1725.013449,1.0
1725.495566,1.0
1725.977682,1.0
1726.459799,1.0
1726.941916,1.0
1727.424032,1.0
1727.906149,1.0
1728.388266,1.0
1728.870382,1.0
1729.352499,1.0
1729.834615,1.0
1730.316732,1.0
1730.798849,1.0
1731.280965,1.0
1731.763082,1.0
1732.245199,1.0
1732.727315,1.0
1733.209432,1.0
1733.691549,1.0
1734.173665,1.0
1734.655782,1.0
1735.137898,1.0
1735.620015,1.0
1736.102132,1.0
1736.584248,1.0
1737.066365,1.0
1737.548482,1.0
1738.030598,1.0
1738.512715,1.0
1738.994832,1.0
1739.476948,1.0
1739.959065,1.0
1740.441181,1.0
1740.923298,1.0
1741.405415,1.0
1741.887531,1.0
1742.369648,1.0
1742.851765,1.0
1743.333881,1.0
1743.815998,1.0
1744.298115,1.0
1744.780231,1.0
1745.262348,1.0
1745.744464,1.0
1746.226581,1.0
1746.708698,1.0
1747.190814,1.0
1747.672931,1.0
1748.155048,1.0
1748.637164,1.0
1749.119281,1.0
1749.601398,1.0
1750.083514,1.0
1750.565631,1.0
1751.047747,1.0
1751.529864,1.0
1752.011981,1.0
1752.494097,1.0
1752.976214,1.0
1753.458331,1.0
1753.940447,1.0
1754.422564,1.0
1754.904681,1.0
1755.386797,1.0
1755.868914,1.0
1756.35103,1.0
1756.833147,1.0
1757.315264,1.0
1757.79738,1.0
1758.279497,1.0
1758.761614,1.0
1759.24373,1.0
1759.725847,1.0
1760.207964,1.0
1760.69008,1.0
1761.172197,1.0
1761.654313,1.0
1762.13643,1.0
1762.618547,1.0
1763.100663,1.0
1763.58278,1.0
1764.064897,1.0
1764.547013,1.0
1765.02913,1.0
1765.511247,0.9977653006667419
1765.993363,0.9792121100606984
1766.47548,0.9720860010394847
1766.957596,0.9738782335928328
1767.439713,0.965417141558776
1767.92183,0.9492937423246239
1768.403946,0.9377489591169643
1768.886063,0.9290227980960828
1769.36818,0.9265354237895326
1769.850296,0.9138215201090369
1770.332413,0.9004145595402969
1770.81453,0.8926774156870055
1771.296646,0.8937224594947736
1771.778763,0.8889182544018371
1772.260879,0.8768055789106055
1772.742996,0.8701410100064009
1773.225113,0.862344876142563
1773.707229,0.8697582321792955
1774.189346,0.8715169194844636
1774.671463,0.8676386090845691
1775.153579,0.8654289491451855
1775.635696,0.8689149757395732
1776.117813,0.8833710071285109
1776.599929,0.8993347101080899
1777.082046,0.9136963351361485
1777.564162,0.9209164163443804
1778.046279,0.9482178533651634
1778.528396,0.9724097595806362
1779.010512,0.9802359215640534
1779.492629,0.9804712064182819
1779.974746,0.9909808190359074
1780.456862,1.0
1780.938979,1.0
1781.421096,0.9851740036102533
1781.903212,0.9392646472746876
1782.385329,0.8781920267306348
1782.867445,0.8258187174069147
1783.349562,0.7796189533578608
1783.831679,0.7140801985865163
1784.313795,0.9347239817126229
1784.795912,1.0
1785.278029,1.0
1785.760145,1.0
1786.242262,1.0
1786.724378,1.0
1787.206495,0.9893946376530619
1787.688612,0.9558091688786138
1788.170728,0.9297254048833452
1788.652845,0.9128168690962764
1789.134962,0.8998564755373002
1789.617078,0.8755088664577262
1790.099195,0.8567321097281321
1790.581312,0.845878116572754
1791.063428,0.8406246773614057
1791.545545,0.8289213514000294
1792.027661,0.8174054830165818
1792.509778,0.8074694963635584
1792.991895,0.8036190021834974
1793.474011,0.8021818108395837
1793.956128,0.8027033985142595
1794.438245,0.8041736906405144
1794.920361,0.8136215071882613
1795.402478,0.823098007280225
1795.884595,0.8325516641617237
1796.366711,0.83829098609218
1796.848828,0.8475630900172558
1797.330944,0.8621982899737962
1797.813061,0.8757277710362728
1798.295178,0.8851926270275061
1798.777294,0.8997664943888788
1799.259411,0.9144815374841567
1799.741528,0.9265993569394424
1800.223644,0.9289912118579166
1800.705761,0.9400078995281949
1801.187878,0.9542992285049977
1801.669994,0.963791783424041
1802.152111,0.9724369874350927
1802.634227,0.9791376927682267
1803.116344,0.9856785418508696
1803.598461,0.9955143905322463
1804.080577,0.9968576475568021
1804.562694,0.9989038012652773
1805.044811,1.0
1805.526927,1.0
1806.009044,1.0
1806.491161,1.0
1806.973277,1.0
1807.455394,1.0
1807.93751,1.0
1808.419627,1.0
1808.901744,1.0
1809.38386,1.0
1809.865977,1.0
1810.348094,1.0
1810.83021,1.0
1811.312327,1.0
1811.794444,1.0
1812.27656,1.0
1812.758677,1.0
1813.240793,1.0
1813.72291,0.9976336043392027
1814.205027,0.9919860840212952
1814.687143,0.991498642659526
1815.16926,0.9916929954394376
1815.651377,0.9882051115473756
1816.133493,0.9842936516269963
1816.61561,0.9792424661066266
1817.097727,0.9756240123874497
1817.579843,0.9739658865781813
1818.06196,0.9717652655834027
1818.544076,0.9674166574105223
1819.026193,0.9655494127675405
1819.50831,0.9666788000293055
1819.990426,0.9669843187995382
1820.472543,0.9673460385721503
1820.95466,0.9694804204660098
1821.436776,0.971063904283548
1821.918893,0.9706939994073696
1822.40101,0.9731821595319449
1822.883126,0.9767886263883515
1823.365243,0.9762984015546327
1823.847359,0.9804614017552411
1824.329476,0.9894836871776191
1824.811593,1.0
1825.293709,1.0
1825.775826,1.0
1826.257943,1.0
1826.740059,1.0
1827.222176,1.0
1827.704293,1.0
1828.186409,1.0
1828.668526,1.0
1829.150642,1.0
1829.632759,0.9904836696061391
1830.114876,0.9771237223528753
1830.596992,0.9592313426299258
1831.079109,0.9450617591745376
1831.561226,0.9367180023920891
1832.043342,0.9336001848619591
1832.525459,0.9345632230134128
1833.007576,0.9356245544631946
1833.489692,0.9390711786852979
1833.971809,0.9433093512870777
1834.453925,0.9483809608627849
1834.936042,0.954233384129888
1835.418159,0.9601881731792985
1835.900275,0.9648525376936964
1836.382392,0.9715952215412132
1836.864509,0.9814256691729556
1837.346625,0.9874316497948269
1837.828742,0.9903474874643051
1838.310859,0.9977865532939857
1838.792975,1.0
1839.275092,1.0
1839.757208,1.0
1840.239325,1.0
1840.721442,1.0
1841.203558,1.0
1841.685675,1.0
1842.167792,1.0
1842.649908,1.0
1843.132025,1.0
1843.614142,1.0
1844.096258,1.0
1844.578375,1.0
1845.060491,1.0
1845.542608,1.0
1846.024725,1.0
1846.506841,1.0
1846.988958,1.0
1847.471075,1.0
1847.953191,1.0
1848.435308,1.0
1848.917425,1.0
1849.399541,1.0
1849.881658,1.0
1850.363774,1.0
1850.845891,1.0
1851.328008,1.0
1851.810124,1.0
1852.292241,1.0
1852.774358,1.0
1853.256474,1.0
1853.738591,1.0
1854.220708,1.0
1854.702824,1.0
1855.184941,1.0
1855.667057,1.0
1856.149174,1.0
1856.631291,1.0
1857.113407,1.0
1857.595524,1.0
1858.077641,1.0
1858.559757,1.0
1859.041874,1.0
1859.523991,1.0
1860.006107,1.0
1860.488224,1.0
1860.97034,1.0
1861.452457,1.0
1861.934574,1.0
1862.41669,1.0
1862.898807,1.0
1863.380924,1.0
1863.86304,1.0
1864.345157,1.0
1864.827274,1.0
1865.30939,1.0
1865.791507,1.0
1866.273623,1.0
1866.75574,1.0
1867.237857,1.0
1867.719973,1.0
1868.20209,1.0
1868.684207,1.0
1869.166323,1.0
1869.64844,1.0
1870.130557,1.0
1870.612673,1.0
1871.09479,1.0
1871.576906,1.0
1872.059023,1.0
1872.54114,1.0
1873.023256,1.0
1873.505373,1.0
1873.98749,1.0
1874.469606,1.0
1874.951723,1.0
1875.43384,1.0
1875.915956,1.0
1876.398073,1.0
1876.880189,1.0
1877.362306,1.0
1877.844423,1.0
1878.326539,1.0
1878.808656,1.0
1879.290773,1.0
1879.772889,1.0
1880.255006,1.0
1880.737123,1.0
1881.219239,1.0
1881.701356,1.0
1882.183472,1.0
1882.665589,1.0
1883.147706,1.0
1883.629822,1.0
1884.111939,1.0
1884.594056,1.0
1885.076172,1.0
1885.558289,1.0
1886.040406,1.0
1886.522522,1.0
1887.004639,1.0
1887.486755,1.0
1887.968872,1.0
1888.450989,1.0
1888.933105,1.0
1889.415222,1.0
1889.897339,1.0
1890.379455,1.0
1890.861572,1.0
1891.343689,1.0
1891.825805,1.0
1892.307922,1.0
1892.790038,1.0
1893.272155,1.0
1893.754272,1.0
1894.236388,1.0
1894.718505,1.0
1895.200622,1.0
1895.682738,1.0
1896.164855,1.0
1896.646972,1.0
1897.129088,1.0
1897.611205,1.0
1898.093321,1.0
1898.575438,1.0
1899.057555,1.0
1899.539671,1.0
1900.021788,1.0
1900.503905,1.0
1900.986021,1.0
1901.468138,1.0
1901.950255,1.0
1902.432371,1.0
1902.914488,1.0
1903.396604,1.0
1903.878721,1.0
1904.360838,1.0
1904.842954,1.0
1905.325071,1.0
1905.807188,1.0
1906.289304,1.0
1906.771421,1.0
1907.253538,1.0
1907.735654,1.0
1908.217771,1.0
1908.699887,1.0
1909.182004,1.0
1909.664121,1.0
1910.146237,1.0
1910.628354,1.0
1911.110471,1.0
1911.592587,1.0
1912.074704,1.0
1912.556821,1.0
1913.038937,1.0
1913.521054,1.0
1914.00317,1.0
1914.485287,1.0
1914.967404,1.0
1915.44952,1.0
1915.931637,1.0
1916.413754,1.0
1916.89587,1.0
1917.377987,1.0
1917.860104,1.0
1918.34222,1.0
1918.824337,1.0
1919.306453,1.0
1919.78857,1.0
1920.270687,1.0
1920.752803,1.0
1921.23492,1.0
1921.717037,1.0
1922.199153,1.0
1922.68127,1.0
1923.163387,1.0
1923.645503,1.0
1924.12762,1.0
1924.609736,1.0
1925.091853,1.0
1925.57397,1.0
1926.056086,1.0
1926.538203,1.0
1927.02032,1.0
1927.502436,1.0
1927.984553,1.0
1928.46667,1.0
1928.948786,1.0
1929.430903,1.0
1929.913019,1.0
1930.395136,1.0
1930.877253,1.0
1931.359369,1.0
1931.841486,1.0
1932.323603,1.0
1932.805719,1.0
1933.287836,1.0
1933.769953,1.0
1934.252069,1.0
1934.734186,1.0
1935.216302,1.0
1935.698419,1.0
1936.180536,1.0
1936.662652,1.0
1937.144769,1.0
1937.626886,1.0
1938.109002,1.0
1938.591119,1.0
1939.073236,1.0
1939.555352,1.0
1940.037469,1.0
1940.519585,1.0
1941.001702,1.0
1941.483819,1.0
1941.965935,1.0
1942.448052,1.0
1942.930169,1.0
1943.412285,1.0
1943.894402,1.0
1944.376519,1.0
1944.858635,1.0
1945.340752,1.0
1945.822868,1.0
1946.304985,1.0
1946.787102,1.0
1947.269218,1.0
1947.751335,1.0
1948.233452,1.0
1948.715568,1.0
1949.197685,1.0
1949.679802,1.0
1950.161918,1.0
1950.644035,1.0
1951.126151,1.0
1951.608268,1.0
1952.090385,1.0
1952.572501,1.0
1953.054618,1.0
1953.536735,1.0
1954.018851,1.0
1954.500968,1.0
1954.983085,1.0
1955.465201,1.0
1955.947318,1.0
1956.429434,1.0
1956.911551,1.0
1957.393668,1.0
1957.875784,1.0
1958.357901,1.0
1958.840018,1.0
1959.322134,1.0
1959.804251,1.0
1960.286368,1.0
1960.768484,1.0
1961.250601,1.0
1961.732717,1.0
1962.214834,1.0
1962.696951,1.0
1963.179067,1.0
1963.661184,1.0
1964.143301,1.0
1964.625417,1.0
1965.107534,1.0
1965.589651,1.0
1966.071767,1.0
1966.553884,1.0
1967.036,1.0
1967.518117,1.0
1968.000234,1.0
1968.48235,1.0
1968.964467,1.0
1969.446584,1.0
1969.9287,1.0
1970.410817,1.0
1970.892934,1.0
1971.37505,1.0
1971.857167,1.0
1972.339283,1.0
1972.8214,1.0
1973.303517,1.0
1973.785633,1.0
1974.26775,1.0
1974.749867,1.0
1975.231983,1.0
1975.7141,1.0
1976.196217,1.0
1976.678333,1.0
1977.16045,1.0
1977.642566,1.0
1978.124683,1.0
1978.6068,1.0
1979.088916,1.0
1979.571033,1.0
1980.05315,1.0
1980.535266,1.0
1981.017383,1.0
1981.4995,1.0
1981.981616,1.0
1982.463733,1.0
1982.945849,1.0
1983.427966,1.0
1983.910083,1.0
1984.392199,1.0
1984.874316,1.0
1985.356433,1.0
1985.838549,1.0
1986.320666,1.0
1986.802783,1.0
1987.284899,1.0
1987.767016,1.0
1988.249132,1.0
1988.731249,1.0
1989.213366,1.0
1989.695482,1.0
1990.177599,1.0
1990.659716,1.0
1991.141832,1.0
1991.623949,1.0
1992.106065,1.0
1992.588182,1.0
1993.070299,1.0
1993.552415,1.0
1994.034532,1.0
1994.516649,1.0
1994.998765,1.0
1995.480882,1.0
1995.962999,1.0
1996.445115,1.0
1996.927232,1.0
1997.409348,1.0
1997.891465,1.0
1998.373582,1.0
1998.855698,1.0
1999.337815,1.0
1999.819932,1.0
2000.302048,1.0
2000.784165,1.0
2001.266282,1.0
2001.748398,1.0
2002.230515,1.0
2002.712631,1.0
2003.194748,1.0
2003.676865,1.0
2004.158981,1.0
2004.641098,1.0
2005.123215,1.0
2005.605331,1.0
2006.087448,1.0
2006.569565,1.0
2007.051681,1.0
2007.533798,1.0
2008.015914,1.0
2008.498031,1.0
2008.980148,1.0
2009.462264,1.0
2009.944381,1.0
2010.426498,1.0
2010.908614,1.0
2011.390731,1.0
2011.872848,1.0
2012.354964,1.0
2012.837081,1.0
2013.319197,1.0
2013.801314,1.0
2014.283431,1.0
2014.765547,1.0
2015.247664,1.0
2015.729781,1.0
2016.211897,1.0
2016.694014,1.0
2017.176131,1.0
2017.658247,1.0
2018.140364,1.0
2018.62248,1.0
2019.104597,1.0
2019.586714,1.0
2020.06883,1.0
2020.550947,1.0
2021.033064,1.0
2021.51518,1.0
2021.997297,1.0
2022.479414,1.0
2022.96153,1.0
2023.443647,1.0
2023.925763,1.0
2024.40788,1.0
2024.889997,1.0
2025.372113,1.0
2025.85423,1.0
2026.336347,1.0
2026.818463,1.0
2027.30058,1.0
2027.782697,1.0
2028.264813,1.0
2028.74693,1.0
2029.229046,1.0
2029.711163,1.0
2030.19328,1.0
2030.675396,1.0
2031.157513,1.0
2031.63963,1.0
2032.121746,1.0
2032.603863,1.0
2033.08598,1.0
2033.568096,1.0
2034.050213,1.0
2034.532329,1.0
2035.014446,1.0
2035.496563,1.0
2035.978679,1.0
2036.460796,1.0
2036.942913,1.0
2037.425029,1.0
2037.907146,1.0
2038.389263,1.0
2038.871379,1.0
2039.353496,1.0
2039.835612,1.0
2040.317729,1.0
2040.799846,1.0
2041.281962,1.0
2041.764079,1.0
2042.246196,1.0
2042.728312,1.0
2043.210429,1.0
2043.692546,1.0
2044.174662,1.0
2044.656779,1.0
2045.138895,1.0
2045.621012,1.0
2046.103129,1.0
2046.585245,1.0
2047.067362,1.0
2047.549479,1.0
2048.031595,1.0
2048.513712,1.0
2048.995829,1.0
2049.477945,1.0
2049.960062,1.0
2050.442178,1.0
2050.924295,1.0
2051.406412,1.0
2051.888528,1.0
2052.370645,1.0
2052.852762,1.0
2053.334878,1.0
2053.816995,1.0
2054.299112,1.0
2054.781228,1.0
2055.263345,1.0
2055.745461,1.0
2056.227578,1.0
2056.709695,1.0
2057.191811,1.0
2057.673928,1.0
2058.156045,1.0
2058.638161,1.0
2059.120278,1.0
2059.602395,1.0
2060.084511,1.0
2060.566628,1.0
2061.048744,1.0
2061.530861,1.0
2062.012978,1.0
2062.495094,1.0
2062.977211,1.0
2063.459328,1.0
2063.941444,1.0
2064.423561,1.0
2064.905678,1.0
2065.387794,1.0
2065.869911,1.0
2066.352027,1.0
2066.834144,1.0
2067.316261,1.0
2067.798377,1.0
2068.280494,1.0
2068.762611,1.0
2069.244727,1.0
2069.726844,1.0
2070.208961,1.0
2070.691077,1.0
2071.173194,1.0
2071.65531,1.0
2072.137427,1.0
2072.619544,1.0
2073.10166,1.0
2073.583777,1.0
2074.065894,1.0
2074.54801,1.0
2075.030127,1.0
2075.512244,1.0
2075.99436,1.0
2076.476477,1.0
2076.958593,1.0
2077.44071,1.0
2077.922827,1.0
2078.404943,1.0
2078.88706,1.0
2079.369177,1.0
2079.851293,1.0
2080.33341,1.0
2080.815527,1.0
2081.297643,1.0
2081.77976,1.0
2082.261876,1.0
2082.743993,1.0
2083.22611,1.0
2083.708226,1.0
2084.190343,1.0
2084.67246,1.0
2085.154576,1.0
2085.636693,1.0
2086.11881,1.0
2086.600926,1.0
2087.083043,1.0
2087.565159,1.0
2088.047276,1.0
2088.529393,1.0
2089.011509,1.0
2089.493626,1.0
2089.975743,1.0
2090.457859,1.0
2090.939976,1.0
2091.422093,1.0
2091.904209,1.0
2092.386326,1.0
2092.868442,1.0
2093.350559,1.0
2093.832676,1.0
2094.314792,1.0
2094.796909,1.0
2095.279026,1.0
2095.761142,1.0
2096.243259,1.0
2096.725376,1.0
2097.207492,1.0
2097.689609,1.0
2098.171725,1.0
2098.653842,1.0
2099.135959,1.0
2099.618075,1.0
2100.100192,1.0
2100.582309,1.0
2101.064425,1.0
2101.546542,1.0
2102.028659,1.0
2102.510775,1.0
2102.992892,1.0
2103.475008,1.0
2103.957125,1.0
2104.439242,1.0
2104.921358,1.0
2105.403475,1.0
2105.885592,1.0
2106.367708,1.0
2106.849825,1.0
2107.331942,1.0
2107.814058,1.0
2108.296175,1.0
2108.778291,1.0
2109.260408,1.0
2109.742525,1.0
2110.224641,1.0
2110.706758,1.0
2111.188875,1.0
2111.670991,1.0
2112.153108,1.0
2112.635225,1.0
2113.117341,1.0
2113.599458,1.0
2114.081574,1.0
2114.563691,1.0
2115.045808,1.0
2115.527924,1.0
2116.010041,1.0
2116.492158,1.0
2116.974274,1.0
2117.456391,1.0
2117.938508,1.0
2118.420624,1.0
2118.902741,1.0
2119.384857,1.0
2119.866974,1.0
2120.349091,1.0
2120.831207,1.0
2121.313324,1.0
2121.795441,1.0
2122.277557,1.0
2122.759674,1.0
2123.241791,1.0
2123.723907,1.0
2124.206024,1.0
2124.68814,1.0
2125.170257,1.0
2125.652374,1.0
2126.13449,1.0
2126.616607,1.0
2127.098724,1.0
2127.58084,1.0
2128.062957,1.0
2128.545074,1.0
2129.02719,1.0
2129.509307,1.0
2129.991423,1.0
2130.47354,1.0
2130.955657,1.0
2131.437773,1.0
2131.91989,1.0
2132.402007,1.0
2132.884123,1.0
2133.36624,1.0
2133.848357,1.0
2134.330473,1.0
2134.81259,1.0
2135.294706,1.0
2135.776823,1.0
2136.25894,1.0
2136.741056,1.0
2137.223173,1.0
2137.70529,1.0
2138.187406,1.0
2138.669523,1.0
2139.15164,1.0
2139.633756,1.0
2140.115873,1.0
2140.597989,1.0
2141.080106,1.0
2141.562223,1.0
2142.044339,1.0
2142.526456,1.0
2143.008573,1.0
2143.490689,1.0
2143.972806,1.0
2144.454923,1.0
2144.937039,1.0
2145.419156,1.0
2145.901272,1.0
2146.383389,1.0
2146.865506,1.0
2147.347622,1.0
2147.829739,1.0
2148.311856,1.0
2148.793972,1.0
2149.276089,1.0
2149.758206,1.0
2150.240322,1.0
2150.722439,1.0
2151.204555,1.0
2151.686672,1.0
2152.168789,1.0
2152.650905,1.0
2153.133022,1.0
2153.615139,1.0
2154.097255,1.0
2154.579372,1.0
2155.061489,1.0
2155.543605,1.0
2156.025722,1.0
2156.507838,1.0
2156.989955,1.0
2157.472072,1.0
2157.954188,1.0
2158.436305,1.0
2158.918422,1.0
2159.400538,1.0
2159.882655,1.0
2160.364772,1.0
2160.846888,1.0
2161.329005,1.0
2161.811121,1.0
2162.293238,1.0
2162.775355,1.0
2163.257471,1.0
2163.739588,1.0
2164.221705,1.0
2164.703821,1.0
2165.185938,1.0
2165.668055,1.0
2166.150171,1.0
2166.632288,1.0
2167.114404,1.0
2167.596521,1.0
2168.078638,1.0
2168.560754,1.0
2169.042871,1.0
2169.524988,1.0
2170.007104,1.0
2170.489221,1.0
2170.971338,1.0
2171.453454,1.0
2171.935571,1.0
2172.417687,1.0
2172.899804,1.0
2173.381921,1.0
2173.864037,1.0
2174.346154,1.0
2174.828271,1.0
2175.310387,1.0
2175.792504,1.0
2176.274621,1.0
2176.756737,1.0
2177.238854,1.0
2177.72097,1.0
2178.203087,1.0
2178.685204,1.0
2179.16732,1.0
2179.649437,1.0
2180.131554,1.0
2180.61367,1.0
2181.095787,1.0
2181.577904,1.0
2182.06002,1.0
2182.542137,1.0
2183.024253,1.0
2183.50637,1.0
2183.988487,1.0
2184.470603,1.0
2184.95272,1.0
2185.434837,1.0
2185.916953,1.0
2186.39907,1.0
2186.881187,1.0
2187.363303,1.0
2187.84542,1.0
2188.327536,1.0
2188.809653,1.0
2189.29177,1.0
2189.773886,1.0
2190.256003,1.0
2190.73812,1.0
2191.220236,1.0
2191.702353,1.0
2192.18447,1.0
2192.666586,1.0
2193.148703,1.0
2193.630819,1.0
2194.112936,1.0
2194.595053,1.0
2195.077169,1.0
2195.559286,1.0
2196.041403,1.0
2196.523519,1.0
2197.005636,1.0
2197.487752,1.0
2197.969869,1.0
2198.451986,1.0
2198.934102,1.0
2199.416219,0.9987298073784044
2199.898336,0.9980929207908515
2200.380452,1.0
2200.862569,1.0
2201.344686,1.0
2201.826802,1.0
2202.308919,1.0
2202.791035,1.0
2203.273152,1.0
2203.755269,1.0
2204.237385,1.0
2204.719502,1.0
2205.201619,1.0
2205.683735,1.0
2206.165852,1.0
2206.647969,1.0
2207.130085,1.0
2207.612202,1.0
2208.094318,1.0
2208.576435,1.0
2209.058552,1.0
2209.540668,1.0
2210.022785,1.0
2210.504902,1.0
2210.987018,1.0
2211.469135,1.0
2211.951252,1.0
2212.433368,1.0
2212.915485,1.0
2213.397601,1.0
2213.879718,1.0
2214.361835,1.0
2214.843951,1.0
2215.326068,1.0
2215.808185,1.0
2216.290301,1.0
2216.772418,1.0
2217.254535,1.0
2217.736651,1.0
2218.218768,1.0
2218.700884,1.0
2219.183001,1.0
2219.665118,1.0
2220.147234,1.0
2220.629351,1.0
2221.111468,1.0
2221.593584,1.0
2222.075701,1.0
2222.557818,1.0
2223.039934,1.0
2223.522051,1.0
2224.004167,1.0
2224.486284,1.0
2224.968401,1.0
2225.450517,1.0
2225.932634,1.0
2226.414751,1.0
2226.896867,1.0
2227.378984,1.0
2227.861101,1.0
2228.343217,1.0
2228.825334,1.0
2229.30745,1.0
2229.789567,1.0
2230.271684,1.0
2230.7538,1.0
2231.235917,1.0
2231.718034,1.0
2232.20015,1.0
2232.682267,1.0
2233.164384,1.0
2233.6465,1.0
2234.128617,1.0
2234.610733,1.0
2235.09285,1.0
2235.574967,1.0
2236.057083,1.0
2236.5392,1.0
2237.021317,1.0
2237.503433,1.0
2237.98555,1.0
2238.467667,1.0
2238.949783,1.0
2239.4319,1.0
2239.914016,1.0
2240.396133,1.0
2240.87825,1.0
2241.360366,1.0
2241.842483,1.0
2242.3246,1.0
2242.806716,1.0
2243.288833,1.0
2243.77095,1.0
2244.253066,1.0
2244.735183,1.0
2245.217299,1.0
2245.699416,1.0
2246.181533,1.0
2246.663649,1.0
2247.145766,1.0
2247.627883,1.0
2248.109999,1.0
2248.592116,1.0
2249.074233,1.0
2249.556349,1.0
2250.038466,1.0
2250.520582,1.0
2251.002699,1.0
2251.484816,1.0
2251.966932,1.0
2252.449049,1.0
2252.931166,1.0
2253.413282,1.0
2253.895399,1.0
2254.377516,1.0
2254.859632,1.0
2255.341749,1.0
2255.823865,1.0
2256.305982,1.0
2256.788099,1.0
2257.270215,1.0
2257.752332,1.0
2258.234449,1.0
2258.716565,1.0
2259.198682,1.0
2259.680799,1.0
2260.162915,1.0
2260.645032,1.0
2261.127148,1.0
2261.609265,1.0
2262.091382,1.0
2262.573498,1.0
2263.055615,1.0
2263.537732,1.0
2264.019848,1.0
2264.501965,1.0
2264.984082,1.0
2265.466198,1.0
2265.948315,1.0
2266.430431,1.0
2266.912548,1.0
2267.394665,1.0
2267.876781,1.0
2268.358898,1.0
2268.841015,1.0
2269.323131,1.0
2269.805248,1.0
2270.287365,1.0
2270.769481,1.0
2271.251598,1.0
2271.733714,1.0
2272.215831,1.0
2272.697948,1.0
2273.180064,1.0
2273.662181,1.0
2274.144298,1.0
2274.626414,1.0
2275.108531,1.0
2275.590648,1.0
2276.072764,1.0
2276.554881,1.0
2277.036997,1.0
2277.519114,1.0
2278.001231,1.0
2278.483347,1.0
2278.965464,1.0
2279.447581,1.0
2279.929697,1.0
2280.411814,1.0
2280.893931,1.0
2281.376047,1.0
2281.858164,1.0
2282.34028,1.0
2282.822397,1.0
2283.304514,1.0
2283.78663,1.0
2284.268747,1.0
2284.750864,1.0
2285.23298,1.0
2285.715097,1.0
2286.197214,1.0
2286.67933,1.0
2287.161447,1.0
2287.643563,1.0
2288.12568,1.0
2288.607797,1.0
2289.089913,1.0
2289.57203,1.0
2290.054147,1.0
2290.536263,1.0
2291.01838,1.0
2291.500497,1.0
2291.982613,1.0
2292.46473,1.0
2292.946846,1.0
2293.428963,1.0
2293.91108,1.0
2294.393196,1.0
2294.875313,1.0
2295.35743,1.0
2295.839546,1.0
2296.321663,1.0
2296.80378,1.0
2297.285896,1.0
2297.768013,1.0
2298.250129,1.0
2298.732246,1.0
2299.214363,1.0
2299.696479,1.0
2300.178596,1.0
2300.660713,1.0
2301.142829,1.0
2301.624946,1.0
2302.107063,1.0
2302.589179,1.0
2303.071296,1.0
2303.553412,1.0
2304.035529,1.0
2304.517646,1.0
2304.999762,1.0
2305.481879,1.0
2305.963996,1.0
2306.446112,1.0
2306.928229,1.0
2307.410346,1.0
2307.892462,1.0
2308.374579,1.0
2308.856695,1.0
2309.338812,1.0
2309.820929,1.0
2310.303045,1.0
2310.785162,1.0
2311.267279,1.0
2311.749395,1.0
2312.231512,1.0
2312.713629,1.0
2313.195745,1.0
2313.677862,1.0
2314.159978,1.0
2314.642095,1.0
2315.124212,1.0
2315.606328,1.0
2316.088445,1.0
2316.570562,1.0
2317.052678,1.0
2317.534795,1.0
2318.016912,1.0
2318.499028,1.0
2318.981145,1.0
2319.463261,1.0
2319.945378,1.0
2320.427495,1.0
2320.909611,1.0
2321.391728,0.9998983351682192
2321.873845,1.0
2322.355961,1.0
2322.838078,0.9920713984929906
2323.320195,1.0
2323.802311,1.0
2324.284428,1.0
2324.766544,1.0
2325.248661,1.0
2325.730778,1.0
2326.212894,1.0
2326.695011,1.0
2327.177128,1.0
2327.659244,0.987179886825272
2328.141361,1.0
2328.623478,1.0
2329.105594,0.9838980451012816
2329.587711,0.9885381927910043
2330.069827,1.0
2330.551944,0.977637824627878
2331.034061,0.99086507923558
2331.516177,0.9857090983592904
2331.998294,0.9916759384666064
2332.480411,1.0
2332.962527,0.9933986850461186
2333.444644,0.983955112842846
2333.926761,0.9925249779869376
2334.408877,1.0
2334.890994,0.9862001037404656
2335.37311,0.9994904098851699
2335.855227,0.9926785334782432
2336.337344,0.9797772784836134
2336.81946,0.9710910944535286
2337.301577,1.0
2337.783694,1.0
2338.26581,0.9828163522917861
2338.747927,0.9866913537032165
2339.230044,0.994850802801376
2339.71216,0.9958908656914504
2340.194277,0.9767778817725566
2340.676393,0.984526956868011
2341.15851,1.0
2341.640627,0.971197920349235
2342.122743,0.9654499662996064
2342.60486,0.9802084753424984
2343.086977,0.9702466126042242
2343.569093,0.9636925179826064
2344.05121,0.9824075857185749
2344.533327,0.9701166082686202
2345.015443,0.9808585690438991
2345.49756,0.9747755886145282
2345.979676,0.9697664593787125
2346.461793,1.0
2346.94391,0.9936957556627913
2347.426026,0.9909059037178231
2347.908143,1.0
2348.39026,1.0
2348.872376,1.0
2349.354493,1.0
2349.83661,0.9704503857883066
2350.318726,0.9907594586478108
2350.800843,1.0
2351.282959,0.980124181038326
2351.765076,0.9902487547417129
2352.247193,0.9884769053229824
2352.729309,0.990616403310826
2353.211426,0.9682848194646899
2353.693543,0.9716982160933114
2354.175659,0.9960654606630083
2354.657776,0.9754298825255465
2355.139893,0.9586387207991877
2355.622009,0.9729719748862449
2356.104126,0.9635605011510022
2356.586242,0.9404601520858886
2357.068359,0.9594289646408759
2357.550476,0.9480547739196189
2358.032592,0.933953152438506
2358.514709,0.9732862955941948
2358.996826,0.9543316752303581
2359.478942,0.9285444745339525
2359.961059,0.9404921282746517
2360.443176,0.9391679079981765
2360.925292,0.9354636408787919
2361.407409,0.9748223789657411
2361.889525,0.9486085996089488
2362.371642,0.9468496148908295
2362.853759,0.9596928438878856
2363.335875,0.9394262146884181
2363.817992,0.9531518967915009
2364.300109,0.972012125310719
2364.782225,0.9532167133242199
2365.264342,0.9745952718104531
2365.746459,0.9649191148156816
2366.228575,0.9749169413227009
2366.710692,0.9922828314353894
2367.192808,0.9766811855488032
2367.674925,0.9828664772039274
2368.157042,0.9940442064745847
2368.639158,0.9858648527011001
2369.121275,1.0
2369.603392,0.9984964314934545
2370.085508,1.0
2370.567625,1.0
2371.049742,1.0
2371.531858,1.0
2372.013975,1.0
2372.496091,1.0
2372.978208,1.0
2373.460325,1.0
2373.942441,1.0
2374.424558,1.0
2374.906675,1.0
2375.388791,1.0
2375.870908,1.0
2376.353025,1.0
2376.835141,1.0
2377.317258,1.0
2377.799374,1.0
2378.281491,1.0
2378.763608,1.0
2379.245724,1.0
2379.727841,1.0
2380.209958,1.0
2380.692074,1.0
2381.174191,1.0
2381.656308,1.0
2382.138424,1.0
2382.620541,1.0
2383.102657,1.0
2383.584774,1.0
2384.066891,1.0
2384.549007,1.0
2385.031124,1.0
2385.513241,1.0
2385.995357,1.0
2386.477474,1.0
2386.959591,1.0
2387.441707,1.0
2387.923824,1.0
2388.40594,1.0
2388.888057,1.0
2389.370174,1.0
2389.85229,1.0
2390.334407,1.0
2390.816524,1.0
2391.29864,1.0
2391.780757,1.0
2392.262874,1.0
2392.74499,1.0
2393.227107,1.0
2393.709223,1.0
2394.19134,1.0
2394.673457,1.0
2395.155573,1.0
2395.63769,1.0
2396.119807,1.0
2396.601923,1.0
2397.08404,1.0
2397.566157,1.0
2398.048273,1.0
2398.53039,1.0
2399.012506,1.0
2399.494623,1.0
2399.97674,1.0
2400.458856,1.0
2400.940973,1.0
2401.42309,1.0
2401.905206,1.0
2402.387323,1.0
2402.869439,1.0
2403.351556,1.0
2403.833673,1.0
2404.315789,1.0
2404.797906,1.0
2405.280023,1.0
2405.762139,1.0
2406.244256,1.0
2406.726373,1.0
2407.208489,1.0
2407.690606,1.0
2408.172722,1.0
2408.654839,1.0
2409.136956,1.0
2409.619072,1.0
2410.101189,1.0
2410.583306,1.0
2411.065422,1.0
2411.547539,1.0
2412.029656,1.0
2412.511772,1.0
2412.993889,1.0
2413.476005,1.0
2413.958122,1.0
2414.440239,1.0
2414.922355,1.0
2415.404472,1.0
2415.886589,1.0
2416.368705,1.0
2416.850822,1.0
2417.332939,1.0
2417.815055,1.0
2418.297172,1.0
2418.779288,1.0
2419.261405,1.0
2419.743522,1.0
2420.225638,1.0
2420.707755,1.0
2421.189872,1.0
2421.671988,1.0
2422.154105,1.0
2422.636222,1.0
2423.118338,1.0
2423.600455,1.0
2424.082571,1.0
2424.564688,1.0
2425.046805,1.0
2425.528921,1.0
2426.011038,1.0
2426.493155,1.0
2426.975271,1.0
2427.457388,1.0
2427.939505,1.0
2428.421621,1.0
2428.903738,1.0
2429.385854,1.0
2429.867971,1.0
2430.350088,1.0
2430.832204,1.0
2431.314321,1.0
2431.796438,1.0
2432.278554,1.0
2432.760671,1.0
2433.242788,1.0
2433.724904,1.0
2434.207021,1.0
2434.689137,1.0
2435.171254,1.0
2435.653371,1.0
2436.135487,1.0
2436.617604,1.0
2437.099721,1.0
2437.581837,1.0
2438.063954,1.0
2438.546071,1.0
2439.028187,1.0
2439.510304,1.0
2439.99242,1.0
2440.474537,1.0
2440.956654,1.0
2441.43877,1.0
2441.920887,1.0
2442.403004,1.0
2442.88512,1.0
2443.367237,1.0
2443.849354,1.0
2444.33147,1.0
2444.813587,1.0
2445.295703,1.0
2445.77782,1.0
2446.259937,1.0
2446.742053,1.0
2447.22417,1.0
2447.706287,1.0
2448.188403,1.0
2448.67052,1.0
2449.152637,1.0
2449.634753,1.0
2450.11687,1.0
2450.598986,1.0
2451.081103,1.0
2451.56322,1.0
2452.045336,1.0
2452.527453,1.0
2453.00957,1.0
2453.491686,1.0
2453.973803,1.0
2454.45592,1.0
2454.938036,1.0
2455.420153,1.0
2455.902269,1.0
2456.384386,1.0
2456.866503,1.0
2457.348619,1.0
2457.830736,1.0
2458.312853,1.0
2458.794969,1.0
2459.277086,1.0
2459.759203,1.0
2460.241319,1.0
2460.723436,1.0
2461.205552,1.0
2461.687669,1.0
2462.169786,1.0
2462.651902,1.0
2463.134019,1.0
2463.616136,1.0
2464.098252,1.0
2464.580369,1.0
2465.062486,1.0
2465.544602,1.0
2466.026719,1.0
2466.508835,1.0
2466.990952,1.0
2467.473069,1.0
2467.955185,1.0
2468.437302,1.0
2468.919419,1.0
2469.401535,1.0
2469.883652,1.0
2470.365769,1.0
2470.847885,1.0
2471.330002,1.0
2471.812118,1.0
2472.294235,1.0
2472.776352,1.0
2473.258468,1.0
2473.740585,1.0
2474.222702,1.0
2474.704818,1.0
2475.186935,1.0
2475.669052,1.0
2476.151168,1.0
2476.633285,1.0
2477.115401,1.0
2477.597518,1.0
2478.079635,1.0
2478.561751,1.0
2479.043868,1.0
2479.525985,1.0
2480.008101,1.0
2480.490218,1.0
2480.972335,1.0
2481.454451,1.0
2481.936568,1.0
2482.418684,1.0
2482.900801,1.0
2483.382918,1.0
2483.865034,1.0
2484.347151,1.0
2484.829268,1.0
2485.311384,1.0
2485.793501,1.0
2486.275618,1.0
2486.757734,1.0
2487.239851,1.0
2487.721967,1.0
2488.204084,1.0
2488.686201,1.0
2489.168317,1.0
2489.650434,1.0
2490.132551,1.0
2490.614667,1.0
2491.096784,1.0
2491.578901,1.0
2492.061017,1.0
2492.543134,1.0
2493.02525,1.0
2493.507367,1.0
2493.989484,1.0
2494.4716,1.0
2494.953717,1.0
2495.435834,1.0
2495.91795,1.0
2496.400067,1.0
2496.882184,1.0
2497.3643,1.0
2497.846417,1.0
2498.328533,1.0
2498.81065,1.0
2499.292767,1.0
2499.774883,1.0
