nu,[0]HFE-347mcc3-HITRAN(x-sec)-X=0.01-T=298.0K-P=0.0atm-L=15cm
700,1.0
700.241054,0.9995038831067045
700.482108,0.9999562959550496
700.723162,1.0
700.964216,0.9999561039634592
701.20527,0.9999139057063264
701.446324,0.9998439421782889
701.687378,0.999725937561973
701.928432,1.0
702.169486,1.0
702.41054,0.9997986002836463
702.651594,1.0
702.892648,0.9998945555596558
703.133702,0.9999570129239709
703.374756,0.999914757633337
703.61581,0.999992296129675
703.856864,0.999881117067136
704.097918,0.9999530801007729
704.338972,1.0
704.580026,0.9998547705468182
704.82108,0.9998458918758771
705.062134,0.9999458904639738
705.303188,0.9998887461891642
705.544242,0.9999981607016916
705.785296,1.0
706.02635,0.9999711984147737
706.267404,0.9998573001825877
706.508458,0.9997811339546682
706.749512,0.9999816631681218
706.990566,0.9999647186224024
707.23162,0.9999258647481536
707.472674,0.9999906116440709
707.713728,0.999913899706843
707.954782,0.9998382430840609
708.195836,1.0
708.43689,0.9997534903884884
708.677944,0.9997302064008403
708.918998,0.9999504602271351
709.160052,0.999931974313852
709.401106,0.9999144736575861
709.64216,0.9999667475528748
709.883214,0.9999172234261696
710.124268,0.999881117067136
710.365322,1.0
710.606376,0.9999273306405458
710.84743,1.0
711.088484,1.0
711.329538,0.9999771212617223
711.570592,0.9999736613468684
711.811646,0.999904291580343
712.0527,0.9998893961170605
712.293754,0.9999193282541403
712.534808,0.9999276686160407
712.775862,1.0
713.016916,0.9999866840886575
713.25797,1.0
713.499024,0.9999266256920262
713.740078,0.9999884330668974
713.981132,0.9999325322760493
714.222186,1.0
714.46324,0.9999260007380805
714.704294,0.9999665165605829
714.945348,1.0
715.186402,0.9998625894416957
715.427456,0.9999206151511438
715.66851,0.9999841561255155
715.909564,0.9999451615036853
716.150618,0.9999292855003881
716.391672,1.0
716.632726,1.0
716.87378,0.9998395228778311
717.114834,0.9999859500987008
717.355888,0.999952908108858
717.596942,0.9999889460610952
717.837996,0.9999596928123565
718.07905,1.0
718.320104,1.0
718.561158,0.9999562719560988
718.802212,0.9998566802712537
719.043266,0.9998824969040296
719.28432,0.9999874590786381
719.525374,1.0
719.766428,0.9999255457718537
720.007482,0.9999975713029493
720.248536,0.9999991711403435
720.48959,0.9999595038199924
720.730644,1.0
720.971698,0.9999985093011111
721.212752,0.999818076550078
721.453806,0.9999843501224606
721.69486,0.999934711131411
721.935914,1.0
722.176968,1.0
722.418022,0.9999836831331215
722.659076,0.9999990982204066
722.90013,0.9999554939904218
723.141184,0.999980113197745
723.382238,0.9999810711791524
723.623292,0.9998842666976154
723.864346,1.0
724.1054,1.0
724.346454,0.9999488933059916
724.587508,0.9999714464076616
724.828562,0.999904144594423
725.069616,0.9999998697900084
725.31067,1.0
725.551724,0.9999114329222952
725.792778,0.9999753813030451
726.033832,1.0
726.274886,1.0
726.51594,0.999981015180214
726.756994,0.9999963158067866
726.998048,0.9999977056026321
727.239102,1.0
727.480156,0.9999873490800235
727.72121,1.0
727.962264,1.0
728.203318,0.9999520231509258
728.444372,0.9999030407008567
728.685426,1.0
728.92648,0.9999932889225194
729.167534,0.9999986213009504
729.408588,1.0
729.649642,0.999922990965348
729.890696,0.9999628376905357
730.13175,0.9999814911712905
730.372804,0.9999808281837816
730.613858,1.0
730.854912,0.9999770492633722
731.095966,0.9999390758559511
731.33702,0.9998894561104261
731.578074,0.9999598198072456
731.819128,0.9999416936998784
732.060182,1.0
732.301236,0.9999937578194825
732.54229,0.999958136876285
732.783344,1.0
733.024398,0.9999605297789697
733.265452,1.0
733.506506,1.0
733.74756,0.9999349661147948
733.988614,1.0
734.229668,0.9999766702721423
734.470722,0.9999424056586178
734.711776,0.9999709694213954
734.95283,0.9999540900538938
735.193884,0.9999292075059069
735.434938,0.9998851665938604
735.675992,0.999935521078855
735.917046,0.9998889161702655
736.1581,0.9999775162527632
736.399154,0.9998954754630701
736.640208,0.9999754973001961
736.881262,0.9999660295770079
737.122316,0.9999941417171598
737.36337,0.9999892740575234
737.604424,0.999996151107407
737.845478,0.9998576101383988
738.086532,0.9999477933628139
738.327586,0.9999841741252304
738.56864,0.9999562319578487
738.809694,0.9998526508569515
739.050748,0.9998997650238609
739.291802,0.9999115369130896
739.532856,0.9998976752355359
739.77391,0.9999065423674367
740.014964,0.9998909259490069
740.256018,0.9998656890205273
740.497072,0.9999328772528324
740.738126,0.999880007199712
740.97918,0.9999173634145907
741.220234,0.9999544240386157
741.461288,0.9997672670865072
741.702342,0.9999049665159676
741.943396,0.9998655290420299
742.18445,0.9999307194000117
742.425504,0.9998462318235382
742.666558,0.999918823295007
742.907612,0.999907400287618
743.148666,0.9998434922486161
743.38972,0.9998480915392588
743.630774,0.9998903160157281
743.871828,0.9998288046555956
744.112882,0.9998096981097023
744.353936,0.9998548005424618
744.59499,0.9998326040122721
744.836044,0.9998975152519206
745.077098,0.999893245698646
745.318152,0.9998782074173188
745.559206,0.9998712382905006
745.80026,0.9999697014590101
746.041314,0.9999508632072518
746.282368,0.9999345901393182
746.523422,0.9999141766830316
746.764476,0.9999511941910423
747.00553,0.9998842866953009
747.246584,0.9998652590783734
747.487638,0.9999108739719604
747.728692,0.9999036376431502
747.969746,0.999872318152021
748.2108,0.999871818215987
748.451854,0.999989628053789
748.692908,0.9998972052837389
748.933962,0.9998622694857183
749.175016,0.9999643446356676
749.41607,0.9999378139336336
749.657124,0.9999146256445978
749.898178,0.999932478279694
750.139232,0.9999364680182419
750.380286,0.9999334442149346
750.62134,0.9999689464821705
750.862394,0.9999490812964011
751.103448,0.9999450495098335
751.344502,0.9998979752048834
751.585556,0.9999487743120804
751.82661,1.0
752.067664,0.9998447020599737
752.308718,0.9999276176197309
752.549772,0.9999451755029177
752.790826,0.9999742343319405
753.03188,0.9999480703483911
753.272934,0.999960874765412
753.513988,0.9999937383196044
753.755042,0.9999333812191296
753.996096,0.9999983551013528
754.23715,0.9999845531193043
754.478204,1.0
754.719258,0.9999511811916768
754.960312,0.9998998050198523
755.201366,0.9999851591101271
755.44242,0.9999835991344956
755.683474,0.9999964909061568
755.924528,0.9999946814141437
756.165582,1.0
756.406636,0.9999496802660803
756.64769,0.99997458132306
756.888744,0.9999906647435738
757.129798,0.9999924584284378
757.370852,0.9999086441731977
757.611906,0.999934076173071
757.85296,0.9999904639454684
758.094014,0.9999609667618167
758.335068,0.9999792962143264
758.576122,1.0
758.817176,0.999978741225971
759.05823,0.9999681505072059
759.299284,0.9999847911156563
759.540338,0.9999654505968444
759.781392,0.9999581528756153
760.022446,1.0
760.2635,0.999997845002322
760.504554,0.9999972488037846
760.745608,0.999991789533706
760.986662,0.9999711994147448
761.227716,0.9999928091258544
761.46877,0.9999868260867768
761.709824,0.9999924626284061
761.950878,0.9999828211475582
762.191932,1.0
762.432986,0.99995888584521
762.67404,0.9999994894401303
762.915094,1.0
763.156148,0.9999701384458651
763.397202,1.0
763.638256,0.9999860810968688
763.87931,1.0
764.120364,0.9999799832003388
764.361418,0.9999361440388786
764.602472,0.9999728013698894
764.843526,0.9999980927018189
765.08458,0.9999890990594157
765.325634,0.9999711294167634
765.566688,0.9999991763503392
765.807742,1.0
766.048796,0.9999573259105649
766.28985,0.9999826881498518
766.530904,0.9999804961902018
766.771958,1.0
767.013012,0.999927097657505
767.254066,0.9999966951054612
767.49512,1.0
767.736174,0.9999594358227485
767.977228,0.9999591818330841
768.218282,0.9999308633900456
768.459336,0.9999881190705788
768.70039,0.9999841421257374
768.941444,0.9999753023049931
769.182498,0.9999435905910705
769.423552,1.0
769.664606,1.0
769.90566,0.9999737673440822
770.146714,0.9999080802248814
770.387768,1.0
770.628822,0.9999835621351032
770.869876,1.0
771.11093,0.9999670965413306
771.351984,0.9999864550917331
771.593038,0.9999716074030774
771.834092,0.9999971694040062
772.075146,0.9999963749065707
772.3162,0.9999829701450096
772.557254,0.999959707811752
772.798308,0.9999383439008154
773.039362,0.9999873770796698
773.280416,0.9999961270075001
773.52147,0.999980225195524
773.762524,1.0
774.003578,1.0
774.244632,0.999999956156001
774.485686,0.9999358960547458
774.72674,0.9999960867076569
774.967794,0.999993733119637
775.208848,0.999939139852054
775.449902,0.9999569009287916
775.690956,0.9999814611718462
775.93201,0.99996982945514
776.173064,1.0
776.414118,1.0
776.655172,1.0
776.896226,1.0
777.13728,0.9999852231091794
777.378334,0.9999469464073916
777.619388,1.0
777.860442,0.999987137082728
778.101496,0.9999959166083371
778.34255,0.9999827901480912
778.583604,0.9999952904110901
778.824658,0.9999994365601588
779.065712,0.9999527591158857
779.306766,0.9999749693132729
779.54782,0.9999953639107467
779.788874,0.9999943024162313
780.029928,1.0
780.270982,1.0
780.512036,0.9999611187558952
780.75309,1.0
780.994144,0.9999686154925039
781.235198,0.9999716074030774
781.476252,0.9999933337222198
781.717306,0.9998879062829702
781.95836,1.0
782.199414,0.9999877040755955
782.440468,1.0
782.681522,1.0
782.922576,0.9999722903839185
783.16363,0.9999283115697384
783.404684,0.9999300564461644
783.645738,1.0
783.886792,0.9999595788169581
784.127846,0.9998969453104993
784.3689,0.9999471053989687
784.609954,0.9999835071360088
784.851008,1.0
785.092062,0.9999563719517309
785.333116,1.0
785.57417,0.9999516971666195
785.815224,0.9999701404458053
786.056278,0.9999930222243448
786.297332,0.9999669635457157
786.538386,0.9999650286115133
786.77944,1.0
787.020494,0.9999819491629183
787.261548,0.9999786652275895
787.502602,0.999916670472098
787.743656,1.0
787.98471,0.9999504922255503
788.225764,1.0
788.466818,0.9999789922206664
788.707872,0.9999923846289971
788.948926,1.0
789.18998,0.9999667325533738
789.431034,0.9999883040683979
789.672088,1.0
789.913142,1.0
790.154196,1.0
790.39525,0.9999843491224762
790.636304,0.9999803451931583
790.877358,0.9999907998423218
791.118412,1.0
791.359466,0.9999688864840355
791.60052,1.0
791.841574,0.9999889100614938
792.082628,1.0
792.323682,0.9999666495561385
792.564736,0.9999797432051717
792.80579,0.9999681395075563
793.046844,1.0
793.287898,1.0
793.528952,1.0
793.770006,0.9999528291125813
794.01106,1.0
794.252114,1.0
794.493168,0.9999856041036219
794.734222,0.9999756572962885
794.975276,1.0
795.21633,0.999983643133775
795.457384,1.0
795.698438,0.9999675085278593
795.939492,0.9999517971617942
796.180546,0.9999588368472259
796.4216,0.9999900680493221
796.662654,1.0
796.903708,1.0
797.144762,0.9999093071128485
797.385816,0.999950733213648
797.62687,0.9999957018092372
797.867924,1.0
798.108978,0.999976021287494
798.350032,0.9999666415564052
798.591086,0.9999706704301202
798.83214,0.9999608647658033
799.073194,0.9999808301837433
799.314248,0.9999991581403543
799.555302,0.9999945901146334
799.796356,0.9999988570006533
800.03741,0.9999980521018972
800.278464,0.9999978483023149
800.519518,1.0
800.760572,0.9999759722886701
801.001626,0.999964604626431
801.24268,1.0
801.483734,0.9999847061169527
801.724788,0.9999832191408002
801.965842,1.0
802.206896,1.0
802.44795,0.9999890520599292
802.689004,0.9999846771173966
802.930058,0.9999487243146429
803.171112,0.9999954017105722
803.412166,1.0
803.65322,0.999993453121431
803.894274,0.9999913312375739
804.135328,0.9999268976721054
804.376382,0.999976955265534
804.617436,1.0
804.85849,0.9999774032553103
805.099544,0.9999697844564988
805.340598,1.0
805.581652,0.9999869800847598
805.822706,0.9999890540599072
806.06376,1.0
806.304814,0.9999969778045669
806.545868,1.0
806.786922,0.99998653009072
807.027976,0.9999598698052378
807.26903,1.0
807.510084,0.999961365746322
807.751138,0.9999642256399177
807.992192,0.9999861900953576
808.233246,1.0
808.4743,1.0
808.715354,0.9999950369123162
808.956408,0.9999787322261623
809.197462,0.9999922854297575
809.438516,0.999991833633345
809.67957,1.0
809.920624,0.9999625287020666
810.161678,1.0
810.402732,1.0
810.643786,0.9999813391741154
810.88484,0.9999796252075689
811.125894,0.9999802631947733
811.366948,1.0
811.608002,0.9999796922062061
811.849056,0.9999931572234119
812.09011,0.999976344279801
812.331164,0.9999962850069006
812.572218,1.0
812.813272,0.9999955976096906
813.054326,0.9999930228243405
813.29538,0.9999993142502351
813.536434,0.9999843381226485
813.777488,1.0
814.018542,0.9999981893016393
814.259596,0.9999975059031103
814.50065,0.9999814811714757
814.741704,1.0
814.982758,0.999995094512032
815.223812,1.0
815.464866,0.9999996526200603
815.70592,0.9999969456046647
815.946974,1.0
816.188028,0.9999546640277063
816.429082,1.0
816.670136,0.9999959041083882
816.91119,0.9999792322156534
817.152244,0.9999943976156934
817.393298,1.0
817.634352,0.9999751853078895
817.875406,0.9999798982020438
818.11646,1.0
818.357514,1.0
818.598568,0.9999895510545906
818.839622,1.0
819.080676,0.9999844941202174
819.32173,1.0
819.562784,0.99999189693283
819.803838,1.0
820.044892,0.99999672280537
820.285946,0.9999912484382951
820.527,0.9999788052246125
820.768054,0.9999987581007712
821.009108,1.0
821.250162,0.9999760142876618
821.491216,1.0
821.73227,0.999999921521003
821.973324,1.0
822.214378,0.9999979941020118
822.455432,0.9999798692026273
822.696486,0.9999503652318459
822.93754,0.9999876930757308
823.178594,0.9999887700630562
823.419648,1.0
823.660702,0.9999820801605622
823.901756,1.0
824.14281,0.9999995117901191
824.383864,0.9999982562015204
824.624918,0.9999652716030447
824.865972,0.9999877390751658
825.107026,0.99996977845668
825.34808,0.9999657895851896
825.589134,1.0
825.830188,0.9999960013079948
826.071242,0.9999954327104301
826.312296,0.9999838731300393
826.55335,0.9999970679042987
826.794404,0.999999987711
827.035458,0.9999951733116484
827.276512,0.9999920729314193
827.517566,0.9999653216013096
827.75862,1.0
827.999674,1.0
828.240728,0.9999929379249366
828.481782,0.9999650156119679
828.722836,0.9999683335013941
828.96389,0.9999711394164746
829.204944,0.9999807531852223
829.445998,1.0
829.687052,0.9999832351405318
829.928106,0.9999883040683979
830.16916,0.9999696014620449
830.410214,0.9999914898362117
830.651268,0.9999996575200586
830.892322,0.9999838001312192
831.133376,1.0
831.37443,0.999969969450926
831.615484,0.9999887410633823
831.856538,0.9999962679069643
832.097592,0.9999899940500598
832.338646,0.9999797242055567
832.5797,1.0
832.820754,0.9999987965007242
833.061808,0.9999745523237976
833.302862,0.9999481593437732
833.543916,0.9999980535018944
833.78497,0.999986028097608
834.026024,0.9999979031021985
834.267078,1.0
834.508132,1.0
834.749186,1.0
834.99024,1.0
835.231294,1.0
835.472348,0.9999666735553383
835.713402,1.0
835.954456,0.9999870070844087
836.19551,0.9999988585006515
836.436564,0.9999968410049896
836.677618,0.9999936175203681
836.918672,0.9999940038179772
837.159726,0.9999971538040504
837.40078,0.9999958669085413
837.641834,1.0
837.882888,0.9999978690022706
838.123942,0.9999894550555983
838.364996,0.9999936206203484
838.60605,1.0
838.847104,0.9999732233585007
839.088158,0.9999679785126988
839.329212,1.0
839.570266,1.0
839.81132,0.9999946346143938
840.052374,0.9999974788031782
840.293428,1.0
840.534482,1.0
840.775536,0.9999957664089617
841.01659,0.9999833731382278
841.257644,0.9999974506032497
841.498698,0.9999931156236974
841.739752,0.9999943096161903
841.980806,1.0
842.22186,1.0
842.462914,1.0
842.703968,0.9999977937024339
842.945022,0.9999891150592414
843.186076,1.0
843.42713,1.0
843.668184,1.0
843.909238,0.9999769662652805
844.150292,1.0
844.391346,0.9999979840020321
844.6324,1.0
844.873454,0.9999902803472361
845.114508,1.0
845.355562,0.9999975482030057
845.596616,1.0
845.83767,0.9999915853354034
846.078724,0.9999944509153962
846.319778,0.9999992649302701
846.560832,1.0
846.801886,0.9999963306067322
847.04294,1.0
847.283994,0.9999980682018659
847.525048,0.9999948763131261
847.766102,0.9999931081237491
848.007156,0.9999844111215078
848.24821,0.9999906534436793
848.489264,0.9999598088076876
848.730318,1.0
848.971372,1.0
849.212426,0.9999967238053667
849.45348,0.999991215038588
849.694534,0.9999879770722759
849.935588,0.9999829101460332
850.176642,0.9999944449154295
850.417696,0.9999973438035277
850.65875,0.9999931693233292
850.899804,1.0
851.140858,1.0
851.381912,1.0
851.622966,0.9999707024291822
851.86402,0.9999570949204493
852.105074,0.9999999083350042
852.346128,0.9999887520632585
852.587182,1.0
852.828236,1.0
853.06929,0.9999887760629889
853.310344,1.0
853.551398,1.0
853.792452,1.0
854.033506,0.9999980148019705
854.27456,1.0
854.515614,0.9999902856471846
854.756668,1.0
854.997722,1.0
855.238776,0.999990012549875
855.47983,0.9999992443702855
855.720884,0.999989091059503
855.961938,0.9999878270740906
856.202992,0.9999984362012228
856.444046,1.0
856.6851,0.9999955407099427
856.926154,1.0
857.167208,0.9999999458590014
857.408262,0.9999792822146163
857.649316,0.999993824419069
857.89037,0.9999560089676338
858.131424,1.0
858.372478,1.0
858.613532,0.9999959326082719
858.854586,0.9999932742226182
859.09564,1.0
859.336694,1.0
859.577748,0.9999909302411305
859.818802,1.0
860.059856,0.9999729853649019
860.30091,1.0
860.541964,0.9999985443010595
860.783018,1.0
861.024072,1.0
861.265126,0.9999972376038154
861.50618,1.0
861.747234,1.0
861.988288,0.999987026084162
862.229342,1.0
862.470396,1.0
862.71145,0.999998112701781
862.952504,0.999992122831025
863.193558,0.9999981699016747
863.434612,0.9999883570677794
863.675666,0.9999968819048612
863.91672,1.0
864.157774,0.9999966396056461
864.398828,0.9999972726037194
864.639882,1.0
864.880936,1.0
865.12199,0.9999777552474182
865.363044,0.9999991087903971
865.604098,0.9999980123019755
865.845152,0.9999955682098204
866.086206,1.0
866.32726,0.999996430406371
866.568314,1.0
866.809368,1.0
867.050422,0.9999917577339676
867.291476,0.9999990047504953
867.53253,0.9999926953266792
867.773584,1.0
868.014638,0.999998865100644
868.255692,1.0
868.496746,0.9999823891550728
868.7378,0.9999993549502081
868.978854,0.9999858401002524
869.219908,0.9999958012088149
869.460962,0.9999965712058784
869.702016,1.0
869.94307,1.0
870.184124,0.9999908694416838
870.425178,0.9999942498165324
870.666232,0.9999987837007397
870.907286,0.9999919492324076
871.14834,1.0
871.389394,1.0
871.630448,0.9999937648194388
871.871502,1.0
872.112556,0.9999980428019153
872.35361,0.9999953879106357
872.594664,0.9999798432031509
872.835718,0.9999951490117661
873.076772,0.9999983242014041
873.317826,0.9999997009500448
873.55888,1.0
873.799934,0.9999979468021079
874.040988,0.9999967065054236
874.282042,1.0
874.523096,0.9999833751381946
874.76415,0.9999956554094378
875.005204,0.9999923368293623
875.246258,0.9999965397059868
875.487312,0.9999988104007076
875.728366,0.9999917691338738
875.96942,0.9999994075001756
876.210474,1.0
876.451528,1.0
876.692582,0.9999864880912867
876.933636,1.0
877.17469,1.0
877.415744,1.0
877.656798,0.9999797902042207
877.897852,1.0
878.138906,1.0
878.37996,1.0
878.621014,0.9999918759330004
878.862068,0.9999968738048866
879.103122,1.0
879.344176,1.0
879.58523,0.9999929012251965
879.826284,1.0
880.067338,0.9999895530545697
880.308392,1.0
880.549446,1.0
880.7905,1.0
881.031554,0.9999921331309439
881.272608,1.0
881.513662,0.9999911905388035
881.754716,1.0
881.99577,0.9999880930708881
882.236824,0.9999898050519689
882.477878,0.9999950528122373
882.718932,0.9999885310657687
882.959986,0.9999996322100676
883.20104,0.9999979413021192
883.442094,1.0
883.683148,0.999979501210103
883.924202,1.0
884.165256,0.999969807455804
884.40631,0.9999908844415469
884.647364,1.0
884.888418,1.0
885.129472,1.0
885.370526,0.9999997642100278
885.61158,1.0
885.852634,0.9999916561348102
886.093688,0.9999951130119413
886.334742,1.0
886.575796,0.9999941030173872
886.81685,0.9999895240548731
887.057904,0.9999912569382208
887.298958,0.999984601118564
887.540012,0.9999972142038803
887.781066,1.0
888.02212,0.9999917356341501
888.263174,0.9999819531628461
888.504228,0.9999901504485071
888.745282,0.9999846371180103
888.986336,0.9999926250271952
889.22739,0.9999928029258991
889.468444,1.0
889.709498,0.9999947636137099
889.950552,0.9999948639131897
890.191606,0.9999928458255912
890.43266,0.9999896120539551
890.673714,1.0
890.914768,1.0
891.155822,1.0
891.396876,0.9999972160038754
891.63793,1.0
891.878984,0.9999911460391966
892.120038,0.9999949340128321
892.361092,1.0
892.602146,0.9999900756492467
892.8432,0.9999778942443358
893.084254,1.0
893.325308,0.9999981647016841
893.566362,0.9999990661204361
893.807416,1.0
894.04847,0.9999859900981396
894.289524,0.9999794822104927
894.530578,0.9999967572052578
894.771632,1.0
895.012686,1.0
895.25374,0.9999939677181943
895.494794,1.0
895.735848,1.0
895.976902,0.9999893220570096
896.217956,1.0
896.45901,0.9999770582631656
896.700064,1.0
896.941118,0.9999874800783749
897.182172,0.9999985674010262
897.423226,1.0
897.66428,1.0
897.905334,1.0
898.146388,1.0
898.387442,0.9999982443015413
898.628496,0.9999977262025851
898.86955,1.0
899.110604,1.0
899.351658,0.9999901568484442
899.592712,1.0
899.833766,0.9999977062026307
900.07482,1.0
900.315874,1.0
900.556928,1.0
900.797982,0.9999984353012241
901.039036,0.9999730053643617
901.28009,1.0
901.521144,1.0
901.762198,0.9999901779482366
902.003252,1.0
902.244306,0.9999868470865003
902.48536,1.0
902.726414,0.9999992394202892
902.967468,0.9999940093179442
903.208522,0.9999953620107555
903.449576,0.9999984813011532
903.69063,0.9999982815014766
903.931684,0.9999758672911985
904.172738,0.9999982599015139
904.413792,0.9999598088076876
904.654846,1.0
904.8959,0.9999920139318889
905.136954,0.9999895600544966
905.378008,1.0
905.619062,0.9999990965504081
905.860116,0.9999969881045357
906.10117,1.0
906.342224,1.0
906.583278,0.9999915921353463
906.824332,0.9999999346820021
907.065386,0.9999823021566087
907.30644,1.0
907.547494,0.9999875540774511
907.788548,0.9999867710875028
908.029602,1.0
908.270656,0.9999916086352078
908.51171,0.9999944230155514
908.752764,0.9999921679306708
908.993818,0.9999895390547161
909.234872,1.0
909.475926,0.9999946676142172
909.71698,0.9999940283178306
909.958034,0.9999819931621251
910.199088,0.9999931467234838
910.440142,0.9999943433159991
910.681196,0.9999982284015693
910.92225,1.0
911.163304,1.0
911.404358,0.9999976680027192
911.645412,0.9999915794354531
911.886466,1.0
912.12752,0.9999845101199695
912.368574,1.0
912.609628,1.0
912.850682,0.9999920517315877
913.091736,0.9999921548307735
913.33279,0.999995334610883
913.573844,0.9999979898020205
913.814898,0.999995393710609
914.055952,1.0
914.297006,1.0
914.53806,0.9999873360801881
914.779114,1.0
915.020168,1.0
915.261222,0.9999957930088494
915.502276,1.0
915.74333,1.0
915.984384,1.0
916.225438,1.0
916.466492,0.9999938689187952
916.707546,0.9999942149167337
916.9486,1.0
917.189654,0.9999857441016163
917.430708,0.99999684090499
917.671762,0.9999930641240533
917.912816,0.999988699063856
918.15387,0.9999974404032758
918.394924,0.9999993713201977
918.635978,0.9999941506171077
918.877032,0.9999842211244878
919.118086,1.0
919.35914,0.9999990675604348
919.600194,0.9999874120792286
919.841248,1.0
920.082302,0.9999954042105607
920.323356,0.9999970632043124
920.56441,0.9999695444637793
920.805464,1.0
921.046518,0.9999944054156498
921.287572,0.9999876310764958
921.528626,0.9999852161092828
921.76968,0.99999510921196
922.010734,0.9999910331402025
922.251788,1.0
922.492842,0.9999962095071839
922.733896,0.9999979115021809
922.97495,0.9999967294053485
923.216004,0.9999873200803908
923.457058,0.9999935105210568
923.698112,0.9999759612889344
923.939166,0.9999758822908367
924.18022,0.9999952382113374
924.421274,1.0
924.662328,1.0
924.903382,0.9999914785363079
925.144436,1.0
925.38549,0.9999880460714488
925.626544,1.0
925.867598,0.9999759302896801
926.108652,0.999993197223139
926.349706,0.9999959048083853
926.59076,1.0
926.831814,1.0
927.072868,0.9999785102309084
927.313922,0.9999869280854382
927.554976,0.999985842100224
927.79603,0.9999815601700157
928.037084,0.999997054504338
928.278138,0.9999889240613387
928.519192,0.9999913418374821
928.760246,0.9999677845189298
929.0013,0.999999341150217
929.242354,0.9999899280507224
929.483408,0.9999801851963158
929.724462,0.9999671015411662
929.965516,0.9999724893784241
930.20657,1.0
930.447624,0.9999996443300633
930.688678,0.9999987434007895
930.929732,0.9999910057404486
931.170786,0.9999885670653565
931.41184,0.9999982151015929
931.652894,0.9999942025168055
931.893948,0.9999844631206986
932.135002,0.9999916913345172
932.376056,0.9999945659147647
932.61711,0.9999831981411528
932.858164,0.9999706414309713
933.099218,0.9999786632276322
933.340272,0.999992465428385
933.581326,0.999985499105139
933.82238,0.9999895870542151
934.063434,0.9999927895259956
934.304488,0.999996617105722
934.545542,0.9999814531719945
934.786596,0.9999938676188032
935.02765,0.9999848531147152
935.268704,0.9999619927222949
935.509758,0.9999704344370699
935.750812,0.9999849271135971
935.991866,0.9999978230023696
936.23292,0.9999940344177941
936.473974,0.9999996098500761
936.715028,0.9999863750928198
936.956082,0.9999856531029178
937.197136,0.9999761942833606
937.43819,0.9999997378600344
937.679244,1.0
937.920298,0.9999953785106791
938.161352,0.9999818851640756
938.402406,0.999988683064037
938.64346,0.9999850831112579
938.884514,1.0
939.125568,0.9999843951217574
939.366622,0.9999872590811661
939.607676,0.9999888730619049
939.84873,1.0
940.089784,0.9999984251012402
940.330838,0.9999997085000425
940.571892,0.9999973361035481
940.812946,0.9999912673381299
941.054,0.9999924580284408
941.295054,1.0
941.536108,0.9999747263193849
941.777162,0.9999823841551608
942.018216,0.9999960425078309
942.25927,0.9999978303023538
942.500324,0.9999917544339949
942.741378,0.9999862610943796
942.982432,0.9999989596005412
943.223486,0.9999737113455527
943.46454,0.9999970311044072
943.705594,0.9999968731048887
943.946648,1.0
944.187702,1.0
944.428756,0.999992427828669
944.66981,0.9999978099023983
944.910864,0.999991209338638
945.151918,0.999994078017535
945.392972,0.9999948017135112
945.634026,0.999984916113763
945.87508,0.9999983392013791
946.116134,0.9999830691433286
946.357188,1.0
946.598242,0.9999744803256324
946.839296,1.0
947.08035,0.9999804531910413
947.321404,0.9999683385012358
947.562458,0.9999945129150541
947.803512,0.9999974558032365
948.044566,0.9999864240921534
948.28562,0.9999853281076333
948.526674,0.9999774282547457
948.767728,0.9999993650502016
949.008782,0.9999862640943384
949.249836,0.9999883360680242
949.49089,0.999992789325997
949.731944,0.9999644016336369
949.972998,0.9999645746274933
950.214052,0.9999728943673643
950.455106,0.9999791562172347
950.69616,0.9999784672318334
950.937214,0.9999811441777733
951.178268,0.9999877960744685
951.419322,0.9999698464546273
951.660376,0.9999802261955042
951.90143,0.9999654605964989
952.142484,0.9999438515763818
952.383538,0.9999580168813158
952.624592,0.999940572765868
952.865646,0.9999473003886733
953.1067,0.9999480803478717
953.347754,0.9999488483082924
953.588808,0.9999594208233571
953.829862,0.9999468854106297
954.070916,0.9999393978363853
954.31197,0.9999298404612955
954.553024,0.999937138975837
954.794078,0.9999372539686145
955.035132,0.9999157195517966
955.276186,0.9999357250657221
955.51724,0.9999152095949096
955.758294,0.9998992050801493
955.999348,0.9999356530703525
956.240402,0.9999119178794578
956.481456,0.9999191772663332
956.72251,0.9999133747521834
956.963564,0.9999015848430893
957.204618,0.9999323722868569
957.445672,0.999888066265048
957.686726,0.999911069954511
957.92778,0.999894955517558
958.168834,0.9999107869797181
958.409888,0.999901827819204
958.650942,0.9999132507629327
958.891996,0.9999068503386991
959.13305,0.9999063203882089
959.374104,0.9998901260365861
959.615158,0.9999058294343262
959.856212,0.9998987051306718
960.097266,0.9998772875297912
960.33832,0.9999158805382403
960.579374,0.9998783773966285
960.820428,0.9998877862964287
961.061482,0.9998831968220224
961.302536,0.9999037316340965
961.54359,0.9998927557510756
961.784644,0.9998980152008032
962.025698,0.9999046515459528
962.266752,0.9999067563474596
962.507806,0.9999054974656458
962.74886,0.9999169904454838
962.989914,0.9999198202145708
963.230968,0.9999244248559451
963.472022,0.9999390728561338
963.713076,0.9998916558696492
963.95413,0.999915901536474
964.195184,0.9999109429658132
964.436238,0.9999099230571714
964.677292,0.9999137107231338
964.918346,0.9999125698222407
965.1594,0.9999169984448197
965.400454,0.9999003789625052
965.641508,0.9999138537108047
965.882562,0.9999317243308896
966.123616,0.9999269686669177
966.36467,0.9999279415963315
966.605724,0.9999499622519299
966.846778,0.9999262167221199
967.087832,0.9999550470104159
967.328886,0.9999218300554293
967.56994,0.9999589388430323
967.810994,0.9999453364941039
968.052048,0.9999690904777091
968.293102,0.999974964313398
968.534156,0.9999412557255125
968.77521,0.9999450725085699
969.016264,0.9999576698959441
969.257318,0.9999766012737544
969.498372,0.9999688784842844
969.739426,0.9999819351631711
969.98048,0.999967824517642
970.221534,0.999980317193709
970.462588,0.9999718323967144
970.703642,0.9999912730380801
970.944696,0.99997816623836
971.18575,0.9999797192056581
971.426804,0.9999651006089979
971.667858,0.9999914832362679
971.908912,0.9999709724213083
972.149966,0.9999773112573934
972.39102,0.9999822641572819
972.632074,0.9999942296166487
972.873128,0.9999897140529007
973.114182,0.9999779092440043
973.355236,0.9999895990540902
973.59629,0.9999714064088046
973.837344,0.9999842381242197
974.078398,0.9999712784124727
974.319452,0.9999922102303405
974.560506,0.9999951022119942
974.80156,0.999982681149973
975.042614,1.0
975.283668,0.9999952071114859
975.524722,0.9999708224256737
975.765776,0.9999826801499904
976.00683,0.9999886740641389
976.247884,1.0
976.488938,0.9999796292074874
976.729992,0.99999681880506
976.971046,0.9999774602540239
977.2121,0.9999953571107782
977.453154,0.9999927538262536
977.694208,0.999985895099475
977.935262,0.9999785902291924
978.176316,0.9999920496316044
978.41737,1.0
978.658424,0.9999845251197372
978.899478,0.999996001007996
979.140532,0.9999986396009254
979.381586,1.0
979.62264,0.9999827851481773
979.863694,0.9999993127202361
980.104748,1.0
980.345802,0.9999643136367734
980.586856,0.9999913861370995
980.82791,0.9999856831024878
981.068964,1.0
981.310018,0.9999957386090798
981.551072,0.999996250607029
981.792126,1.0
982.03318,1.0
982.274234,0.9999964891061632
982.515288,0.999994375415818
982.756342,1.0
982.997396,0.9999946192144765
983.23845,1.0
983.479504,0.9999989006006044
983.720558,1.0
983.961612,0.9999992498002814
984.202666,0.9999875620773516
984.44372,0.999980136197288
984.684774,0.9999988053007136
984.925828,0.9999998807200071
985.166882,0.999997835302343
985.407936,0.9999954541103326
985.64899,0.9999936347202585
985.890044,1.0
986.131098,0.9999836501336605
986.372152,0.9999898100519179
986.613206,0.9999919169326682
986.85426,1.0
987.095314,0.9999857201019587
987.336368,1.0
987.577422,0.9999875360776753
987.818476,0.9999864240921534
988.05953,0.9999892530577488
988.300584,0.9999883890674074
988.541638,0.9999997012800446
988.782692,0.9999993556202076
989.023746,0.9999822941567503
989.2648,0.9999802071958801
989.505854,1.0
989.746908,0.9999943079161999
989.987962,0.9999931074237539
990.229016,0.9999951308118545
990.47007,0.9999883790675236
990.711124,0.9999853901067255
990.952178,1.0
991.193232,0.9999791222179439
991.434286,0.9999987417007916
991.67534,1.0
991.916394,0.999996959604622
992.157448,0.9999964043064645
992.398502,0.9999992764102618
992.639556,0.9999883710676165
992.88061,0.99999705380434
993.121664,1.0
993.362718,0.9999972174038714
993.603772,1.0
993.844826,0.9999675995249068
994.08588,0.999991829833376
994.326934,0.9999985144011035
994.567988,0.9999893860563283
994.809042,0.9999846791173659
995.050096,0.9999990446504563
995.29115,0.9999720103917163
995.532204,0.9999667115540726
995.773258,0.9999883310680825
996.014312,0.9999821051601145
996.255366,0.9999839531287524
996.49642,0.9999740873357389
996.737474,0.9999829161459307
996.978528,0.9999851801098156
997.219582,0.9999726363743908
997.460636,0.9999813571737797
997.70169,0.9999937712193989
997.942744,0.9999917257342319
998.183798,0.9999813201744702
998.424852,0.9999981267017546
998.665906,0.9999852941081326
998.90696,0.999990265347382
999.148014,0.9999761812836702
999.389068,0.9999713454105505
999.630122,0.9999665735586759
999.871176,0.9999778852445348
1000.11223,0.9999939894180636
1000.353284,0.9999838241308308
1000.594338,0.9999555889861983
1000.835392,0.9999567679345327
1001.076446,0.9999706784298856
1001.3175,0.9999575858995033
1001.558554,0.9999804171917457
1001.799608,0.9999651156084746
1002.040662,0.9999582388720202
1002.281716,0.9999389008666281
1002.52277,0.9999615387396532
1002.763824,0.9999613327475975
1003.004878,0.9999672875350644
1003.245932,0.9999900040499599
1003.486986,0.9999547040258936
1003.72804,0.9999584308640205
1003.969094,0.9999677855188975
1004.210148,0.9999618447279309
1004.451202,0.9999550840087533
1004.692256,0.9999579708832481
1004.93331,0.9999364100219283
1005.174364,0.9999428046357172
1005.415418,0.9999688134863094
1005.656472,0.9999524991282022
1005.897526,0.9999348101249522
1006.13858,0.9999196552278141
1006.379634,0.9999455124844986
1006.620688,0.9999158515406802
1006.861742,0.9999555399883756
1007.102796,0.9999189062882728
1007.34385,0.9999039956087166
1007.584904,0.9999101150398951
1007.825958,0.9999065503666891
1008.067012,0.999880077191315
1008.308066,0.9998953954714352
1008.54912,0.9998816170078195
1008.790174,0.9998870863752233
1009.031228,0.9998643991946204
1009.272282,0.9998503611970027
1009.513336,0.9998525908657943
1009.75439,0.9998477115970562
1009.995444,0.9998231556388079
1010.236498,0.9998153970412235
1010.477552,0.9998267450103795
1010.718606,0.9998125575695279
1010.95966,0.9998082483866911
1011.200714,0.9998228656901348
1011.441768,0.9997663972893632
1011.682822,0.9998170467379895
1011.923876,0.9997647076855795
1012.16493,0.9997721159695111
1012.405984,0.9997581892409355
1012.647038,0.9997588890719129
1012.888092,0.999734465260591
1013.129146,0.9997575194031731
1013.3702,0.9997176998541869
1013.611254,0.99973938396626
1013.852308,0.9997052234551456
1014.093362,0.9996965260575353
1014.334416,0.9996865291422594
1014.57547,0.9996786516434472
1014.816524,0.9996836600460379
1015.057578,0.9996534200727034
1015.298632,0.9996728835142682
1015.539686,0.9996562191061983
1015.78074,0.9996528302773595
1016.021794,0.999644303275085
1016.262848,0.9996354864512124
1016.503902,0.9996546096609811
1016.744956,0.9996579485129532
1016.98601,0.9996494614529979
1017.227064,0.9996483218532615
1017.468118,0.999656309075262
1017.709172,0.9996359062982049
1017.950226,0.9996313879541199
1018.19128,0.9996340069917872
1018.432334,0.9996077369552733
1018.673388,0.9996185127847592
1018.914442,0.9995969512459805
1019.155496,0.9996178130520452
1019.39655,0.9996217615502051
1019.637604,0.9995874251324272
1019.878658,0.9996090464422663
1020.119712,0.9996094462859649
1020.360766,0.9996056377812298
1020.60182,0.9996227911611497
1020.842874,0.9996178330444017
1021.083928,0.9996007797096353
1021.324982,0.9996196923353002
1021.566036,0.9996345068089156
1021.80709,0.9996425139133837
1022.048144,0.9996534100761693
1022.289198,0.9996316778472644
1022.530252,0.9996574486841039
1022.771306,0.9996403047058691
1023.01236,0.9996325275345517
1023.253414,0.9996818106329776
1023.494468,0.9996745429726321
1023.735522,0.99968674907332
1023.976576,0.999660107776454
1024.21763,0.9996860892802834
1024.458684,0.9996778119137324
1024.699738,0.9997162402674106
1024.940792,0.9997121914248365
1025.181846,0.9997088523916933
1025.4229,0.9997171400124317
1025.663954,0.9997318459597233
1025.905008,0.9997548600517084
1026.146062,0.9997678669470474
1026.387116,0.9997476018577718
1026.62817,0.9997617383888071
1026.869224,0.9997903719750255
1027.110278,0.9998197362494627
1027.351332,0.9998253652504234
1027.592386,0.9998237355364062
1027.83344,0.9998434822501813
1028.074494,0.9998292445803665
1028.315548,0.9998564103099865
1028.556602,0.9998446720646331
1028.797656,0.999869758482163
1029.03871,0.9998915058859121
1029.279764,0.999862319478833
1029.520818,0.9998919658361106
1029.761872,0.9998959954088525
1030.002926,0.9998947055438504
1030.24398,0.9999310283786517
1030.485034,0.9999249638153553
1030.726088,0.999917211427163
1030.967142,0.9999241378776763
1031.208196,0.9999121358602796
1031.44925,0.999928796535087
1031.690304,0.9999371749735746
1031.931358,0.9999384188961941
1032.172412,0.999917645391327
1032.413466,0.9999189192872187
1032.65452,0.9999264447053233
1032.895574,0.999936840994614
1033.136628,0.999937356962157
1033.377682,0.999947041402356
1033.618736,0.9999589598421703
1033.85979,0.999977817246041
1034.100844,0.9999806891864561
1034.341898,0.999949065297216
1034.582952,0.9999318483224311
1034.824006,0.9999334232163324
1035.06506,0.9999602337906967
1035.306114,0.9999245058498268
1035.547168,0.9999591928326351
1035.788222,0.9999371689739516
1036.029276,0.9999325342759143
1036.27033,0.9999649116156117
1036.511384,0.9999423846598274
1036.752438,0.9999677865188653
1036.993492,0.9999497242638672
1037.234546,0.9999519671536141
1037.4756,0.9999619187251102
1037.716654,0.999969379468818
1037.957708,0.9999582948696831
1038.198762,0.9999663225670975
1038.439816,0.999940044797385
1038.68087,0.9999380229206586
1038.921924,0.999958067879176
1039.162978,0.9999720033919124
1039.404032,0.9999725463768576
1039.645086,0.9999886080648885
1039.88614,0.9999676195242589
1040.127194,0.9999691084771529
1040.368248,0.999962855689867
1040.609302,0.9999621407166808
1040.850356,0.9999665105607838
1041.09141,0.999955328997779
1041.332464,0.9999582778703923
1041.573518,0.9999546230295658
1041.814572,0.9999524621299604
1042.055626,0.9999545430331992
1042.29668,0.999958869845868
1042.537734,0.9999490063002229
1042.778788,0.9999405167691975
1043.019842,0.9999404507731257
1043.260896,0.9999501532423909
1043.50195,0.9999665415597461
1043.743004,0.9999753753031928
1043.984058,0.9999425996474632
1044.225112,0.9999617917299546
1044.466166,0.9999535360794813
1044.70722,0.9999639736489646
1044.948274,0.9999656755890961
1045.189328,0.9999675905251983
1045.430382,0.9999707884266663
1045.671436,0.9999624257059315
1045.91249,0.9999594778210457
1046.153544,0.9999602567897823
1046.394598,0.99995086120735
1046.635652,0.9999790942185289
1046.876706,0.9999686294920647
1047.11776,0.9999567979332362
1047.358814,0.9999587978488319
1047.599868,0.9999469704061186
1047.840922,0.9999478233612482
1048.081976,0.9999534550832483
1048.32303,0.9999470634011912
1048.564084,0.9999590968365571
1048.805138,0.9999328422551823
1049.046192,0.9999754383016435
1049.287246,0.9999809051823083
1049.5283,0.9999560049678098
1049.769354,0.9999671425398182
1050.010408,0.9999496062698067
1050.251462,0.9999364300206568
1050.492516,0.9999583398678074
1050.73357,0.999929165508881
1050.974624,0.9999534790821315
1051.215678,0.9999478833581193
1051.456732,0.9999188272946823
1051.697786,0.9999348211242353
1051.93884,0.9999157765469942
1052.179894,0.9999202491802657
1052.420948,0.9999187103041864
1052.662002,0.9999128038018095
1052.903056,0.9999627496938099
1053.14411,0.9998958354255061
1053.385164,0.9999249698149052
1053.626218,0.999925829750749
1053.867272,0.9999156705559274
1054.108326,0.9999221250324127
1054.34938,0.9999008549151988
1054.590434,0.9998725181265047
1054.831488,0.9999185393181016
1055.072542,0.9998969753074082
1055.313596,0.9998860564920546
1055.55465,0.9998850666053487
1055.795704,0.9999258317506006
1056.036758,0.9998874863301378
1056.277812,0.999908172216429
1056.518866,0.9998979252099859
1056.75992,0.9999127838035536
1057.000974,0.9998776274881267
1057.242028,0.9998837867532826
1057.483082,0.9998947155427975
1057.724136,0.9998932556975785
1057.96519,0.9998774575089445
1058.206244,0.9998800171985122
1058.447298,0.999893205702917
1058.688352,0.9998866264272693
1058.929406,0.9999046415469064
1059.17046,0.9998502012209577
1059.411514,0.9998589599470835
1059.652568,0.9998689885827453
1059.893622,0.9998883562326293
1060.134676,0.999875747719954
1060.37573,0.9998557304078587
1060.616784,0.999872318152021
1060.857838,0.9998672788082368
1061.098892,0.9998821369463955
1061.339946,0.9998796072477891
1061.581,0.9998803771553831
1061.822054,0.9998741379212961
1062.063108,0.9998785973698958
1062.304162,0.9998765376221067
1062.545216,0.9998914658902527
1062.78627,0.9998874063391421
1063.027324,0.9998879362796078
1063.268378,0.999912852797538
1063.509432,0.9999004049599153
1063.750486,0.9999132417637134
1063.99154,0.9998946855459565
1064.232594,0.9999035726494159
1064.473648,0.9999153685814406
1064.714702,0.9999219610451977
1064.955756,0.9999000229980336
1065.19681,0.9999191292702138
1065.437864,0.9999084921870953
1065.678918,0.9999137677182169
1065.919972,0.9999222450230749
1066.161026,0.9999072153047661
1066.40208,0.9999453524932294
1066.643134,0.9999333242229285
1066.884188,0.9999209121276107
1067.125242,0.9999324742799641
1067.366296,0.9999169674473932
1067.60735,0.9999473303870927
1067.848404,0.9999590748374573
1068.089458,0.9999574159067283
1068.330512,0.9999530091041068
1068.571566,0.9999622087141087
1068.81262,0.999942747638979
1069.053674,0.9999825051530367
1069.294728,0.9999749083148016
1069.535782,0.9999383958976107
1069.776836,0.9999505022250553
1070.01789,0.9999880870709595
1070.258944,1.0
1070.499998,0.9999791222179439
1070.741052,0.9999758282921405
1070.982106,0.9999941073173619
1071.22316,0.9999714354079757
1071.464214,0.9999957407090708
1071.705268,0.999972843368748
1071.946322,0.9999477633643805
1072.187376,0.999974854316158
1072.42843,0.999968628492096
1072.669484,0.9999855091049941
1072.910538,1.0
1073.151592,0.9999878650736288
1073.392646,0.9999685514945146
1073.6337,0.9999909244411831
1073.874754,1.0
1074.115808,0.9999724283801041
1074.356862,0.9999844361211184
1074.597916,0.9999905142449901
1074.83897,1.0
1075.080024,0.9999697954561664
1075.321078,0.9999915694355374
1075.562132,0.9999748823154543
1075.803186,0.9999824091547207
1076.04424,0.9999953725107069
1076.285294,0.9999976430027777
1076.526348,0.9999941226172718
1076.767402,1.0
1077.008456,1.0
1077.24951,0.9999721193886715
1077.490564,0.9999860840968271
1077.731618,0.9999836941329421
1077.972672,0.9999903312467427
1078.213726,0.9999878270740906
1078.45478,0.9999899240507627
1078.695834,0.9999833291389604
1078.936888,0.999990986040626
1079.177942,0.9999949223128914
1079.418996,0.9999931477234769
1079.66005,0.9999882200693839
1079.901104,0.9999776712492903
1080.142158,0.9999990280404724
1080.383212,0.9999698464546273
1080.624266,0.9999987733007524
1080.86532,0.9999741253347549
1081.106374,0.9999827031495923
1081.347428,0.9999988836006232
1081.588482,0.9999782842357906
1081.829536,0.9999783392345978
1082.07059,0.9999808241838584
1082.311644,0.9999814061728673
1082.552698,0.9999975346030391
1082.793752,0.9999943463159822
1083.034806,0.9999752563061303
1083.27586,0.999983519135811
1083.516914,0.9999631356795058
1083.757968,0.9999892020582982
1083.999022,0.9999952676111978
1084.240076,0.999979345213313
1084.48113,0.9999583678666413
1084.722184,0.999965142607533
1084.963238,0.9999858271004365
1085.204292,0.9999996084400766
1085.445346,0.9999999984456
1085.6864,0.9999721413880583
1085.927454,0.9999828121477128
1086.168508,0.9999766242732165
1086.409562,1.0
1086.650616,0.999982777148315
1086.89167,0.99997816623836
1087.132724,0.999978222237139
1087.373778,0.9999863290934476
1087.614832,0.9999680475104916
1087.855886,1.0
1088.09694,0.9999802701946352
1088.337994,0.9999902118479043
1088.579048,0.9999874200791279
1088.820102,0.999994434415488
1089.061156,0.9999735443499569
1089.30221,0.9999803581929029
1089.543264,0.9999956885092945
1089.784318,0.9999917874337233
1090.025372,0.9999839551287203
1090.266426,0.9999951097119575
1090.50748,0.9999763482797064
1090.748534,0.9999778862445127
1090.989588,0.9999779472431656
1091.230642,0.9999774282547457
1091.471696,0.999968785487183
1091.71275,0.9999999494540013
1091.953804,0.9999948340133438
1092.194858,0.9999902875471661
1092.435912,0.9999715624043561
1092.676966,0.9999942565164939
1092.91802,0.9999719733927527
1093.159074,0.9999956202095913
1093.400128,0.9999911384392639
1093.641182,0.9999830571435319
1093.882236,0.9999903660464068
1094.12329,0.9999930953238374
1094.364344,0.9999763052807243
1094.605398,0.9999981206017661
1094.846452,0.9999972972036526
1095.087506,0.9999788782230679
1095.32856,0.9999977813024613
1095.569614,0.9999764102782419
1095.810668,0.9999681015087677
1096.051722,0.999968301502408
1096.292776,0.9999750203119976
1096.53383,0.9999756742958748
1096.774884,0.9999680365108432
1097.015938,0.9999855871038668
1097.256992,0.9999657815854633
1097.498046,0.9999652856025586
1097.7391,0.9999770902624321
1097.980154,0.9999976241028224
1098.221208,1.0
1098.462262,0.999958081878589
1098.703316,0.9999641616422092
1098.94437,0.9999669515461121
1099.185424,0.9999670375432738
1099.426478,0.9999731603601896
1099.667532,0.9999743113299595
1099.908586,0.9999895330547789
1100.14964,0.9999704234373952
1100.390694,0.9999519231557286
1100.631748,0.9999615427394994
1100.872802,0.9999748333166862
1101.113856,0.9999700444486765
1101.35491,0.999997504003115
1101.595964,0.9999941139173231
1101.837018,0.999972035391017
1102.078072,0.999973452352395
1102.319126,0.9999788002247184
1102.56018,0.9999619377243868
1102.801234,0.9999683155019643
1103.042288,0.9999528861098942
1103.283342,0.999962168715621
1103.524396,0.9999703634391716
1103.76545,0.9999410447379298
1104.006504,0.9999729963646047
1104.247558,0.9999652746029406
1104.488612,0.9999706674302082
1104.729666,0.999948984301345
1104.97072,0.9999019488073324
1105.211774,0.9999652506037743
1105.452828,0.9999367250019472
1105.693882,0.9999322302964702
1105.934936,0.9999609307632225
1106.17599,0.9999426816427598
1106.417044,0.999954933015547
1106.658098,0.9999497232639175
1106.899152,0.9999171874291503
1107.140206,0.9999361650375379
1107.38126,0.9999336272027716
1107.622314,0.999918248341849
1107.863368,0.9999156305593014
1108.104422,0.9999287325396461
1108.345476,0.9999243078647942
1108.58653,0.999910327020862
1108.827584,0.9999205151590874
1109.068638,0.9999038816196676
1109.309692,0.999900883912324
1109.550746,0.9998691585604879
1109.7918,0.9998910659337463
1110.032854,0.9999000209982335
1110.273908,0.999882826865308
1110.514962,0.9998808970933144
1110.756016,0.999892505777918
1110.99707,0.9998923757919006
1111.238124,0.9998740479326277
1111.479178,0.9998637292856973
1111.720232,0.999866738880052
1111.961286,0.999843892186093
1112.20234,0.9998641692258351
1112.443394,0.9998505311715785
1112.684448,0.9998356435080084
1112.925502,0.9998439821720474
1113.166556,0.9998379531310124
1113.40761,0.9998096781135085
1113.648664,0.9998415425557072
1113.889718,0.9998295445291848
1114.130772,0.9998184664792039
1114.371826,0.999812597562031
1114.61288,0.9998276948462385
1114.853934,0.9998060288148434
1115.094988,0.9997942311733096
1115.336042,0.9998177266138125
1115.577096,0.9998105579464124
1115.81815,0.9997865027937729
1116.059204,0.9997830135449669
1116.300258,0.9997981903663042
1116.541312,0.9997785645204557
1116.782366,0.9997691466507361
1117.02342,0.9997529205291613
1117.264474,0.9997872726296764
1117.505528,0.9997651275868449
1117.746582,0.9997567995780183
1117.987636,0.999739623903741
1118.22869,0.9997456723467621
1118.469744,0.9997582692215938
1118.710798,0.9997882624195662
1118.951852,0.9997552499561799
1119.192906,0.9997320459061125
1119.43396,0.999753160469891
1119.675014,0.9997444626552305
1119.916068,0.9997295765710087
1120.157122,0.9997367846472409
1120.398176,0.9997734256718409
1120.63923,0.9997695665538658
1120.880284,0.9997741655044496
1121.121338,0.9997534104082124
1121.362392,0.999778844458493
1121.603446,0.9997730557557418
1121.8445,0.9997639078741333
1122.085554,0.9997863528258087
1122.326608,0.9997739555518969
1122.567662,0.999777634726823
1122.808716,0.9998002399546954
1123.04977,0.9997826836166268
1123.290824,0.9997915117366992
1123.531878,0.9997582492264288
1123.772932,0.9997978204410423
1124.013986,0.999789282204114
1124.25504,0.9998046090912905
1124.496094,0.9998136573639461
1124.737148,0.9997773447913509
1124.978202,0.9997883524005139
1125.219256,0.9998038292439996
1125.46031,0.9997990801870896
1125.701364,0.9998184464828348
1125.942418,0.9998201261792359
1126.183472,0.9998384630484985
1126.424526,0.999821865867769
1126.66558,0.9998179965646351
1126.906634,0.9998255652155165
1127.147688,0.9998019296185287
1127.388742,0.999821315965894
1127.629796,0.9998371732577132
1127.87085,0.9998515910137034
1128.111904,0.999830944291527
1128.352958,0.9998314941986975
1128.594012,0.9998507011461834
1128.835066,0.9998308143135127
1129.07612,0.9998583000403878
1129.317174,0.9998517609884883
1129.558228,0.9998448920304851
1129.799282,0.9998488614225858
1130.040336,0.9998553304656465
1130.28139,0.9998361334275937
1130.522444,0.9998517409914532
1130.763498,0.9998924457843694
1131.004552,0.9998866564238685
1131.245606,0.9998617195616213
1131.48666,0.9998841567103521
1131.727714,0.999893525668794
1131.968768,0.9998748278346893
1132.209822,0.9999066633561356
1132.450876,0.9998778774575648
1132.69193,0.9998708083459605
1132.932984,0.9999056324528971
1133.174038,0.9998908359588277
1133.415092,0.9998594898724728
1133.656146,0.9998892561325549
1133.8972,0.9998892161369854
1134.138254,0.9998868564012198
1134.379308,0.9998843566872034
1134.620362,0.999854470590432
1134.861416,0.9998819269711688
1135.10247,0.9998808970933144
1135.343524,0.9998917458599024
1135.584578,0.9999008189187687
1135.825632,0.9998842466999303
1136.066686,0.9998688486010967
1136.30774,0.9998705883744069
1136.548794,0.999872158172463
1136.789848,0.9998794472670648
1137.030902,0.9998899260585808
1137.271956,0.9998652390810685
1137.51301,0.9998799672045126
1137.754064,0.9998780974307221
1137.995118,0.9998599998009426
1138.236172,0.999888626202522
1138.477226,0.999870168428848
1138.71828,0.9998656790218705
1138.959334,0.9998772675322456
1139.200388,0.9998587899710748
1139.441442,0.9998612696239487
1139.682496,0.9998384430517295
1139.92355,0.9998570602168644
1140.164604,0.9998628194101177
1140.405658,0.9998556004266221
1140.646712,0.999891365901111
1140.887766,0.9998552904714341
1141.12882,0.9998617795533262
1141.369874,0.9998422824387224
1141.610928,0.9998377131699325
1141.851982,0.9998543806035337
1142.093036,0.9998497212929763
1142.33409,0.9998621994953618
1142.575144,0.9998402527609492
1142.816198,0.9998659689829594
1143.057252,0.9998524108923441
1143.298306,0.9998451519901909
1143.53936,0.9998254752312197
1143.780414,0.9998322640692445
1144.021468,0.999834403712579
1144.262522,0.9998305643558404
1144.503576,0.9998090382355193
1144.74463,0.9998192063451429
1144.985684,0.9998185464646845
1145.226738,0.9998307143304362
1145.467792,0.9998262450971319
1145.708846,0.9998251252923646
1145.9499,0.999804529106925
1146.190954,0.9998315141953277
1146.432008,0.9998071685943659
1146.673062,0.999835933460387
1146.914116,0.9998158669545705
1147.15517,0.9998292645769515
1147.396224,0.9998597798317669
1147.637278,0.9998393928987016
1147.878332,0.9998384430517295
1148.119386,0.9998520809411029
1148.36044,0.9998387530016949
1148.601494,0.9998476916001022
1148.842548,0.999870358404198
1149.083602,0.9998523509012013
1149.324656,0.9998480715422973
1149.56571,0.9998581600602355
1149.806764,0.9998622394898506
1150.047818,0.9998465517743835
1150.288872,0.9998486714513201
1150.529926,0.9998868064068782
1150.77098,0.9998894561104261
1151.012034,0.9998811970576286
1151.253088,0.9998791073081105
1151.494142,0.9998830468395541
1151.735196,0.99988371676142
1151.97625,0.9998864564465573
1152.217304,0.9998911559239463
1152.458358,0.9998933156911757
1152.699412,0.999878327402711
1152.940466,0.9998873863413942
1153.18152,0.9998809870825992
1153.422574,0.9999237899041369
1153.663628,0.999896425364223
1153.904682,0.9999194742423729
1154.145736,0.9999141646840616
1154.38679,0.9999217950581659
1154.627844,0.9999063553849307
1154.868898,0.9999178103777521
1155.109952,0.9999420506791268
1155.351006,0.9999301404402927
1155.59206,0.9999427426392653
1155.833114,0.9999291955067564
1156.074168,0.9999368439944245
1156.315222,0.9999519121562574
1156.556276,0.9999201581875272
1156.79733,0.9999498742563371
1157.038384,0.9999285945494906
1157.279438,0.9999250638078567
1157.520492,0.9999296284761918
1157.761546,0.9999342601609579
1158.0026,0.9999396738196972
1158.243654,0.9999342221634567
1158.484708,0.9999440935628231
1158.725762,0.9999366200085965
1158.966816,0.9999392628445757
1159.20787,0.999935523078726
1159.448924,0.9999339871789422
1159.689978,0.9999417376973139
1159.931032,0.9999674105310483
1160.172086,0.9999501312434877
1160.41314,0.9999578458885096
1160.654194,0.9999576788955632
1160.895248,0.9999562929551807
1161.136302,0.9999364690181783
1161.377356,0.9999406107636105
1161.61841,0.9999534380840397
1161.859464,0.9999417186984211
1162.100518,0.9999602157914126
1162.341572,0.9999467544175964
1162.582626,0.9999466714220192
1162.82368,0.9999374339573365
1163.064734,0.9999294484888749
1163.305788,0.9999357350650794
1163.546842,0.999933911183962
1163.787896,0.9999271316550268
1164.02895,0.9999295914787962
1164.270004,0.9999304974154165
1164.511058,0.9999327472615668
1164.752112,0.9999396948184306
1164.993166,0.9999483763325474
1165.23422,0.9999175244012992
1165.475274,0.9999242218713075
1165.716328,0.99992353692345
1165.957382,0.999918769299392
1166.198436,0.9999222300242414
1166.43949,0.9999348021254738
1166.680544,0.9998901760310936
1166.921598,0.9998794772634486
1167.162652,0.9998970952950524
1167.403706,0.9999004269577245
1167.64476,0.9999070723180445
1167.885814,0.9999072043057868
1168.126868,0.9998810470754602
1168.367922,0.9999035366528879
1168.608976,0.999905601455823
1168.85003,0.9999072373027251
1169.091084,0.9999051295004905
1169.332138,0.9998985751438485
1169.573192,0.999885656537712
1169.814246,0.9998883862292804
1170.0553,0.9998959554130135
1170.296354,0.9998561703444768
1170.537408,0.9998845266675586
1170.778462,0.999866328934773
1171.019516,0.9998681686905109
1171.26057,0.9998704283951256
1171.501624,0.9998570802140058
1171.742678,0.9998758877025685
1171.983732,0.9998633693348197
1172.224786,0.9998410826287034
1172.46584,0.99985105109399
1172.706894,0.9998569302354551
1172.947948,0.9998311442577359
1173.189002,0.9998390129598045
1173.430056,0.999831474202068
1173.67111,0.9998279148083555
1173.912164,0.9998346336745184
1174.153218,0.9998304043829629
1174.394272,0.9998296245155516
1174.635326,0.9998345636860965
1174.87638,0.9998657690097856
1175.117434,0.9998558003977622
1175.358488,0.9998027894485578
1175.599542,0.9998253552521698
1175.840596,0.9998177566083448
1176.08165,0.9998307743202809
1176.322704,0.9998072885712334
1176.563758,0.9998218258748951
1176.804812,0.9998153870430695
1177.045866,0.9998185164701285
1177.28692,0.9998338738004855
1177.527974,0.9998313342256713
1177.769028,0.9998074285442635
1178.010082,0.9998149871169947
1178.251136,0.9998222258037055
1178.49219,0.9998176166338687
1178.733244,0.9998111878272623
1178.974298,0.9998135973751285
1179.215352,0.9998243654255581
1179.456406,0.9998193063270685
1179.69746,0.9998273049135135
1179.938514,0.9998176566265741
1180.179568,0.9998068486561231
1180.420622,0.9997928214644375
1180.661676,0.9997924915328609
1180.90273,0.9998226857220351
1181.143784,0.9997951009946691
1181.384838,0.9998170467379895
1181.625892,0.9998273149117866
1181.866946,0.9998232856158266
1182.108,0.9998342537374297
1182.349054,0.9998324940306917
1182.590108,0.9998438221970231
1182.831162,0.9998315341919581
1183.072216,0.9998442121361897
1183.31327,0.9998172467014189
1183.554324,0.9998156070024788
1183.795378,0.999855840391995
1184.036432,0.9998351035969066
1184.277486,0.9998598998149476
1184.51854,0.9998452619731636
1184.759594,0.9998422724402997
1185.000648,0.9998308143135127
1185.241702,0.9998404527290198
1185.482756,0.9998620495160432
1185.72381,0.9998531807789969
1185.964864,0.9998557704020886
1186.205918,0.9998431223065924
1186.446972,0.9998353535557137
1186.688026,0.999864659159398
1186.92908,0.9998391529372761
1187.170134,0.9998630493785926
1187.411188,0.9998753077747218
1187.652242,0.9998721781699064
1187.893296,0.9998531207878079
1188.13435,0.9998752877772159
1188.375404,0.9998696484964956
1188.616458,0.9998763576443461
1188.857512,0.9998841167149867
1189.098566,0.9998771875420674
1189.33962,0.999865739013813
1189.580674,0.9998702684158698
1189.821728,0.9998742779036852
1190.062782,0.9998994850519659
1190.303836,0.999887396340268
1190.54489,0.9998637292856973
1190.785944,0.9998711183059592
1191.026998,0.9998750078121745
1191.268052,0.9998851765927121
1191.509106,0.9998556704165166
1191.75016,0.999844792046001
1191.991214,0.9998556204237343
1192.232268,0.9998383130727404
1192.473322,0.9998256352033085
1192.714376,0.9998483015073801
1192.95543,0.9998529108186746
1193.196484,0.9998525508716914
1193.437538,0.9998447620506576
1193.678592,0.9998511410805886
1193.919646,0.9998369532935593
1194.1607,0.9998254552347103
1194.401754,0.9998253652504234
1194.642808,0.9998139373118093
1194.883862,0.9998189963831317
1195.124916,0.9997963807332174
1195.36597,0.9998096881116054
1195.607024,0.9998168567727688
1195.848078,0.9997923615598454
1196.089132,0.9997869526978004
1196.330186,0.9997857229606049
1196.57124,0.9997834134582523
1196.812294,0.9997719360105465
1197.053348,0.9997444926475648
1197.294402,0.9997701164272788
1197.535456,0.9997780246401766
1197.77651,0.999772085976348
1198.017564,0.9997495413700007
1198.258618,0.9997439427882451
1198.499672,0.9997553399341564
1198.740726,0.999727327181992
1198.98178,0.9997593589587013
1199.222834,0.9997294965926458
1199.463888,0.9997242880155369
1199.704942,0.9997197192859802
1199.945996,0.9997193793813335
1200.18705,0.9997231383332668
1200.428104,0.9997137809684845
1200.669158,0.9997013046183506
1200.910212,0.9996993452057138
1201.151266,0.9996962461425472
1201.39232,0.9997053534168331
1201.633374,0.9997066830258373
1201.874428,0.9996960262093972
1202.115482,0.9997110417564774
1202.356536,0.9996973358120493
1202.59759,0.9996687148870356
1202.838644,0.9996700244539098
1203.079698,0.9996791014989416
1203.320752,0.9996647762000581
1203.561806,0.9996751227840353
1203.80286,0.9996594679941898
1204.043914,0.9996609374946878
1204.284968,0.9996878787199847
1204.526022,0.9996758625438998
1204.767076,0.9996861992457592
1205.00813,0.9996865391391248
1205.249184,0.9996688648373541
1205.490238,0.999700114974506
1205.731292,0.9997045136646889
1205.972346,0.999706553063977
1206.2134,0.9997039338362391
1206.454454,0.9997015145556466
1206.695508,0.9997335055159651
1206.936562,0.9997336654733388
1207.177616,0.9997116615775153
1207.41867,0.9997427330988061
1207.659724,0.9997623782365244
1207.900778,0.9997493214251258
1208.141832,0.9997590090429869
1208.382886,0.9997614784507889
1208.62394,0.9997430430191014
1208.864994,0.9997680768983215
1209.106048,0.9997596888793442
1209.347102,0.9997729457807117
1209.588156,0.9997940112186029
1209.82921,0.9997606986371398
1210.070264,0.9997813739021691
1210.311318,0.9997912717867652
1210.552372,0.999803559297002
1210.793426,0.9997970905888998
1211.03448,0.9998253352556629
1211.275534,0.9998029694130761
1211.516588,0.9998190463740827
1211.757642,0.9998166468112508
1211.998696,0.9998410426350609
1212.23975,0.9998165768240881
1212.480804,0.999835423544191
1212.721858,0.999841402577901
1212.962912,0.9998273449066064
1213.203966,0.9998448320397935
1213.44502,0.999846281815851
1213.686074,0.9998704283951256
1213.927128,0.9998616095768382
1214.168182,0.9998622094939839
1214.409236,0.9998544105991656
1214.65029,0.999851301056784
1214.891344,0.9998781374258467
1215.132398,0.999885656537712
1215.373452,0.9998692585474087
1215.614506,0.9998763276480559
1215.85556,0.9998830368407238
1216.096614,0.9998908659555531
1216.337668,0.9998942555913342
1216.578722,0.9998770375605005
1216.819776,0.9998990750932611
1217.06083,0.9998797672285391
1217.301884,0.9998897060828214
1217.542938,0.9998888761747097
1217.783992,0.9999020257997855
1218.025046,0.9999187423015856
1218.2661,0.999910640992754
1218.507154,0.9998947655375345
1218.748208,0.9998871063729652
1218.989262,0.9999160175267253
1219.230316,0.9998855865457186
1219.47137,0.9998979152110067
1219.712424,0.9998922858015908
1219.953478,0.999902495753848
1220.194532,0.9999101290386369
1220.435586,0.9998826768828952
1220.67664,0.9998911259272121
1220.917694,0.9998668788614052
1221.158748,0.9999020277995895
1221.399802,0.9998683986602162
1221.640856,0.999876617612233
1221.88191,0.9998700084496338
1222.122964,0.9998614196031504
1222.364018,0.999853380749653
1222.605072,0.9998517709870058
1222.846126,0.9998517409914532
1223.08718,0.9998655590379962
1223.328234,0.9998681986865564
1223.569288,0.9998592399076316
1223.810342,0.9998430723144376
1224.051396,0.9998320141112098
1224.29245,0.9998169267599512
1224.533504,0.9998141272764756
1224.774558,0.9998074585384868
1225.015612,0.9998039792145852
1225.256666,0.9997581292554459
1225.49772,0.9997624682151425
1225.738774,0.9997524706404483
1225.979828,0.9997515908586613
1226.220882,0.999743812821541
1226.461936,0.9997262474770617
1226.70299,0.9997129811977796
1226.944044,0.9996989453260556
1227.185098,0.9996929371534489
1227.426152,0.9996577885676943
1227.667206,0.9996557792575586
1227.90826,0.9996339869991073
1228.149314,0.9996263698171478
1228.390368,0.9996279492280599
1228.631422,0.9995969512459805
1228.872476,0.9995732410875006
1229.11353,0.9995690928671576
1229.354584,0.9995307401368662
1229.595638,0.9995244131273061
1229.836692,0.9995154274432227
1230.077746,0.9994941679761763
1230.3188,0.9994825439265967
1230.559854,0.9994630542070155
1230.800908,0.9994514505083157
1231.041962,0.9994035479482869
1231.283016,0.9994025885213415
1231.52407,0.9993719872825882
1231.765124,0.999382290860892
1232.006178,0.9993434156459053
1232.247232,0.999312206638366
1232.488286,0.9992794097499439
1232.72934,0.999303032994416
1232.970394,0.999271145743397
1233.211448,0.999249901464666
1233.452502,0.9992467538324339
1233.693556,0.999247982906697
1233.93461,0.9992095225920085
1234.175664,0.9991973722780878
1234.416718,0.9991939050692216
1234.657772,0.9991946244890922
1234.898826,0.9991763493865367
1235.13988,0.9991684559245557
1235.380934,0.9991614517782292
1235.621988,0.9991730720934854
1235.863042,0.9991601928355931
1236.104096,0.9991402897627871
1236.34515,0.9991647989746992
1236.586204,0.9991383514325051
1236.827258,0.9991356637539547
1237.068312,0.9991723127222392
1237.309366,0.9991621312082474
1237.55042,0.9991679663321322
1237.791474,0.9991730621017547
1238.032528,0.9991599530371756
1238.273582,0.9991602028271951
1238.514636,0.9991883595584372
1238.75569,0.9991754801034908
1238.996744,0.9992184255885175
1239.237798,0.9991818049042979
1239.478852,0.9991854219489784
1239.719906,0.9991929458435331
1239.96096,0.9992048862705799
1240.202014,0.9992402687420456
1240.443068,0.9992148983537007
1240.684122,0.999220194206696
1240.925176,0.9992582252510137
1241.16623,0.9992439859227593
1241.407284,0.9992674884176965
1241.648338,0.9992752727417512
1241.889392,0.9992503011647065
1242.130446,0.9992742834597208
1242.3715,0.9992760521767678
1242.612554,0.9993140853470803
1242.853608,0.9992793497931811
1243.094662,0.9993077697020184
1243.335716,0.9993311337907992
1243.57677,0.9993308739647382
1243.817824,0.9993309938844502
1244.058878,0.9993204210184655
1244.299932,0.9993639923386698
1244.540986,0.9993517302177121
1244.78204,0.9993471432037976
1245.023094,0.9993995603360859
1245.264148,0.9993737161976217
1245.505202,0.9993878274541197
1245.746256,0.9994144714887631
1245.98731,0.9993908855855507
1246.228364,0.9994260847523947
1246.469418,0.999400139987999
1246.710472,0.9994077854283137
1246.951526,0.9994080052980506
1247.19258,0.999398920720572
1247.433634,0.9993945633507767
1247.674688,0.9993912853419848
1247.915742,0.9994116831262774
1248.156796,0.9994384377351435
1248.39785,0.9994179894338943
1248.638904,0.9994223968769461
1248.879958,0.9994300324932263
1249.121012,0.9994114132851594
1249.362066,0.9994154309271162
1249.60312,0.9994145514419239
1249.844174,0.9994077354579256
1250.085228,0.9994018089876264
1250.326282,0.9994035279602161
1250.567336,0.9994018489636995
1250.80839,0.9993849792028703
1251.049444,0.999411583185114
1251.290498,0.9994027184436863
1251.531552,0.9994120529086685
1251.772606,0.999393633914265
1252.01366,0.9994153509738849
1252.254714,0.9994116231615782
1252.495768,0.9994162304597808
1252.736822,0.9994019389098701
1252.977876,0.9994041575846371
1253.21893,0.9994027284377136
1253.459984,0.9993789129544576
1253.701038,0.9994073556830584
1253.942092,0.9993916051472473
1254.183146,0.99938079178858
1254.4242,0.9993888768118895
1254.665254,0.9993987408287824
1254.906308,0.9993817012255143
1255.147362,0.9993952029635019
1255.388416,0.9993831103547065
1255.62947,0.9993479027079151
1255.870524,0.9993870479319183
1256.111578,0.9993803920363432
1256.352632,0.9993865482385192
1256.593686,0.9993695388242188
1256.83474,0.999364482027146
1257.075794,0.9993637724786156
1257.316848,0.9993746556093566
1257.557902,0.9993888967996671
1257.798956,0.9993905657805184
1258.04001,0.9994069459261266
1258.281064,0.9993887968607825
1258.522118,0.9994235961845419
1258.763172,0.9994292229552277
1259.004226,0.9994548386544759
1259.24528,0.9994398969163277
1259.486334,0.9994396770395747
1259.727388,0.9994312517986097
1259.968442,0.9994492517175433
1260.209496,0.9994679315986209
1260.45055,0.9994673419127151
1260.691604,0.99946582272351
1260.932658,0.9994924188629128
1261.173712,0.9994735086452391
1261.414766,0.9994872015261036
1261.65582,0.999508111017072
1261.896874,0.9995108796583742
1262.137928,0.9995204350280582
1262.378982,0.9995117192478656
1262.620036,0.9995245030845072
1262.86109,0.999567143709327
1263.102144,0.9995552389355384
1263.343198,0.9995485019559317
1263.584252,0.99955479913133
1263.825306,0.9995954518516782
1264.06636,0.9996042783184869
1264.307414,0.9995913635146407
1264.548468,0.9996209618531157
1264.789522,0.9996153539952497
1265.030576,0.9996499712743533
1265.27163,0.9996548795677621
1265.512684,0.9996424639312592
1265.753738,0.9996645862637686
1265.994792,0.9996759025309351
1266.235846,0.9996720737795605
1266.4769,0.9996939268499465
1266.717954,0.9997143008197857
1266.959008,0.9996945566573188
1267.200062,0.9997214388053762
1267.441116,0.9997269072966027
1267.68217,0.9997348251650633
1267.923224,0.9997285068609341
1268.164278,0.9997366746762006
1268.405332,0.9997421832404542
1268.646386,0.9997448725505442
1268.88744,0.999789462166201
1269.128494,0.999778784471764
1269.369548,0.9997991801670026
1269.610602,0.9998017496541974
1269.851656,0.9997949410274657
1270.09271,0.9998188564084819
1270.333764,0.9998093181820892
1270.574818,0.9998324540373927
1270.815872,0.9998239754941316
1271.056926,0.9998390529533658
1271.29798,0.9998380131212914
1271.539034,0.9998492613622103
1271.780088,0.999858520009238
1272.021142,0.9998771175506668
1272.262196,0.9998692685461014
1272.50325,0.9998402127673399
1272.744304,0.9998761476703331
1272.985358,0.9998539906604014
1273.226412,0.9998635793061492
1273.467466,0.9998919458382715
1273.70852,0.9998806071278963
1273.949574,0.9998917758566551
1274.190628,0.9998971652878516
1274.431682,0.9998777074783401
1274.672736,0.9999079292387727
1274.91379,0.9999103350201446
1275.154844,0.9998913759000249
1275.395898,0.9998996450358963
1275.636952,0.9998799472069134
1275.878006,0.9998923857908245
1276.11906,0.9999350221111545
1276.360114,0.999911113950599
1276.601168,0.9999076242669008
1276.842222,0.9999032596796465
1277.083276,0.9999086141759388
1277.32433,0.999913991698926
1277.565384,0.9999266646891654
1277.806438,0.9999088801516656
1278.047492,0.9999138797085653
1278.288546,0.999917246424266
1278.5296,0.9999225549990189
1278.770654,0.9999201251901625
1279.011708,0.9999340981716209
1279.252762,0.9999267236848404
1279.493816,0.9999352240980494
1279.73487,0.9999146936387946
1279.975924,0.9999371249767172
1280.216978,0.9999389628628419
1280.458032,0.9999443675475422
1280.699086,0.9999116669015979
1280.94014,0.9999199032079193
1281.181194,0.9999514151802806
1281.422248,0.9999703124406844
1281.663302,0.9999244458543582
1281.904356,0.9999457574711792
1282.14541,0.9999385588875824
1282.386464,0.9999511301941678
1282.627518,0.999956316954132
1282.868572,0.9999452035013829
1283.109626,0.9999620627196368
1283.35068,0.9999545140345178
1283.591734,0.999963317672813
1283.832788,0.9999379879228284
1284.073842,0.9999401517909755
1284.314896,0.9999455674815033
1284.55595,0.9999855581042851
1284.797004,0.999946595426075
1285.038058,0.9999604567818536
1285.279112,0.9999446505318383
1285.520166,0.9999478493598919
1285.76122,0.9999843061231501
1286.002274,0.999956022967018
1286.243328,0.9999453454936119
1286.484382,0.9999625617008306
1286.725436,0.9999754973001961
1286.96649,0.9999498392580921
1287.207544,0.9999806141879073
1287.448598,0.9999572079156074
1287.689652,0.9999615177404612
1287.930706,0.9999672895349989
1288.17176,0.9999891350590239
1288.412814,0.9999792332156326
1288.653868,0.9999839381289932
1288.894922,0.9999836781332031
1289.135976,0.9999771402612878
1289.37703,0.9999590608380303
1289.618084,0.9999680395107473
1289.859138,0.9999641486426752
1290.100192,0.9999825431523726
1290.341246,0.9999775362523138
1290.5823,0.9999691374762575
1290.823354,0.9999832151408673
1291.064408,0.9999972024039133
1291.305462,0.9999804241916086
1291.546516,0.9999750383115481
1291.78757,0.9999885750652651
1292.028624,0.9999649856130179
1292.269678,0.9999930037244741
1292.510732,0.9999738503419082
1292.751786,0.9999814761715682
1292.99284,0.9999997778200247
1293.233894,0.9999696064618929
1293.474948,0.9999664125640706
1293.716002,0.9999539550601008
1293.957056,0.9999756422966537
1294.19811,0.9999893880563071
1294.439164,0.9999885960650253
1294.680218,0.9999912755380583
1294.921272,0.9999860490973147
1295.162326,0.9999681145083531
1295.40338,0.9999870770835017
1295.644434,0.9999987952007258
1295.885488,0.9999861980952471
1296.126542,0.9999945268149779
1296.367596,0.9999979795020412
1296.60865,0.9999945516148425
1296.849704,0.9999786192285719
1297.090758,0.9999772382590524
1297.331812,0.9999849361134615
1297.572866,0.9999797802044228
1297.81392,0.9999957944088436
1298.054974,0.9999933910218394
1298.296028,0.9999932396228515
1298.537082,0.999978549230071
1298.778136,0.9999856531029178
1299.01919,0.9999582918698082
1299.260244,0.9999965791058513
1299.501298,0.999979123217923
1299.742352,0.9999973031036367
1299.983406,0.9999805721887224
1300.22446,0.9999986986008468
1300.465514,0.9999634416682721
1300.706568,0.9999877070755586
1300.947622,0.9999718363966017
1301.188676,0.9999934216216376
1301.42973,0.9999907586427016
1301.670784,0.9999997503900312
1301.911838,0.999967376532157
1302.152892,0.9999918008336134
1302.393946,0.9999751623084606
1302.635,0.9999770662629822
1302.876054,1.0
1303.117108,0.9999708364252653
1303.358162,0.9999720033919124
1303.599216,0.9999748053173914
1303.84027,0.9999838141309926
1304.081324,0.9999852101093715
1304.322378,0.9999744233270886
1304.563432,0.9999898780512273
1304.804486,0.9999723773815116
1305.04554,0.9999801341973277
1305.286594,0.9999800861982824
1305.527648,0.9999607787691726
1305.768702,0.9999971344041059
1306.009756,0.999946135450747
1306.25081,0.9999998240800154
1306.491864,0.9999672505362754
1306.732918,0.9999573439097968
1306.973972,0.9999471963941595
1307.215026,0.9999856211033773
1307.45608,0.9999984927011359
1307.697134,0.9999824061547735
1307.938188,0.9999526911191005
1308.179242,0.9999681095085126
1308.420296,0.9999608267672911
1308.66135,0.9999872890807844
1308.902404,0.9999763592794463
1309.143458,0.9999634336685645
1309.384512,0.9999466044255945
1309.625566,0.9999825571521282
1309.86662,0.9999681485072696
1310.107674,0.9999793112140158
1310.348728,0.9999739983380491
1310.589782,1.0
1310.830836,0.999970070447898
1311.07189,0.999997503203117
1311.312944,0.9999783032353782
1311.553998,0.9999980756018516
1311.795052,0.9999665815584086
1312.036106,0.9999745883228821
1312.27716,0.9999882190693957
1312.518214,0.9999741503341084
1312.759268,0.9999886570643316
1313.000322,0.9999832241407163
1313.241376,0.9999974136033447
1313.48243,0.9999875230778374
1313.723484,0.9999782892356821
1313.964538,0.9999562269580675
1314.205592,0.9999780752403511
1314.446646,0.999986689088591
1314.6877,0.9999737683440559
1314.928754,0.9999760932857701
1315.169808,0.9999674105310483
1315.410862,0.9999782332368994
1315.651916,0.9999818361649645
1315.89297,0.9999641286433925
1316.134024,0.9999806951863404
1316.375078,0.9999801211975861
1316.616132,0.9999725873757328
1316.857186,0.999984737116479
1317.09824,0.9999433876025423
1317.339294,0.9999526751198575
1317.580348,0.9999528681107424
1317.821402,0.9999725423769674
1318.062456,0.9999751103097535
1318.30351,0.9999422836656517
1318.544564,0.999943252610194
1318.785618,0.9999526631204254
1319.026672,0.9999772912578474
1319.267726,0.9999502742363667
1319.50878,0.9999427076412699
1319.749834,0.9999310483772724
1319.990888,0.9999524031327668
1320.231942,0.9999718453963483
1320.472996,0.9999492842860853
1320.71405,0.9999472043937371
1320.955104,0.9999435795916911
1321.196158,0.9999573599091145
1321.437212,0.9999684484977591
1321.678266,0.9999497702615555
1321.91932,0.9999347741272997
1322.160374,0.9999422186694054
1322.401428,0.999956475947199
1322.642482,0.9999586628544034
1322.883536,0.9999600337986699
1323.12459,0.9999397118174055
1323.365644,0.9999540470558689
1323.606698,0.9999711114172831
1323.847752,0.9999291975066148
1324.088806,0.9999523221366254
1324.32986,0.999943132617011
1324.570914,0.9999122538499187
1324.811968,0.9999328622538394
1325.053022,0.9999522791386766
1325.294076,0.9999297374685273
1325.53513,0.9999604577818141
1325.776184,0.999930128441131
1326.017238,0.9999483823322377
1326.258292,0.9999551160073166
1326.499346,0.9999417606959741
1326.7404,0.9999245458468078
1326.981454,0.9999622317132397
1327.222508,0.9999572309146234
1327.463562,0.9999445195390977
1327.704616,0.9999690214798442
1327.94567,0.9999553159983597
1328.186724,0.9999634116693693
1328.427778,0.9999652826026628
1328.668832,0.9999520581492473
1328.909886,0.9999457694705284
1329.15094,0.9999502622369636
1329.391994,0.9999441675586888
1329.633048,0.999969708458798
1329.874102,0.9999577038945054
1330.115156,0.9999441935572375
1330.35621,0.9999566449398578
1330.597264,0.9999726053752396
1330.838318,0.9999546670275703
1331.079372,0.9999539410607455
1331.320426,0.9999396498211454
1331.56148,0.9999910918396779
1331.802534,0.9999590888368844
1332.043588,0.9999441145616493
1332.284642,0.9999467984152545
1332.525696,0.9999559929683378
1332.76675,0.999963571663528
1333.007804,0.9999687304889013
1333.248858,0.9999767502702791
1333.489912,0.9999292934998224
1333.730966,0.999963029683419
1333.97202,0.9999780342412508
1334.213074,0.9999580628793856
1334.454128,0.9999410877353956
1334.695182,0.9999126688135901
1334.936236,0.9999576968948016
1335.17729,0.9999618117291906
1335.418344,0.9999634406683087
1335.659398,0.9999526151226987
1335.900452,0.999947493378521
1336.141506,0.9999687514882449
1336.38256,0.9999582958696415
1336.623614,0.9999638076549587
1336.864668,0.999941387717767
1337.105722,0.9999533340888875
1337.346776,0.9999791322177352
1337.58783,0.9999432566099671
1337.828884,0.9999504412280765
1338.069938,0.9999236969112287
1338.310992,0.999938288904208
1338.552046,0.9999688554850005
1338.7931,0.9999275866219752
1339.034154,0.9998965353528358
1339.275208,0.9999263827098857
1339.516262,0.999900557944689
1339.757316,0.9999332602271978
1339.99837,0.9999174524072401
1340.239424,0.9999211411095258
1340.480478,0.9999026307406941
1340.721532,0.9998952154902803
1340.962586,0.9999457184732954
1341.20364,0.9999452624981517
1341.444694,0.9998870163831296
1341.685748,0.9999039346145747
1341.926802,0.9998899360574802
1342.167856,0.9998774575089445
1342.40891,0.9999192482605972
1342.649964,0.9998722881558519
1342.891018,0.9998567302640889
1343.132072,0.9998721181775775
1343.373126,0.9998675487724384
1343.61418,0.9998584300219753
1343.855234,0.9998384230549608
1344.096288,0.9998665689027209
1344.337342,0.9998528808230877
1344.578396,0.9998402127673399
1344.81945,0.9998423924213796
1345.060504,0.9998103279900106
1345.301558,0.9998333338903395
1345.542612,0.9998517109959014
1345.783666,0.9998202061648491
1346.02472,0.9998210260177544
1346.265774,0.9998042791558239
1346.506828,0.9998055789022317
1346.747882,0.9998127875264426
1346.988936,0.9998218958624254
1347.22999,0.9997913017805038
1347.471044,0.9998109978631546
1347.712098,0.9997908818682453
1347.953152,0.9998057588672521
1348.194206,0.9998119976746525
1348.43526,0.9997711261956063
1348.676314,0.9997982803481454
1348.917368,0.9997926415017458
1349.158422,0.9998151670837085
1349.399476,0.9998053889391897
1349.64053,0.9997560197680188
1349.881584,0.9997750153128515
1350.122638,0.9998177266138125
1350.363692,0.9997979404167879
1350.604746,0.9997697165193121
1350.8458,0.999779224374526
1351.086854,0.9997762050458275
1351.327908,0.9997884523793542
1351.568962,0.999771606085862
1351.810016,0.9997478018073122
1352.05107,0.9997792343723183
1352.292124,0.9997840233263204
1352.533178,0.9998042791558239
1352.774232,0.9997863428279452
1353.015286,0.9997978404369988
1353.25634,0.9998029594150465
1353.497394,0.9997879624831325
1353.738448,0.9998260251353822
1353.979502,0.9998056688847378
1354.220556,0.9998156369969475
1354.46161,0.9997890322568247
1354.702664,0.9997979704107266
1354.943718,0.9998325040290167
1355.184772,0.999837963129392
1355.425826,0.9998190963650363
1355.66688,0.999839452889067
1355.907934,0.9998690685722676
1356.148988,0.9998575201512179
1356.390042,0.9998765876159349
1356.631096,0.9998486214588878
1356.87215,0.9998773075273372
1357.113204,0.9998672388135463
1357.354258,0.9998805971290903
1357.595312,0.9998786073686818
1357.836366,0.999875427759766
1358.07742,0.9998752377834528
1358.318474,0.999898125189591
1358.559528,0.9998954454662062
1358.800582,0.9999038066268793
1359.041636,0.9998854065663292
1359.28269,0.9999131347730024
1359.523744,0.999943271609116
1359.764798,0.9999506942155701
1360.005852,0.9998965653497324
1360.246906,0.9999405317683054
1360.48796,0.9999496772662313
1360.729014,0.9999505982203081
1360.970068,0.9999533180896343
1361.211122,0.9999462814428933
1361.452176,0.999927798606646
1361.69323,0.9999651626068361
1361.934284,0.9999548010215046
1362.175338,0.9999390628567432
1362.416392,0.9999578768872033
1362.657446,0.9999593138277048
1362.8985,0.9999553909950113
1363.139554,0.9999744373267307
1363.380608,0.9999714764068054
1363.621662,0.9999574589048981
1363.862716,0.9999529641062224
1364.10377,0.9999519581540465
1364.344824,0.9999634366684549
1364.585878,0.9999640346467689
1364.826932,0.9999668705487924
1365.067986,0.9999519021567383
1365.30904,0.9999568739299557
1365.550094,0.9999845711190264
1365.791148,0.9999502832359193
1366.032202,0.9999437745807082
1366.273256,0.9999600447982303
1366.51431,0.9999658035847108
1366.755364,0.9999624767040165
1366.996418,0.999972919366687
1367.237472,0.9999566479397277
1367.478526,0.9999665765585757
1367.71958,0.9999816231688561
1367.960634,0.999965119608335
1368.201688,0.9999660435765324
1368.442742,0.999976480276593
1368.683796,0.9999622757115789
1368.92485,0.999974042336906
1369.165904,0.9999569029287054
1369.406958,0.9999308083938496
1369.648012,0.9999779472431656
1369.889066,0.99997269237286
1370.13012,0.9999793772126526
1370.371174,0.9999807401854726
1370.612228,0.999975217307096
1370.853282,0.9999604647815373
1371.094336,0.9999524861288197
1371.33539,0.9999671935381438
1371.576444,0.9999794562110266
1371.817498,0.9999577068943786
1372.058552,0.9999685234953956
1372.299606,0.9999587588504396
1372.54066,0.9999650706100454
1372.781714,0.9999615757382309
1373.022768,0.9999688994836311
1373.263822,0.9999853761069302
1373.504876,0.9999783482344029
1373.74593,0.9999693964682976
1373.986984,0.9999710674185552
1374.228038,1.0
1374.469092,0.999971300411841
1374.710146,0.9999858730997856
1374.9512,0.9999714324080614
1375.192254,0.9999818811641481
1375.433308,0.9999700804475987
1375.674362,1.0
1375.915416,0.9999823291561312
1376.15647,0.999992579227534
1376.397524,0.9999976472027678
1376.638578,1.0
1376.879632,0.9999744393266796
1377.120686,0.9999633366721162
1377.36174,0.999985836100309
1377.602794,0.9999889630609075
1377.843848,0.9999802121957811
1378.084902,0.9999941939168554
1378.325956,0.9999932518227691
1378.56701,1.0
1378.808064,1.0
1379.049118,0.9999974281033074
1379.290172,0.9999898170518465
1379.531226,0.9999877990744319
1379.77228,0.9999731313609683
1380.013334,1.0
1380.254388,1.0
1380.495442,1.0
1380.736496,0.9999741473341859
1380.97755,1.0
1381.218604,1.0
1381.459658,0.9999995606000965
1381.700712,0.9999862270948473
1381.941766,1.0
1382.18282,1.0
1382.423874,1.0
1382.664928,1.0
1382.905982,0.999998612200963
1383.147036,1.0
1383.38809,0.9999815401703848
1383.629144,0.9999914131368673
1383.870198,1.0
1384.111252,0.9999991048004007
1384.352306,1.0
1384.59336,0.9999980741018546
1384.834414,1.0
1385.075468,1.0
1385.316522,1.0
1385.557576,0.9999952821111293
1385.79863,1.0
1386.039684,1.0
1386.280738,0.9999805041900458
1386.521792,0.9999959281082902
1386.762846,1.0
1387.0039,1.0
1387.244954,1.0
1387.486008,0.9999764492773227
1387.727062,1.0
1387.968116,1.0
1388.20917,1.0
1388.450224,1.0
1388.691278,0.9999885890651052
1388.932332,1.0
1389.173386,1.0
1389.41444,1.0
1389.655494,1.0
1389.896548,1.0
1390.137602,0.9999952841111198
1390.378656,1.0
1390.61971,1.0
1390.860764,1.0
1391.101818,0.9999793192138504
1391.342872,1.0
1391.583926,1.0
1391.82498,1.0
1392.066034,1.0
1392.307088,0.9999622967107868
1392.548142,1.0
1392.789196,0.9999802821943985
1393.03025,1.0
1393.271304,0.999999297020247
1393.512358,0.9999647576210272
1393.753412,1.0
1393.994466,1.0
1394.23552,0.999998371501326
1394.476574,1.0
1394.717628,1.0
1394.958682,1.0
1395.199736,1.0
1395.44079,1.0
1395.681844,1.0
1395.922898,1.0
1396.163952,1.0
1396.405006,1.0
1396.64606,1.0
1396.887114,0.9999682025055511
1397.128168,1.0
1397.369222,0.9999975168030831
1397.610276,1.0
1397.85133,1.0
1398.092384,0.9999935605207335
1398.333438,0.9999383419009388
1398.574492,1.0
1398.815546,1.0
1399.0566,0.9999944864151998
1399.297654,0.9999805311895198
1399.538708,1.0
1399.779762,1.0
