nu,[0]Brominenitrate-HITRAN(x-sec)-X=0.01-T=204.0K-P=0.0atm-L=15cm
1230,0.9999874110792412
1230.119202,0.9999903478465824
1230.238404,0.999988888061738
1230.357606,0.9999848661145184
1230.476808,0.999988580065208
1230.59601,0.9999844301212119
1230.715212,0.9999922438300792
1230.834414,0.9999847641160673
1230.953616,0.9999850181122296
1231.072818,0.999993425521612
1231.19202,0.9999981712016722
1231.311222,0.9999926259271886
1231.430424,0.9999886930639239
1231.549626,0.9999913099377588
1231.668828,0.9999835051360417
1231.78803,0.9999898430515821
1231.907232,0.9999931146237043
1232.026434,0.9999877200753989
1232.145636,0.9999882900685618
1232.264838,0.9999953815106652
1232.38404,0.9999864710915165
1232.503242,0.9999871070831143
1232.622444,0.9999866290893914
1232.741646,0.9999882770687141
1232.860848,0.9999991389903706
1232.98005,0.9999876710760018
1233.099252,0.9999850281120798
1233.218454,0.9999892140581687
1233.337656,0.9999902163478602
1233.456858,0.9999934727213028
1233.57606,0.9999850381119302
1233.695262,0.9999853011080297
1233.814464,0.9999887740630113
1233.933666,0.9999954742102414
1234.052868,0.9999898650513589
1234.17207,1.0
1234.291272,0.9999895880542047
1234.410474,0.9999902845471953
1234.529676,0.9999959629081491
1234.648878,0.9999879110730716
1234.76808,0.9999926040273504
1234.887282,0.9999928658254483
1235.006484,0.9999941582170633
1235.125686,0.9999973747034461
1235.244888,0.9999990008304992
1235.36409,0.9999994277001638
1235.483292,0.9999965388059899
1235.602494,0.9999946704142023
1235.721696,0.999993893618644
1235.840898,0.9999910175403426
1235.9601,0.9999906076441084
1236.079302,0.9999980524018965
1236.198504,0.9999969322047056
1236.317706,0.9999975128030931
1236.436908,1.0
1236.55611,0.9999943153161579
1236.675312,0.999996946804661
1236.794514,0.9999934971211438
1236.913716,0.9999965130060796
1237.032918,0.9999956499094617
1237.15212,0.9999926786268014
1237.271322,0.9999904959451638
1237.390524,0.999996056407776
1237.509726,1.0
1237.628928,1.0
1237.74813,0.9999944112156173
1237.867332,0.9999990041704958
1237.986534,1.0
1238.105736,0.9999959097083653
1238.224938,0.999999335190221
1238.34414,0.9999943474159759
1238.463342,0.9999974610032233
1238.582544,0.9999921287309786
1238.701746,0.9999972968036537
1238.820948,0.9999956241095742
1238.94015,0.9999962255071234
1239.059352,0.9999941487171188
1239.178554,1.0
1239.297756,0.9999975973028865
1239.416958,0.9999988957006097
1239.53616,0.9999983011014432
1239.655362,0.9999979318021387
1239.774564,0.9999932537227563
1239.893766,0.9999937948192522
1240.012968,1.0
1240.13217,1.0
1240.251372,0.9999979953020094
1240.370574,0.9999989684005322
1240.489776,1.0
1240.608978,0.9999953620107555
1240.72818,0.9999963904065146
1240.847382,1.0
1240.966584,0.9999999925284
1241.085786,0.9999971265041285
1241.204988,1.0
1241.32419,0.9999991824403343
1241.443392,0.9999933708219731
1241.562594,0.9999982638015072
1241.681796,1.0
1241.800998,1.0
1241.9202,0.9999937229197009
1242.039402,1.0
1242.158604,0.9999996118800754
1242.277806,0.9999985130011055
1242.397008,0.9999948049134945
1242.51621,0.999998388801298
1242.635412,1.0
1242.754614,1.0
1242.873816,0.9999984087012661
1242.993018,1.0
1243.11222,1.0
1243.231422,1.0
1243.350624,0.9999996072200772
1243.469826,1.0
1243.589028,1.0
1243.70823,1.0
1243.827432,1.0
1243.946634,1.0
1244.065836,1.0
1244.185038,1.0
1244.30424,1.0
1244.423442,1.0
1244.542644,1.0
1244.661846,1.0
1244.781048,0.9999999545630011
1244.90025,0.9999999477530014
1245.019452,1.0
1245.138654,1.0
1245.257856,1.0
1245.377058,1.0
1245.49626,1.0
1245.615462,1.0
1245.734664,1.0
1245.853866,1.0
1245.973068,1.0
1246.09227,1.0
1246.211472,1.0
1246.330674,1.0
1246.449876,1.0
1246.569078,1.0
1246.68828,1.0
1246.807482,1.0
1246.926684,1.0
1247.045886,1.0
1247.165088,0.9999986091009673
1247.28429,1.0
1247.403492,1.0
1247.522694,1.0
1247.641896,1.0
1247.761098,1.0
1247.8803,1.0
1247.999502,1.0
1248.118704,1.0
1248.237906,1.0
1248.357108,1.0
1248.47631,1.0
1248.595512,1.0
1248.714714,1.0
1248.833916,1.0
1248.953118,1.0
1249.07232,1.0
1249.191522,1.0
1249.310724,1.0
1249.429926,1.0
1249.549128,1.0
1249.66833,1.0
1249.787532,1.0
1249.906734,1.0
1250.025936,1.0
1250.145138,1.0
1250.26434,1.0
1250.383542,1.0
1250.502744,1.0
1250.621946,1.0
1250.741148,1.0
1250.86035,1.0
1250.979552,1.0
1251.098754,1.0
1251.217956,1.0
1251.337158,0.9999975590029793
1251.45636,1.0
1251.575562,1.0
1251.694764,1.0
1251.813966,1.0
1251.933168,1.0
1252.05237,1.0
1252.171572,1.0
1252.290774,1.0
1252.409976,1.0
1252.529178,1.0
1252.64838,1.0
1252.767582,1.0
1252.886784,0.999996460506264
1253.005986,1.0
1253.125188,1.0
1253.24439,1.0
1253.363592,1.0
1253.482794,1.0
1253.601996,1.0
1253.721198,1.0
1253.8404,1.0
1253.959602,0.9999999960923
1254.078804,1.0
1254.198006,1.0
1254.317208,1.0
1254.43641,1.0
1254.555612,0.9999995468401027
1254.674814,1.0
1254.794016,1.0
1254.913218,1.0
1255.03242,1.0
1255.151622,1.0
1255.270824,1.0
1255.390026,1.0
1255.509228,1.0
1255.62843,1.0
1255.747632,1.0
1255.866834,1.0
1255.986036,1.0
1256.105238,1.0
1256.22444,1.0
1256.343642,1.0
1256.462844,1.0
1256.582046,1.0
1256.701248,1.0
1256.82045,1.0
1256.939652,1.0
1257.058854,1.0
1257.178056,1.0
1257.297258,1.0
1257.41646,1.0
1257.535662,1.0
1257.654864,1.0
1257.774066,1.0
1257.893268,1.0
1258.01247,1.0
1258.131672,1.0
1258.250874,1.0
1258.370076,1.0
1258.489278,1.0
1258.60848,1.0
1258.727682,1.0
1258.846884,1.0
1258.966086,1.0
1259.085288,1.0
1259.20449,1.0
1259.323692,1.0
1259.442894,1.0
1259.562096,1.0
1259.681298,1.0
1259.8005,1.0
1259.919702,1.0
1260.038904,0.9999993019702437
1260.158106,1.0
1260.277308,0.9999988054007135
1260.39651,0.9999977156026092
1260.515712,0.9999995602200967
1260.634914,1.0
1260.754116,1.0
1260.873318,1.0
1260.99252,1.0
1261.111722,1.0
1261.230924,1.0
1261.350126,1.0
1261.469328,1.0
1261.58853,1.0
1261.707732,1.0
1261.826934,0.9999989807005195
1261.946136,0.9999993242302283
1262.065338,1.0
1262.18454,0.9999999844100002
1262.303742,0.9999990155104846
1262.422944,0.9999979808020386
1262.542146,0.999999590170084
1262.661348,0.9999976910026658
1262.78055,0.999996802505112
1262.899752,0.9999950522122404
1263.018954,0.9999952185114314
1263.138156,0.9999947543137586
1263.257358,0.999992464228394
1263.37656,0.9999982002016197
1263.495762,0.9999932438228231
1263.614964,0.9999894260559046
1263.734166,0.9999971573040405
1263.853368,0.9999917863337323
1263.97257,0.9999953536107945
1264.091772,0.9999956797093325
1264.210974,0.9999981891016396
1264.330176,0.9999977785024675
1264.449378,0.9999882000696197
1264.56858,0.9999917814337727
1264.687782,0.9999873760796824
1264.806984,0.9999839611286241
1264.926186,0.9999933833218904
1265.045388,0.9999843871218822
1265.16459,0.9999835061360253
1265.283792,0.9999801061978844
1265.402994,0.9999868560863819
1265.522196,0.9999884020672566
1265.641398,0.9999904438456604
1265.7606,0.9999805291895587
1265.879802,0.9999899180508232
1265.999004,0.9999826301508575
1266.118206,0.9999803551929618
1266.237408,0.9999746643209537
1266.35661,0.9999777042485539
1266.475812,0.9999832801397784
1266.595014,0.9999810521795122
1266.714216,0.99997602228747
1266.833418,0.9999846671175499
1266.95262,0.9999802591948522
1267.071822,0.9999726173749109
1267.191024,0.9999711304167345
1267.310226,0.999978565229728
1267.429428,0.9999774842534832
1267.54863,0.9999770472634181
1267.667832,0.999974884315404
1267.787034,0.999971796397729
1267.906236,0.9999713304109805
1268.025438,0.9999680425106514
1268.14464,0.9999659935782315
1268.263842,0.9999665415597461
1268.383044,0.9999476433706561
1268.502246,0.9999644826307567
1268.621448,0.9999591598339823
1268.74065,0.9999689454822015
1268.859852,0.9999548970171701
1268.979054,0.9999612257517406
1269.098256,0.9999612777497257
1269.217458,0.999958410864852
1269.33666,0.9999420676781418
1269.455862,0.9999457744702572
1269.575064,0.9999542820450975
1269.694266,0.9999527111181544
1269.813468,0.9999544250385701
1269.93267,0.9999577118941672
1270.051872,0.999937960924503
1270.171074,0.9999408327504508
1270.290276,0.9999413477201122
1270.409478,0.9999428016358888
1270.52868,0.9999328312559211
1270.647882,0.9999377919350019
1270.767084,0.9999303864231375
1270.886286,0.9999251168038865
1271.005488,0.9999367889978996
1271.12469,0.999934748128996
1271.243892,0.9999290815148346
1271.363094,0.9999197312217107
1271.482296,0.9999144726576717
1271.601498,0.9999075382748488
1271.7207,0.9999120198704786
1271.839902,0.9999198062156934
1271.959104,0.9999159265343719
1272.078306,0.9999101030409738
1272.197508,0.9998968453208098
1272.31671,0.9998801771793276
1272.435912,0.9998825269005049
1272.555114,0.9998933356890422
1272.674316,0.9998838767428274
1272.793518,0.9998668288680626
1272.91272,0.9998841967057192
1273.031922,0.999856630278421
1273.151124,0.9998373332316737
1273.270326,0.999855960374703
1273.389528,0.9998683486667974
1273.50873,0.9998449120273831
1273.627932,0.9998413425874187
1273.747134,0.9998291845906137
1273.866336,0.9998041891734428
1273.985538,0.9998115977499333
1274.10474,0.999819566280122
1274.223942,0.9997819337798953
1274.343144,0.9998025494959172
1274.462346,0.9998013897256324
1274.581548,0.9998016996641113
1274.70075,0.9998240054888513
1274.819952,0.9997523106800658
1274.939154,0.9997234382502532
1275.058356,0.9997100220517349
1275.177558,0.9997339254041255
1275.29676,0.9996910177448521
1275.415962,0.9996660357784697
1275.535164,0.9996243605701638
1275.654366,0.9996447931009136
1275.773568,0.9996458127391226
1275.89277,0.9996719438221994
1276.011972,0.9996868090545267
1276.131174,0.9996738432006971
1276.250376,0.9996715639469329
1276.369578,0.9996490416003123
1276.48878,0.9995880348809425
1276.607982,0.9995685730913645
1276.727184,0.9995843963871176
1276.846386,0.9995773393461904
1276.965588,0.9995697825700697
1277.08479,0.999496956568795
1277.203992,0.9995188957677735
1277.323194,0.9995230837607206
1277.442396,0.9995471425708934
1277.561598,0.9995039430769392
1277.6808,0.9994735586189158
1277.800002,0.9993941935748567
1277.919204,0.9993159041003707
1278.038406,0.9993177128637941
1278.157608,0.9993385488553218
1278.27681,0.9993530093887454
1278.396012,0.999311327244011
1278.515214,0.9994016390893333
1278.634416,0.9994778963435731
1278.753618,0.9995209547788196
1278.87282,0.9994545388180692
1278.992022,0.9993218900205642
1279.111224,0.9992567863202054
1279.230426,0.9993117569479741
1279.349628,0.9992251203743965
1279.46883,0.999204616485297
1279.588032,0.9992459844127297
1279.707234,0.9993881772399206
1279.826436,0.9994357692380772
1279.945638,0.9994209277271024
1280.06484,0.9993658411637658
1280.184042,0.9993093985750106
1280.303244,0.9992065749282646
1280.422446,0.9990113490377143
1280.541648,0.9988450674485541
1280.66085,0.99894895273751
1280.780052,0.9990481632842246
1280.899254,0.9991508507314645
1281.018456,0.9992647903991201
1281.137658,0.9992741735395557
1281.25686,0.999294998630329
1281.376062,0.9993495916072977
1281.495264,0.9991724426146482
1281.614466,0.9990604416616019
1281.733668,0.9992305162046152
1281.85287,0.999403887745551
1281.972072,0.9995072014651049
1282.091274,0.9994566876476377
1282.210476,0.9994258748729389
1282.329678,0.9994957571731667
1282.44888,0.9994871615466163
1282.568082,0.9995078111646837
1282.687284,0.9995345083748596
1282.806486,0.9995370471957351
1282.925688,0.9996486817267222
1283.04489,0.9996449330511944
1283.164092,0.9995634853002758
1283.283294,0.9995251727661487
1283.402496,0.9994200282486723
1283.521698,0.9993801421912765
1283.6409,0.9993939137445217
1283.760102,0.9993417567372123
1283.879304,0.9992815681958
1283.998506,0.9993063306998662
1284.117708,0.9992367614148577
1284.23691,0.9991412189636887
1284.356112,0.9990247158989884
1284.475314,0.9989122919836736
1284.594516,0.9989462555789789
1284.713718,0.99901593451033
1284.83292,0.9990053549876022
1284.952122,0.9990974875096045
1285.071324,0.9993452244591247
1285.190526,0.9998719481993318
1285.309728,0.9998914258945949
1285.42893,0.999858619995095
1285.548132,0.9998083783617718
1285.667334,0.9998065687102448
1285.786536,0.9998332439053434
1285.905738,0.9998237155399318
1286.02494,0.9997447925709576
1286.144142,0.9997453424307448
1286.263344,0.9997136909942482
1286.382546,0.9996427038454793
1286.501748,0.999587465115925
1286.62095,0.9995813876426126
1286.740152,0.9995125688331881
1286.859354,0.999455958044522
1286.978556,0.9995006747043892
1287.097758,0.9994719594625013
1287.21696,0.9993883371420417
1287.336162,0.9993208307399222
1287.455364,0.9992869643308379
1287.574566,0.9992200443236782
1287.693768,0.9992717852771349
1287.81297,0.9993210006244778
1287.932172,0.9991888491608534
1288.051374,0.9990709618234411
1288.170576,0.9991987311874381
1288.289778,0.9993038024580477
1288.40898,0.9991341850342665
1288.528182,0.9991014339524743
1288.647384,0.9990603517461661
1288.766586,0.9991127638269757
1288.885788,0.9991758897655216
1289.00499,0.9990177127602761
1289.124192,0.9990362547010936
1289.243394,0.9991178593150646
1289.362596,0.9991806258704636
1289.481798,0.9991676066317291
1289.601,0.9989795210431566
1289.720202,0.9991655483485795
1289.839404,0.9992527093608342
1289.958606,0.9990649074717571
1290.077808,0.99912719111945
1290.19701,0.999189878325898
1290.316212,0.9993778436195928
1290.435414,0.9991867908339441
1290.554616,0.9992194647762205
1290.673818,0.9991562761353139
1290.79302,0.9992396492132711
1290.912222,0.9992703163486902
1291.031424,0.9993245582135726
1291.150626,0.9993423163687527
1291.269828,0.9993794925943952
1291.38903,0.9993916651107454
1291.508232,0.9993932441508238
1291.627434,0.9993515703214481
1291.746636,0.9994298625901351
1291.865838,0.9995002749041992
1291.98504,0.9994607554446344
1292.104242,0.9994628842983108
1292.223444,0.9995626056847958
1292.342646,0.9994766070179184
1292.461848,0.9996250403149601
1292.58105,0.9997403437165294
1292.700252,0.9994665623284925
1292.819454,0.9995866754421394
1292.938656,0.9996249003674642
1293.057858,0.9996190625750925
1293.17706,0.9996461826081418
1293.296262,0.9996264098022034
1293.415464,0.9996708741737917
1293.534666,0.9997146507198523
1293.653868,0.9997162502645731
1293.77307,0.9997571994808181
1293.892272,0.9997177298457184
1294.011474,0.9997505011300211
1294.130676,0.9998317641532375
1294.249878,0.9997521707147521
1294.36908,0.999810068039359
1294.488282,0.9998343237258299
1294.607484,0.9998455919221545
1294.726686,0.9997854630163506
1294.845888,0.9998683486667974
1294.96509,0.9998440321642478
1295.084292,0.9998960154067726
1295.203494,0.999854920525045
1295.322696,0.9998894661093207
1295.441898,0.9998860864886367
1295.5611,0.9998784873832561
1295.680302,0.9998976652365592
1295.799504,0.9999250728071823
1295.918706,0.9999156015617486
1296.037908,0.9999013138697965
1296.15711,0.9999254607781859
1296.276312,0.9999098820608654
1296.395514,0.9999360400455252
1296.514716,0.9999458054685767
1296.633918,0.9999319733139199
1296.75312,0.999941101734571
1296.872322,0.9999557389795478
1296.991524,0.9999561929595564
1297.110726,0.9999524231318151
1297.229928,0.9999763162804637
1297.34913,0.9999600627975113
1297.468332,0.9999448345216709
1297.587534,0.9999494502776802
1297.706736,0.9999554309932277
1297.825938,0.9999741903330752
1297.94514,0.9999719933921923
1298.064342,0.9999609267633788
1298.183544,0.9999521851431667
1298.302746,0.9999650876094517
1298.421948,0.999972437379856
1298.54115,0.9999623397091666
1298.660352,0.9999749913127224
1298.779554,0.9999718783954198
1298.898756,0.9999676005248743
1299.017958,0.9999744253270375
1299.13716,0.9999652716030447
1299.256362,0.9999640456463733
1299.375564,0.999970993420699
1299.494766,0.9999832131409009
1299.613968,0.99995933582681
1299.73317,0.999974108335195
1299.852372,0.9999820901603831
1299.971574,0.9999754093023562
1300.090776,0.999976585274129
1300.209978,0.9999822161581344
1300.32918,0.9999853441073986
1300.448382,0.9999831921412536
1300.567584,0.999991120039427
1300.686786,0.9999633376720796
1300.805988,0.9999785402302641
1300.92519,0.999981710167261
1301.044392,0.9999774032553103
1301.163594,0.999973891340837
1301.282796,0.9999911344392993
1301.401998,0.9999829521453163
1301.5212,0.9999944457154251
1301.640402,0.999998459201187
1301.759604,0.9999872210816511
1301.878806,0.9999669535460461
1301.998008,0.9999849531132056
1302.11721,0.9999836631334481
1302.236412,0.9999677895187687
1302.355614,0.9999777532474626
1302.474816,0.9999654085982963
1302.594018,0.9999764542772048
1302.71322,0.9999774522542042
1302.832422,0.9999817491665485
1302.951624,0.9999836441337586
1303.070826,0.9999855201048347
1303.190028,0.9999743853280613
1303.30923,0.9999634866666279
1303.428432,0.9999667155539395
1303.547634,0.9999775342523587
1303.666836,0.9999878050743587
1303.786038,0.9999699334520077
1303.90524,0.9999899450505514
1304.024442,0.9999992155303077
1304.143644,0.9999861970952609
1304.262846,0.9999814461721244
1304.382048,0.9999888380622949
1304.50125,0.9999986027009762
1304.620452,0.9999806421873648
1304.739654,0.9999852021094898
1304.858856,0.9999823081565025
1304.978058,0.9999669185472033
1305.09726,0.9999605437784171
1305.216462,0.9999919990320079
1305.335664,0.9999829571452311
1305.454866,0.9999867440878604
1305.574068,0.9999845781189184
1305.69327,0.9999906054441291
1305.812472,0.9999872760809497
1305.931674,0.9999871690823169
1306.050876,0.9999837341322907
1306.170078,0.999990016449836
1306.28928,0.9999753283043513
1306.408482,0.9999864900912596
1306.527684,0.9999832581401465
1306.646886,0.9999942884163111
1306.766088,0.9999815751697393
1306.88529,0.9999860520972729
1307.004492,0.9999804191917065
1307.123694,0.9999788532235963
1307.242896,0.9999996929200472
1307.362098,0.999989080059623
1307.4813,0.9999872280815616
1307.600502,1.0
1307.719704,0.9999896110539654
1307.838906,1.0
1307.958108,0.9999849911126345
1308.07731,0.9999963283067407
1308.196512,0.9999999623860008
1308.315714,0.9999892240580609
1308.434916,0.9999982750014879
1308.554118,0.9999868610863163
1308.67332,0.9999897920521015
1308.792522,0.9999999157640036
1308.911724,0.9999882800686789
1309.030926,0.9999801311973873
1309.150128,0.999992825625736
1309.26933,0.9999921274309889
1309.388532,0.999998072301858
1309.507734,0.9999985092011112
1309.626936,0.9999955632098426
1309.746138,0.9999884340668859
1309.86534,0.9999857751011748
1309.984542,0.9999879890721318
1310.103744,0.9999979938020124
1310.222946,0.9999826641502676
1310.342148,0.999981998162035
1310.46135,0.9999892250580501
1310.580552,0.999998590800993
1310.699754,1.0
1310.818956,0.9999923437293093
1310.938158,0.9999865420905585
1311.05736,0.9999916248350719
1311.176562,0.9999860820968549
1311.295764,0.9999900120498799
1311.414966,0.9999846301181179
1311.534168,0.999990460845498
1311.65337,0.9999841621254204
1311.772572,0.9999974822031696
1311.891774,0.9999839051295238
1312.010976,0.9999982518015281
1312.130178,0.9999951539117423
1312.24938,0.9999875490775134
1312.368582,0.9999834731365701
1312.487784,0.9999935906205402
1312.606986,0.9999949114129469
1312.726188,0.9999826151511182
1312.84539,0.9999769462657414
1312.964592,0.9999960106079576
1313.083794,0.9999905668444925
1313.202996,0.9999864940912057
1313.322198,0.9999936589201047
1313.4414,0.9999893130571058
1313.560602,0.9999904093459906
1313.679804,0.9999888460622056
1313.799006,0.9999767822695357
1313.918208,0.9999819871622331
1314.03741,0.9999864150922757
1314.156612,0.9999852761083976
1314.275814,0.9999812041766437
1314.395016,0.9999958316086878
1314.514218,1.0
1314.63342,0.9999893150570844
1314.752622,0.9999780782402853
1314.871824,0.9999825781517622
1314.991026,0.9999926032273563
1315.110228,0.9999783192350312
1315.22943,0.9999943650158766
1315.348632,0.9999948548132365
1315.467834,0.9999881300704482
1315.587036,0.9999973450035246
1315.706238,0.9999871060831272
1315.82544,0.999984058127073
1315.944642,0.9999840411273442
1316.063844,0.999999342800216
1316.183046,0.9999989819005183
1316.302248,0.9999920701314415
1316.42145,0.9999917982336347
1316.540652,0.9999900090499099
1316.659854,0.9999849821127696
1316.779056,0.9999874050793167
1316.898258,0.9999951818116075
1317.01746,0.9999984863011456
1317.136662,0.9999816201689111
1317.255864,0.9999940353177887
1317.375066,0.9999704364370108
1317.494268,0.9999947389138396
1317.61347,0.9999979011022027
1317.732672,0.9999897380526541
1317.851874,0.9999763612793989
1317.971076,0.9999804771905725
1318.090278,0.9999789142223081
1318.20948,0.99999979997002
1318.328682,0.9999877220753743
1318.447884,0.999992895225239
1318.567086,0.9999793062141193
1318.686288,0.9999740633363611
1318.80549,0.9999957641089714
1318.924692,0.9998895161037953
1319.043894,0.9999877810746517
1319.163096,0.999973385354176
1319.282298,0.9999877110755094
1319.4015,0.9999788572235117
1319.520702,0.9999938262190579
1319.639904,0.9999774352545877
1319.759106,0.999984695117121
1319.878308,0.9999997687400267
1319.99751,0.9999664055643057
