nu,[0]CFC-10-HITRAN(x-sec)-X=0.01-T=207.9K-P=0.2624atm-L=15cm
700,0.9573023521175454
700.119202,0.9131218008513229
700.238404,1.0
700.357606,0.9729904615293903
700.476808,1.0
700.59601,1.0
700.715212,0.9890039039461764
700.834414,0.990607487803316
700.953616,0.9973840276347447
701.072818,0.9778891098375736
701.19202,0.9679537226772109
701.311222,1.0
701.430424,1.0
701.549626,0.9649837665621835
701.668828,0.9786012723052208
701.78803,1.0
701.907232,1.0
702.026434,0.9283077258796826
702.145636,1.0
702.264838,0.9692080347398457
702.38404,1.0
702.503242,0.9838399968290615
702.622444,0.977557661612987
702.741646,1.0
702.860848,0.9242450840801906
702.98005,1.0
703.099252,0.9427407072116707
703.218454,0.998942559484671
703.337656,1.0
703.456858,0.9485697074536594
703.57606,1.0
703.695262,0.9421083403799302
703.814464,0.9105704570470204
703.933666,0.9901117137975087
704.052868,1.0
704.17207,1.0
704.291272,0.9500876837144682
704.410474,0.9904993193717517
704.529676,0.9946341478911022
704.648878,1.0
704.76808,0.9902166712018154
704.887282,0.9779732119173572
705.006484,0.957423937236756
705.125686,0.9999822941567503
705.244888,1.0
705.36409,0.9767759282187467
705.483292,1.0
705.602494,1.0
705.721696,0.9799957931801984
705.840898,0.9885866323492105
705.9601,1.0
706.079302,0.9831790784446413
706.198504,1.0
706.317706,1.0
706.436908,1.0
706.55611,1.0
706.675312,0.9774980324143376
706.794514,0.9917447631649253
706.913716,1.0
707.032918,0.9903672946121252
707.15212,1.0
707.271322,1.0
707.390524,1.0
707.509726,1.0
707.628928,1.0
707.74813,0.9684126414969279
707.867332,0.998887818932316
707.986534,0.9639749212604352
708.105736,1.0
708.224938,0.9846126144393088
708.34414,1.0
708.463342,1.0
708.582544,1.0
708.701746,0.9954447069638624
708.820948,1.0
708.94015,1.0
709.059352,0.9919304351629467
709.178554,0.9996918075010681
709.297756,0.9900634965311468
709.416958,1.0
709.53616,0.9781590444811561
709.655362,1.0
709.774564,1.0
709.893766,1.0
710.012968,1.0
710.13217,0.949866339071815
710.251372,1.0
710.370574,0.9791376927682267
710.489776,0.9976923666890325
710.608978,0.9757362156004353
710.72818,1.0
710.847382,0.9928420410971899
710.966584,0.9944909308856776
711.085786,1.0
711.204988,0.9874681854417745
711.32419,0.964068431362964
711.443392,1.0
711.562594,1.0
711.681796,0.991798418007963
711.800998,1.0
711.9202,0.9724982528951428
712.039402,1.0
712.158604,0.9850154033633346
712.277806,1.0
712.397008,1.0
712.51621,0.9815287242785171
712.635412,0.9989498517919722
712.754614,0.9941197567051492
712.873816,1.0
712.993018,1.0
713.11222,0.9847534241108252
713.231422,1.0
713.350624,0.9910281890511917
713.469826,0.9855957483307306
713.589028,1.0
713.70823,0.9931259352174703
713.827432,1.0
713.946634,0.9785748504275654
714.065836,0.9894530136587587
714.185038,0.986404268292242
714.30424,1.0
714.423442,1.0
714.542644,1.0
714.661846,1.0
714.781048,0.9777336378294617
714.90025,1.0
715.019452,1.0
715.138654,0.9571003826297789
715.257856,0.996318891951294
715.377058,0.997862188381259
715.49626,1.0
715.615462,1.0
715.734664,0.9858618951109784
715.853866,0.9977504340745182
715.973068,0.9776163168323228
716.09227,0.9744286302672316
716.211472,0.9921382663586709
716.330674,1.0
716.449876,1.0
716.569078,1.0
716.68828,1.0
716.807482,0.9702369101866103
716.926684,1.0
717.045886,0.972600370572781
717.165088,0.9797361287020685
717.28429,1.0
717.403492,1.0
717.522694,1.0
717.641896,1.0
717.761098,0.9904755476733483
717.8803,0.978973211452659
717.999502,1.0
718.118704,0.9896152972598903
718.237906,0.9971233455225574
718.357108,0.9986682875171011
718.47631,0.9994854824095954
718.595512,1.0
718.714714,1.0
718.833916,0.9839816799895477
718.953118,0.997811498269629
719.07232,0.9884334132959798
719.191522,0.9832302050860016
719.310724,1.0
719.429926,1.0
719.549128,1.0
719.66833,1.0
719.787532,0.9990046257139592
719.906734,1.0
720.025936,1.0
720.145138,0.9990370938919
720.26434,0.9860748642801647
720.383542,1.0
720.502744,0.992825162925956
720.621946,0.9937549816947471
720.741148,0.9874464613806604
720.86035,0.9815189090403506
720.979552,0.995032280138037
721.098754,0.9913647993773919
721.217956,1.0
721.337158,1.0
721.45636,0.9947335168058711
721.575562,0.9887013150500311
721.694764,1.0
721.813966,0.9970113748581257
721.933168,0.9985808080067731
722.05237,1.0
722.171572,0.9947522179717775
722.290774,0.9997934013444421
722.409976,0.9971952407075598
722.529178,0.9729116524938154
722.64838,0.9804653236086918
722.767582,0.9960224315645428
722.886784,0.9914103040660078
723.005986,0.9891354502130341
723.125188,0.9885826780105899
723.24439,1.0
723.363592,1.0
723.482794,0.9922172437079299
723.601996,0.9946081882786165
723.721198,0.9995186258977081
723.8404,1.0
723.959602,0.991897007670538
724.078804,1.0
724.198006,1.0
724.317208,1.0
724.43641,1.0
724.555612,0.9842867615955502
724.674814,1.0
724.794016,0.989664779261793
724.913218,0.9801202605494429
725.03242,1.0
725.151622,1.0
725.270824,0.9934336532952698
725.390026,0.9999670605425158
725.509228,0.9972683377976793
725.62843,1.0
725.747632,0.9921674356524883
725.866834,1.0
725.986036,1.0
726.105238,0.9996314379356905
726.22444,1.0
726.343642,0.9902504381660269
726.462844,0.9924349600538092
726.582046,0.9911923169087101
726.701248,0.9991198375703846
726.82045,1.0
726.939652,1.0
727.058854,0.9994278437438517
727.178056,1.0
727.297258,1.0
727.41646,0.9685433860285872
727.535662,0.9960496233480907
727.654864,0.9929180957103924
727.774066,0.9999868670862375
727.893268,0.9817113056007695
728.01247,0.9933128591074645
728.131672,0.9961415629712741
728.250874,1.0
728.370076,0.9921377702896617
728.489278,0.9845929223839412
728.60848,0.9936541206828879
728.727682,0.9996726935764384
728.846884,1.0
728.966086,1.0
729.085288,1.0
729.20449,0.9908379299043565
729.323692,1.0
729.442894,1.0
729.562096,0.9997323058364782
729.681298,0.9951643296829048
729.8005,0.9887487738521556
729.919702,0.9833226330693268
730.038904,1.0
730.158106,1.0
730.277308,0.9875096599765222
730.39651,1.0
730.515712,1.0
730.634914,0.9993495216528288
730.754116,0.9962715679278807
730.873318,0.9995795284229606
730.99252,1.0
731.111722,0.9798086318581761
731.230924,0.9977734823757523
731.350126,0.9959406614796192
731.469328,1.0
731.58853,1.0
731.707732,1.0
731.826934,0.9959424541744234
731.946136,0.9901178525091643
732.065338,1.0
732.18454,1.0
732.303742,1.0
732.422944,1.0
732.542146,1.0
732.661348,0.9950676044109841
732.78055,1.0
732.899752,0.981671056262357
733.018954,1.0
733.138156,0.9976346019733058
733.257358,1.0
733.37656,0.9608960926992315
733.495762,1.0
733.614964,0.9915029061128559
733.734166,1.0
733.853368,1.0
733.97257,0.9932750146084748
734.091772,1.0
734.210974,1.0
734.330176,1.0
734.449378,0.9911548505472496
734.56858,0.9945642275682335
734.687782,0.9898686712064702
734.806984,1.0
734.926186,0.989032585475271
735.045388,1.0
735.16459,0.9980772508550044
735.283792,0.9977716863851004
735.402994,0.9927047405374586
735.522196,0.9999925572276975
735.641398,0.9927559654236611
735.7606,0.9898805497017955
735.879802,1.0
735.999004,0.9824616196217082
736.118206,1.0
736.237408,1.0
736.35661,1.0
736.475812,1.0
736.595014,0.9973534084151038
736.714216,1.0
736.833418,1.0
736.95262,0.9758045195261369
737.071822,0.990171023265466
737.191024,0.9996787016273809
737.310226,0.9988377759061758
737.429428,1.0
737.54863,0.992172892588391
737.667832,0.9975234716687189
737.787034,0.995349945138494
737.906236,1.0
738.025438,1.0
738.14464,0.9825903305242587
738.263842,1.0
738.383044,1.0
738.502246,0.994601325505794
738.621448,1.0
738.74065,1.0
738.859852,1.0
738.979054,0.9826296349235624
739.098256,1.0
739.217458,0.9972293453679784
739.33666,1.0
739.455862,1.0
739.575064,0.9995500912393133
739.694266,1.0
739.813468,1.0
739.93267,0.9938199753958208
740.051872,0.9965904258441634
740.171074,0.9903783867879409
740.290276,1.0
740.409478,1.0
740.52868,0.9889643445812111
740.647882,0.9922766793009061
740.767084,0.9961128745073763
740.886286,0.9970922357594919
741.005488,1.0
741.12469,1.0
741.243892,0.993141328788766
741.363094,1.0
741.482296,1.0
741.601498,1.0
741.7207,1.0
741.839902,1.0
741.959104,1.0
742.078306,0.9959498241758532
742.197508,0.9984660776633176
742.31671,0.9667658050364747
742.435912,1.0
742.555114,1.0
742.674316,0.9959145681761122
742.793518,1.0
742.91272,0.9934228249274636
743.031922,1.0
743.151124,1.0
743.270326,0.9891087439164149
743.389528,0.9620286952683699
743.50873,1.0
743.627932,1.0
743.747134,0.9931852266056331
743.866336,0.9830139182333087
743.985538,0.9987138278293232
744.10474,0.981225478756561
744.223942,0.990573213377189
744.343144,0.9999311423707954
744.462346,0.9781707824601176
744.581548,1.0
744.70075,1.0
744.819952,0.9839777440706995
744.939154,0.9973151107795399
745.058356,0.9813923012674612
745.177558,0.9982250770421149
745.29676,1.0
745.415962,1.0
745.535164,0.9933876583819127
745.654366,1.0
745.773568,0.9776769309229837
745.89277,1.0
746.011972,0.9805878894343474
746.131174,1.0
746.250376,1.0
746.369578,1.0
746.48878,0.9967257720137899
746.607982,0.9950528775194181
746.727184,0.9798047126314872
746.846386,0.9997690766668983
746.965588,0.9760816873656526
747.08479,0.986344099467044
747.203992,0.9829726325157491
747.323194,0.9896301416006814
747.442396,1.0
747.561598,0.9872114770870919
747.6808,0.9827337991854727
747.800002,0.9966554056582473
747.919204,0.9761178030562212
748.038406,0.989056322542166
748.157608,0.9863026738848097
748.27681,0.9838006440162499
748.396012,0.9824046385002386
748.515214,0.9830896132192323
748.634416,0.9679730819452564
748.753618,0.9644348469814403
748.87282,0.9620575565621451
748.992022,0.9665541065070068
749.111224,0.9732366592588567
749.230426,0.9924736657720078
749.349628,0.9571702535079669
749.46883,0.97915433825049
749.588032,0.9506350918586984
749.707234,0.957608737889332
749.826436,0.9466602639035812
749.945638,0.9673179859437968
750.06484,0.9551680360504154
750.184042,0.9479656609592453
750.303244,0.957805067803728
750.422446,0.9670249329938199
750.541648,0.9510097158809769
750.66085,0.9443938366492356
750.780052,0.9439519637400096
750.899254,0.9442512439459216
751.018456,0.9406905930510152
751.137658,0.9443079007202446
751.25686,0.931466549448696
751.376062,0.9606904829364231
751.495264,0.9335936496835381
751.614466,0.942171463753345
751.733668,0.9287497055400153
751.85287,0.9256324920021133
751.972072,0.9270674077875889
752.091274,0.9153543691454209
752.210476,0.9142438031912081
752.329678,0.9088011187473479
752.44888,0.9168897893908611
752.568082,0.8809626931234105
752.687284,0.9040505518187044
752.806486,0.9080652878928902
752.925688,0.8853165626705826
753.04489,0.9086439097527748
753.164092,0.8953415619921908
753.283294,0.8919546397440737
753.402496,0.8853254158804752
753.521698,0.8833356729949131
753.6409,0.8800997725842761
753.760102,0.8877722891601564
753.879304,0.8803550385300987
753.998506,0.8629746177298607
754.117708,0.8696016897867412
754.23691,0.8498885973740672
754.356112,0.8676819920995897
754.475314,0.8566036095494272
754.594516,0.859890692118966
754.713718,0.8524847146623914
754.83292,0.8433358514702803
754.952122,0.8279024049183572
755.071324,0.8296511232417771
755.190526,0.8261573725006017
755.309728,0.8139307421119072
755.42893,0.809733579190133
755.548132,0.808439041369853
755.667334,0.8233367403169534
755.786536,0.7970323590098484
755.905738,0.8215931153230207
756.02494,0.798492263632143
756.144142,0.7971519228307623
756.263344,0.8085037190802365
756.382546,0.8037074051358108
756.501748,0.7812656860414756
756.62095,0.7917892666774915
756.740152,0.7825714897798067
756.859354,0.7832604557913968
756.978556,0.7943588243370865
757.097758,0.7693494433591276
757.21696,0.7774079766033868
757.336162,0.7637460044495249
757.455364,0.7632878942936453
757.574566,0.7663011808736379
757.693768,0.7526236326302795
757.81297,0.7655429181065737
757.932172,0.7582137052711734
758.051374,0.7405960085489999
758.170576,0.7483758155320881
758.289778,0.7291469425510819
758.40898,0.7372560685411335
758.528182,0.7125964554013078
758.647384,0.7013557720055231
758.766586,0.7019802564969856
758.885788,0.6986327976711943
759.00499,0.6883622867945228
759.124192,0.6686062213493632
759.243394,0.6394096181550193
759.362596,0.6350827332459281
759.481798,0.6362459987110305
759.601,0.6659904152911738
759.720202,0.6727711848106597
759.839404,0.6579607499288784
759.958606,0.6511403946761761
760.077808,0.6547904619155495
760.19701,0.6723945384179987
760.316212,0.6869869380281498
760.435414,0.6609150267274639
760.554616,0.6447065673767379
760.673818,0.6168002817129894
760.79302,0.6040610560383347
760.912222,0.641221710275343
761.031424,0.6660103953033312
761.150626,0.6613579881708844
761.269828,0.6595483476230181
761.38903,0.6297703814010032
761.508232,0.6331550133556948
761.627434,0.6329081310456658
761.746636,0.6290402713043037
761.865838,0.6430775213734157
761.98504,0.6206859757910975
762.104242,0.6173433048560367
762.223444,0.6078786534966748
762.342646,0.6104249042248879
762.461848,0.604230216815429
762.58105,0.6055488755038243
762.700252,0.6195077920660702
762.819454,0.5992957878455384
762.938656,0.6044356900176113
763.057858,0.5590759206124283
763.17706,0.5636340982439537
763.296262,0.5645817993750545
763.415464,0.6094124394621234
763.534666,0.6003754917056144
763.653868,0.6232422446857827
763.77307,0.6191857317571332
763.892272,0.5885519976148628
764.011474,0.5916204390359366
764.130676,0.5587014652021881
764.249878,0.5311769893499426
764.36908,0.4999335946900283
764.488282,0.4842761389200091
764.607484,0.4776438060020732
764.726686,0.4434988811540263
764.845888,0.43454750834031963
764.96509,0.5130356207818606
765.084292,0.5554203858365014
765.203494,0.5524678706228432
765.322696,0.5530703889146368
765.441898,0.539620049020805
765.5611,0.5645930911239591
765.680302,0.5524954947069707
765.799504,0.5864076985499801
765.918706,0.5678602098329032
766.037908,0.5490696381887334
766.15711,0.5479945156621422
766.276312,0.5363276593095146
766.395514,0.49420246380447497
766.514716,0.4651990036997313
766.633918,0.5034252694420266
766.75312,0.5560316844134997
766.872322,0.5600383586553255
766.991524,0.5629356251049751
767.110726,0.5342774530255815
767.229928,0.48592548008344993
767.34913,0.4669187590205873
767.468332,0.46101255596029644
767.587534,0.46789563971166986
767.706736,0.47097983455054904
767.825938,0.5398683313439109
767.94514,0.5279413927585629
768.064342,0.5144741334980242
768.183544,0.5098238525910459
768.302746,0.5424171088436931
768.421948,0.5135591840869507
768.54115,0.4625641633890513
768.660352,0.41352802157777835
768.779554,0.3949366131484856
768.898756,0.363636695155962
769.017958,0.34507275504338375
769.13716,0.3621850535939837
769.256362,0.3665208022710539
769.375564,0.3471494153245103
769.494766,0.30014187483465565
769.613968,0.28805610753236693
769.73317,0.21199342901558305
769.852372,0.2978396573107576
769.971574,0.3060826853404423
770.090776,0.3231624955709284
770.209978,0.40308009092273983
770.32918,0.40770149591802446
770.448382,0.4459002529808598
770.567584,0.47925618095412964
770.686786,0.5154834916475377
770.805988,0.5438129136543406
770.92519,0.5910527559459433
771.044392,0.6097720988905043
771.163594,0.6052219673841883
771.282796,0.6183627621300108
771.401998,0.606724780581424
771.5212,0.6011685106320109
771.640402,0.5835996862179187
771.759604,0.5864839365061514
771.878806,0.5681839824189289
771.998008,0.5684681454449748
772.11721,0.5558037581509669
772.236412,0.5539393914136942
772.355614,0.5252609984599029
772.474816,0.5007040855515397
772.594018,0.46803134912409994
772.71322,0.41045868529099877
772.832422,0.3383751796933037
772.951624,0.25833450572935945
773.070826,0.18007173134548946
773.190028,0.128876589894933
773.30923,0.07221554150108095
773.428432,0.055504010476644244
773.547634,0.036772683707439746
773.666836,0.29469923060958675
773.786038,0.49282063237262347
773.90524,0.5041406411183182
774.024442,0.5082763414878356
774.143644,0.5059942365383276
774.262846,0.5094314393230475
774.382048,0.5026455647016687
774.50125,0.4899852452821068
774.620452,0.4947265961571784
774.739654,0.4914475791082728
774.858856,0.4854640700818233
774.978058,0.4815621404981745
775.09726,0.4700294155311407
775.216462,0.4655387229548738
775.335664,0.46286955650553074
775.454866,0.44970206197162954
775.574068,0.45535861756586304
775.69327,0.4497335422177633
775.812472,0.4497965093212682
775.931674,0.4523179125646878
776.050876,0.4414634713324122
776.170078,0.4404845094757747
776.28928,0.43270892745088074
776.408482,0.42878056260447306
776.527684,0.43068427410443866
776.646886,0.4296905416341485
776.766088,0.4140659575884771
776.88529,0.4246754707426299
777.004492,0.41831522662049253
777.123694,0.405351778496654
777.242896,0.4061104955017461
777.362098,0.4025886330620662
777.4813,0.4027295637450688
777.600502,0.39566396547560945
777.719704,0.39311621435489497
777.838906,0.3824872345492166
777.958108,0.3801193487177832
778.07731,0.3887456520455444
778.196512,0.3806595016107528
778.315714,0.3877517359317441
778.434916,0.39563626996738027
778.554118,0.4008612185427729
778.67332,0.3982959328976297
778.792522,0.40536393923241903
778.911724,0.40643144955335053
779.030926,0.3876586866814772
779.150128,0.3708565310225286
779.26933,0.37033769514895176
779.388532,0.38611887137355466
779.507734,0.40575327546557305
779.626936,0.4122686825801874
779.746138,0.40636236207952814
779.86534,0.388349333637207
779.984542,0.3874184127883383
780.103744,0.40595620283091954
780.222946,0.41662864229925356
780.342148,0.42309861276573657
780.46135,0.4094010667974656
780.580552,0.41295774648831535
780.699754,0.4353565188523711
780.818956,0.4303915083496855
780.938158,0.42233772027144406
781.05736,0.43300759964087765
781.176562,0.4461767968574511
781.295764,0.43920017075520285
781.414966,0.47090448380524136
781.534168,0.45446698875710656
781.65337,0.4825069278827299
781.772572,0.47119653511175025
781.891774,0.48594491749139884
782.010976,0.49519680973961544
782.130178,0.5088815503620667
782.24938,0.5022235197110315
782.368582,0.5140113150774055
782.487784,0.5248462061356604
782.606986,0.5379874748711502
782.726188,0.5389243879554262
782.84539,0.5477151097137275
782.964592,0.5551427450595616
783.083794,0.56758202649057
783.202996,0.5780008151596159
783.322198,0.5922656568943366
783.4414,0.5898836293064971
783.560602,0.6059729081107748
783.679804,0.6001653970522266
783.799006,0.6209901864447586
783.918208,0.621213783156872
784.03741,0.6327815620767754
784.156612,0.6314351717642712
784.275814,0.6648525448375342
784.395016,0.6657973060729293
784.514218,0.6578160144853766
784.63342,0.6800084870051119
784.752622,0.6822903353986349
784.871824,0.6801036948576867
784.991026,0.6928304296455104
785.110228,0.7039696743213396
785.22943,0.7066639813272622
785.348632,0.7023875231416637
785.467834,0.7126035814014917
785.587036,0.6914668972195261
785.706238,0.7038570481837795
785.82544,0.709170004865784
785.944642,0.7051744922902085
786.063844,0.7060918152609271
786.183046,0.7061694896326179
786.302248,0.7045048946317799
786.42145,0.7123969563249695
786.540652,0.7046246706445399
786.659854,0.6978717027937957
786.779056,0.6942938452125464
786.898258,0.6875848767298545
787.01746,0.6848742734326316
787.136662,0.6990660843107291
787.255864,0.6935929624342657
787.375066,0.6825633061232996
787.494268,0.680818178775701
787.61347,0.6622050684114424
787.732672,0.6659970752286263
787.851874,0.6654046015215807
787.971076,0.6604921764368846
788.090278,0.6458228750660345
788.20948,0.6350827332459281
788.328682,0.6283738418867125
788.447884,0.636475088504255
788.567086,0.6254837053587657
788.686288,0.6058032594484248
788.80549,0.5761541687611473
788.924692,0.5651410121210714
789.043894,0.5399979152928852
789.163096,0.5324959431101854
789.282298,0.5232844925503382
789.4015,0.5034454068555498
789.520702,0.47374787882962976
789.639904,0.44736073339218235
789.759106,0.42581086933211787
789.878308,0.4013626083693078
789.99751,0.37138352137117625
790.116712,0.35494231346234684
790.235914,0.337530298285872
790.355116,0.31600412869186256
790.474318,0.295525544755239
790.59352,0.2738704759144561
790.712722,0.23723596505914782
790.831924,0.21623272948772426
790.951126,0.1817542098455816
791.070328,0.16257757605817583
791.18953,0.14433764025341775
791.308732,0.12196758088649925
791.427934,0.11716172894552532
791.547136,0.10542030651490174
791.666338,0.09045525232538064
791.78554,0.07425872498406355
791.904742,0.05819824961736632
792.023944,0.04682678081914183
792.143146,0.039867253752853535
792.262348,0.03116685776116887
792.38155,0.02425821393456074
792.500752,0.018856454686777668
792.619954,0.014271367809280198
792.739156,0.009972739085422974
792.858358,0.007033998205840286
792.97756,0.005529267121434522
793.096762,0.004658787769435095
793.215964,0.003609449540932568
793.335166,0.0025944000077083936
793.454368,0.001964730879574333
793.57357,0.0012480162353811592
793.692772,0.0007849425716435145
793.811974,0.0004824660511362582
793.931176,0.0004807322959838968
794.050378,0.0004832386147041168
794.16958,0.0004304411263045871
794.288782,0.0003321579331165182
794.407984,0.0002355470209751708
794.527186,0.0001772055853953965
794.646388,0.00017380092898659506
794.76559,0.00013130338451849076
794.884792,9.236153073911102e-05
795.003994,7.27413906861048e-05
795.123196,6.619537245215706e-05
795.242398,5.997396539450385e-05
795.3616,5.6160325630479745e-05
795.480802,4.580121219750286e-05
795.600004,3.525158729762308e-05
795.719206,2.593285137843091e-05
795.838408,2.309256162194844e-05
795.95761,3.27699048115971e-05
796.076812,4.936840071899217e-05
796.196014,5.772616621400675e-05
796.315216,5.70490005872397e-05
796.434418,5.21023762937681e-05
796.55362,4.245779645490253e-05
796.672822,3.9429353750542935e-05
796.792024,4.8579933658723546e-05
796.911226,0.0001383809733536208
797.030428,0.00017136753165425395
797.14963,0.00018247452203046078
797.268832,0.00011643236633751075
797.388034,6.358709608174404e-05
797.507236,3.300009888457532e-05
797.626438,2.903524851570104e-05
797.74564,0.00012987994944157403
797.864842,0.0011357069028812992
797.984044,0.002664870008106377
798.103246,0.0017221186033499372
798.222448,0.0007367956330164186
798.34165,0.00019545116600448983
798.460852,3.465737542501435e-05
798.580054,1.5097219049678979e-05
798.699256,0.005709065094389187
798.818458,0.013459097601395482
798.93766,0.015895805652441822
799.056862,0.01850156418373288
799.176064,0.02140993954639283
799.295266,0.024859880495770592
799.414468,0.028192480092093932
799.53367,0.02745793724499734
799.652872,0.026742532593350663
799.772074,0.03161258431020904
799.891276,0.03680211362480305
800.010478,0.040860150757034246
800.12968,0.04325251054524612
800.248882,0.04382284597419989
800.368084,0.037613208514312546
800.487286,0.042886422284871856
800.606488,0.055670772526076814
800.72569,0.0542202946817087
800.844892,0.0780192256478237
800.964094,0.09116356211055382
801.083296,0.09952961907196507
801.202498,0.10419407636325309
801.3217,0.10062042601782806
801.440902,0.08632811083837771
801.560104,0.07072897215445707
801.679306,0.17149520018967637
801.798508,0.20921350362455757
801.91771,0.22882448736651106
802.036912,0.25497239361949187
802.156114,0.271796949677769
802.275316,0.292468005850656
802.394518,0.30918978490227744
802.51372,0.3260188751690383
802.632922,0.3452453345621898
802.752124,0.3747448067502705
802.871326,0.39741269668154194
802.990528,0.4034389918909014
803.10973,0.441026638763593
803.228932,0.46167689224820924
803.348134,0.472120985986479
803.467336,0.4846007126531443
803.586538,0.499344020965202
803.70574,0.485687434924036
803.824942,0.531910519614717
803.944144,0.572942452069259
804.063346,0.5811420847283835
804.182548,0.6052522292390977
804.30175,0.6171272725072035
804.420952,0.6321174901353757
804.540154,0.6445260748080113
804.659356,0.6611463874725871
804.778558,0.6732086282344978
804.89776,0.6907826837328379
805.016962,0.7048995278597644
805.136164,0.7217185760060134
805.255366,0.7342248221940167
805.374568,0.7347683496427935
805.49377,0.7519766545466688
805.612972,0.7633107932739571
805.732174,0.7569409756385551
805.851376,0.7831508070031803
805.970578,0.7905945671099849
806.08978,0.8129790000213293
806.208982,0.8029121285315997
806.328184,0.8260334581885325
806.447386,0.8300826540141398
806.566588,0.841490966841583
806.68579,0.8396165327563124
806.804992,0.8495911884145902
806.924194,0.8582241212726682
807.043396,0.8687412101215662
807.162598,0.8684024671088
807.2818,0.8725371910227229
807.401002,0.8883228786445386
807.520204,0.8837951269925569
807.639406,0.8967573198142931
807.758608,0.9004055554397221
807.87781,0.8998114838383251
807.997012,0.9229603529059168
808.116214,0.8985975579195036
808.235416,0.9199030453330943
808.354618,0.9348137195222133
808.47382,0.9168769530236643
808.593022,0.9268875741549045
808.712224,0.947563808717694
808.831426,0.9292141965058499
808.950628,0.9481334657315192
809.06983,0.9416383455915327
809.189032,0.9495140040222123
809.308234,0.9390289214330523
809.427436,0.9528964863096941
809.546638,0.9512598643293327
809.66584,0.947087303972899
809.785042,0.9504668443377843
809.904244,0.9552377658621544
810.023446,0.9454455321494047
810.142648,0.9676082248732426
810.26185,0.9588064972553392
810.381052,0.9779096457245062
810.500254,0.9494304504662687
810.619456,0.9785738718532043
810.738658,0.963638552712641
810.85786,0.9781580663226006
810.977062,0.9551642153859127
811.096264,0.9719120132176733
811.215466,0.9668460499284097
811.334668,0.9774706628526056
811.45387,0.9755937685118482
811.573072,0.9743604226504072
811.692274,0.9661550020817561
811.811476,0.9789555900934456
811.930678,0.9745251034769731
812.04988,0.9782529522569273
812.169082,0.9839846319390155
812.288284,0.9874987974300066
812.407486,0.9783556742097225
812.526688,0.9852607027372767
812.64589,0.9835507903854241
812.765092,0.9790309725760711
812.884294,0.974194795457267
813.003496,0.9840633538584055
813.122698,0.9824429530282686
813.2419,0.9826895771595123
813.361102,0.9940272084639874
813.480304,0.9860403522638786
813.599506,0.9834426057487459
813.718708,0.9799977531737447
813.83791,0.995575118762261
813.957112,0.9817299582927759
814.076314,0.9761832051399714
814.195516,0.9881596551577494
814.314718,0.98495925908547
814.43392,1.0
814.553122,0.992460962190389
814.672324,0.9814286134543795
814.791526,0.9898528334344334
814.910728,0.9959873721920003
815.02993,0.9938084471509702
815.149132,0.9999789852208135
815.268334,0.9779438731610832
815.387536,0.992670592081741
815.506738,0.9939490809958519
815.62594,0.9893639668946939
815.745142,0.9931522534034679
815.864344,0.9931745995805631
815.983546,0.9880371309571673
816.102748,0.9842178639336847
816.22195,0.9907076432831071
816.341152,1.0
816.460354,1.0
816.579556,0.9841794801854793
816.698758,1.0
816.81796,1.0
816.937162,1.0
817.056364,0.9993127662533583
817.175566,1.0
817.294768,1.0
817.41397,1.0
817.533172,0.9990983667157803
817.652374,1.0
817.771576,1.0
817.890778,1.0
818.00998,1.0
818.129182,1.0
818.248384,1.0
818.367586,1.0
818.486788,0.9923476296199198
818.60599,1.0
818.725192,1.0
818.844394,0.9959756196103489
818.963596,0.9999809421816025
819.082798,0.9944329537544568
819.202,1.0
819.321202,0.9996795813450254
819.440404,1.0
819.559606,1.0
819.678808,1.0
819.79801,0.9943561864936814
819.917212,1.0
820.036414,1.0
820.155616,0.9965945118732856
820.274818,0.9955605834716349
820.39402,0.9899409342570376
820.513222,1.0
820.632424,0.9971578465871774
820.751626,1.0
820.870828,1.0
820.99003,0.9987756501286462
821.109232,1.0
821.228434,0.9999674785288345
821.347636,0.9929360676905706
821.466838,1.0
821.58604,0.991621397789873
821.705242,1.0
821.824444,1.0
821.943646,0.9999678405171273
822.062848,1.0
822.18205,0.9991221655223181
822.301252,1.0
822.420454,1.0
822.539656,0.9967654424889533
822.658858,0.9965507623345238
822.77806,1.0
822.897262,1.0
823.016464,0.9883533534319711
823.135666,0.9921934307798371
823.254868,1.0
823.37407,1.0
823.493272,1.0
823.612474,1.0
823.731676,0.9985848023379938
823.850878,1.0
823.97008,1.0
824.089282,1.0
824.208484,0.9960179494736855
824.327686,1.0
824.446888,0.9962850176848334
824.56609,0.9954932858508775
824.685292,0.9992911313661674
824.804494,0.9939984814927695
824.923696,0.9924117373474506
825.042898,0.9976312100214254
825.1621,0.9903671955754006
825.281302,1.0
825.400504,1.0
825.519706,0.9926992806764003
825.638908,0.999698385494803
825.75811,1.0
825.877312,0.986682473520994
825.996514,1.0
826.115716,1.0
826.234918,1.0
826.35412,0.9957923769551817
826.473322,0.9966566016454517
826.592524,0.9880479994253842
826.711726,0.993821664891215
826.830928,0.9942733600731147
826.95013,1.0
827.069332,0.9944137613836563
827.188534,0.9989509506374135
827.307736,0.9929226631441378
827.426938,0.9939056463700658
827.54614,1.0
827.665342,0.9935729424574039
827.784544,1.0
827.903746,0.9967919568023622
828.022948,1.0
828.14215,1.0
828.261352,1.0
828.380554,0.9921319166940852
828.499756,0.9949592474490073
828.618958,0.9996755926314533
828.73816,0.9949634262866222
828.857362,1.0
828.976564,1.0
829.095766,0.9929336846468679
829.214968,1.0
829.33417,0.9984319307073778
829.453372,0.9919762634076754
829.572574,0.9983011446911262
829.691776,0.9917141187252027
829.810978,0.9999992217203029
829.93018,0.9927395850853697
830.049382,1.0
830.168584,0.9906425559290865
830.287786,1.0
830.406988,0.9885599408704737
830.52619,0.9991856417697954
830.645392,1.0
830.764594,1.0
830.883796,1.0
831.002998,1.0
831.1222,0.9906231395252716
831.241402,1.0
831.360604,0.9969809664749227
831.479806,1.0
831.599008,0.9998592699034092
831.71821,1.0
831.837412,0.9981179732375702
831.956614,0.9914003900125375
832.075816,0.9921785479899966
832.195018,0.999624640465024
832.31422,0.999866368929427
832.433422,0.9933701749129801
832.552624,1.0
832.671826,1.0
832.791028,1.0
832.91023,0.9964520090472826
833.029432,1.0
833.148634,1.0
833.267836,1.0
833.387038,0.9989513502178736
833.50624,1.0
833.625442,1.0
833.744644,0.9878118841704184
833.863846,0.9967671369916458
833.983048,0.9897360376911725
834.10225,1.0
834.221452,0.9997745854096873
834.340654,1.0
834.459856,0.9996484718005211
834.579058,1.0
834.69826,0.9977087289780165
834.817462,1.0
834.936664,0.9851030736355032
835.055866,1.0
835.175068,1.0
835.29427,1.0
835.413472,1.0
835.532674,0.9996383853983265
835.651876,0.9950277030000758
835.771078,1.0
835.89028,1.0
836.009482,1.0
836.128684,1.0
836.247886,1.0
836.367088,0.9963740895468673
836.48629,0.9993278160169425
836.605492,1.0
836.724694,0.9866074885024732
836.843896,1.0
836.963098,1.0
837.0823,1.0
837.201502,1.0
837.320704,1.0
837.439906,0.9914234899107376
837.559108,1.0
837.67831,1.0
837.797512,0.9898518435820949
837.916714,0.9880450352858322
838.035916,0.9964748280595666
838.155118,0.9950699925761004
838.27432,0.9889554439421628
838.393522,0.9995603966538782
838.512724,1.0
838.631926,0.9989906097773825
838.751128,0.9977051372330574
838.87033,1.0
838.989532,0.9935361809386253
839.108734,1.0
839.227936,0.9979781467045971
839.347138,0.9974381870578602
839.46634,0.9964216177244767
839.585542,1.0
839.704744,1.0
839.823946,1.0
839.943148,0.994807428251946
840.06235,0.9991354239614242
840.181552,1.0
840.300754,1.0
840.419956,1.0
840.539158,1.0
840.65836,1.0
840.777562,1.0
840.896764,1.0
841.015966,1.0
841.135168,1.0
841.25437,0.993103490824957
841.373572,1.0
841.492774,1.0
841.611976,1.0
841.731178,1.0
841.85038,0.9880885102238264
841.969582,0.9994980160361305
842.088784,0.9865561862469413
842.207986,1.0
842.327188,1.0
842.44639,1.0
842.565592,1.0
842.684794,0.9986879614761531
842.803996,1.0
842.923198,0.9928482960217517
843.0424,0.9956098649402231
843.161602,1.0
843.280804,0.9889346760959032
843.400006,0.9996271095409353
843.519208,0.9968522645400395
843.63841,1.0
843.757612,1.0
843.876814,0.9956654215207009
843.996016,0.9979200660666218
844.115218,1.0
844.23442,0.9999264377058382
844.353622,1.0
844.472824,0.9954464987659476
844.592026,1.0
844.711228,1.0
844.83043,1.0
844.949632,0.9997935513134636
845.068834,0.9980620801960887
845.188036,1.0
845.307238,0.9971720063291329
845.42644,1.0
845.545642,0.9998993750630286
845.664844,1.0
845.784046,1.0
845.903248,0.9883078902233751
846.02245,1.0
846.141652,1.0
846.260854,1.0
846.380056,0.995706344210481
846.499258,1.0
846.61846,1.0
846.737662,1.0
846.856864,1.0
846.976066,0.991798418007963
847.095268,1.0
847.21447,1.0
847.333672,0.9967130140055596
847.452874,1.0
847.572076,0.9998790973093195
847.691278,0.9889603887317445
847.81048,1.0
847.929682,1.0
848.048884,1.0
848.168086,1.0
848.287288,0.9942096291933306
848.40649,0.9882802179898619
848.525692,0.9939470930996778
848.644894,0.9964965514476023
848.764096,1.0
848.883298,1.0
849.0025,0.998286869086828
849.121702,0.9978012208641255
849.240904,0.998739594978476
849.360106,1.0
849.479308,1.0
849.59851,1.0
849.717712,1.0
849.836914,0.9921616810980498
849.956116,1.0
850.075318,0.9957565290748771
850.19452,0.9950364592823898
850.313722,0.9877684214037028
850.432924,0.9979196668986752
850.552126,0.9986674885827906
850.671328,1.0
850.79053,1.0
850.909732,0.996126919797926
851.028934,0.9936026507325199
851.148136,0.9986193539698945
851.267338,0.9953070464803312
851.38654,1.0
851.505742,0.9940177652503623
851.624944,1.0
851.744146,0.9898251179431159
851.863348,0.997642283789316
851.98255,0.9971685162332184
852.101752,0.9877773113595002
852.220954,1.0
852.340156,1.0
852.459358,0.9995272817664882
852.57856,0.9938576418866638
852.697762,1.0
852.816964,1.0
852.936166,0.9990586133826664
853.055368,0.9957992479462876
853.17457,0.9950809384062207
853.293772,1.0
853.412974,1.0
853.532176,1.0
853.651378,0.9958652716250873
853.77058,1.0
853.889782,1.0
854.008984,1.0
854.128186,1.0
854.247388,1.0
854.36659,0.9968993170773569
854.485792,1.0
854.604994,1.0
854.724196,1.0
854.843398,0.9901748849399871
854.9626,1.0
855.081802,1.0
855.201004,1.0
855.320206,1.0
855.439408,0.9998287946573077
855.55861,0.999985878099715
855.677812,0.9935866538586182
855.797014,1.0
855.916216,0.9978759589744756
856.035418,0.9957012661210746
856.15462,0.9986051736757484
856.273822,1.0
856.393024,1.0
856.512226,1.0
856.631428,1.0
856.75063,0.997129228567651
856.869832,0.9970456726393393
856.989034,0.9967551758577688
857.108236,0.9990421690132277
857.227438,1.0
857.34664,1.0
857.465842,1.0
857.585044,1.0
857.704246,1.0
857.823448,0.9974604301774416
857.94265,1.0
858.061852,1.0
858.181054,0.9942806182951358
858.300256,1.0
858.419458,1.0
858.53866,0.9990226179492879
858.657862,1.0
858.777064,1.0
858.896266,0.999988169069986
859.015468,1.0
859.13467,1.0
859.253872,1.0
859.373074,0.9991562061943771
859.492276,1.0
859.611478,0.9998909159500977
859.73068,1.0
859.849882,1.0
859.969084,1.0
