nu,[0]CFC-114a-HITRAN(x-sec)-X=0.01-T=296.0K-P=0.0atm-L=15cm
550.103924,0.9999933522220966
550.586049,0.999993102623787
551.068173,0.9999924983281376
551.550297,0.9999926108273001
552.032422,0.9999916982344599
552.514546,0.9999917006344399
552.99667,0.9999910253402725
553.478795,0.9999919306325575
553.960919,0.9999912455383205
554.443043,0.999991683534582
554.925168,0.9999918768329931
555.407292,0.9999913459374467
555.889417,0.9999912871379572
556.371541,0.9999910058404476
556.853665,0.9999901690483242
557.33579,0.9999885690653336
557.817914,0.9999863370933384
558.300038,0.9999854201062877
558.782163,0.9999873500800109
559.264287,0.999988738063416
559.746411,0.9999857061021588
560.228536,0.9999806541871327
560.71066,0.9999915269358967
561.192784,0.9999854741055019
561.674909,0.9999938636188277
562.157033,0.9999941523170978
562.639157,0.9999931858232166
563.121282,0.9999928800253471
563.603406,0.9999921239310164
564.08553,0.9999913826371297
564.567655,0.9999912235385133
565.049779,0.9999914584364794
565.531903,0.9999910082404261
566.014028,0.9999922463300599
566.496152,0.999991849933212
566.978277,0.9999928897252781
567.460401,0.9999930439241936
567.942525,0.9999939321184097
568.42465,0.9999939492183061
568.906774,0.9999958356086711
569.388898,0.9999956228095799
569.871023,0.9999967923051447
570.353147,0.9999968584049348
570.835271,0.9999975117030958
571.317396,0.9999973771034398
571.79952,0.9999982396015495
572.281644,0.9999980262019479
572.763769,0.9999983788013141
573.245893,0.9999989102005938
573.728017,0.9999982469015367
574.210142,0.9999988331006808
574.692266,0.9999984808011539
575.17439,0.9999982239015772
575.656515,0.9999986494009121
576.138639,0.9999980693018637
576.620763,0.9999975239030655
577.102888,0.9999975559029868
577.585012,0.9999971740039931
578.067136,0.9999971960039312
578.549261,0.9999965158060699
579.031385,0.9999962075071915
579.51351,0.9999959286082881
579.995634,0.9999958014088141
580.477758,0.9999952142114519
580.959883,0.9999946587142647
581.442007,0.9999944948151536
581.924131,0.9999940544176751
582.406256,0.9999939834180998
582.88838,0.9999940030179819
583.370504,0.9999941645170265
583.852629,0.9999939419183502
584.334753,0.9999947175139524
584.816877,0.9999944581153563
585.299002,0.9999950404122988
585.781126,0.9999949206129002
586.26325,0.9999951505117588
586.745375,0.9999938513189032
587.227499,0.9999929999245006
587.709623,0.9999911868388361
588.191748,0.9999892370579209
588.673872,0.9999870660836438
589.155996,0.9999865210908413
589.638121,0.9999884860662859
590.120245,0.9999919478324188
590.60237,0.9999935577207516
591.084494,0.9999944924151668
591.566618,0.9999943969156974
592.048743,0.9999944116156151
592.530867,0.9999941645170265
593.012991,0.9999942281166574
593.495116,0.9999934109217081
593.97724,0.9999935332209097
594.459364,0.9999932543227522
594.941489,0.9999935430208464
595.423613,0.999993623820328
595.905737,0.999993848918918
596.387862,0.9999939614182323
596.869986,0.9999943969156974
597.35211,0.9999948961130248
597.834235,0.9999954344104224
598.316359,0.9999959800080802
598.798483,0.9999963592066277
599.280608,0.9999964253063892
599.762732,0.9999966553055935
600.244856,0.9999971862039587
600.726981,0.9999975944028935
601.209105,0.9999977025026392
601.69123,0.9999982065016083
602.173354,0.999998107401791
602.655478,0.9999982694014975
603.137603,0.9999984170012529
603.619727,0.9999984052012717
604.101851,0.9999982356015565
604.583976,0.9999983206014101
605.0661,0.9999982065016083
605.548224,0.9999984808011539
606.030349,0.9999984886011422
606.512473,0.9999984671011749
606.994597,0.9999984500012012
607.476722,0.9999984084012666
607.958846,0.9999987514007795
608.44097,0.9999983751013202
608.923095,0.999998552301048
609.405219,0.999998313001423
609.887343,0.9999983159014181
610.369468,0.9999983861013023
610.851592,0.9999983722013248
611.333716,0.9999981140017785
611.815841,0.9999981226017624
612.297965,0.9999983039014384
612.78009,0.9999980514018986
613.262214,0.9999982183015872
613.744338,0.9999978346023445
614.226463,0.9999979937020126
614.708587,0.9999979374021272
615.190711,0.9999977891024441
615.672836,0.9999978486023142
616.15496,0.9999980722018582
616.637084,0.9999977549025202
617.119209,0.999998002001996
617.601333,0.9999982290015682
618.083457,0.9999982687014987
618.565582,0.9999982799014794
619.047706,0.9999979440021136
619.52983,0.9999977120026174
620.011955,0.999997880102247
620.494079,0.999998333301389
620.976203,0.9999981982016233
621.458328,0.9999981197017678
621.940452,0.9999982657015039
622.422576,0.9999983460013678
622.904701,0.9999983313013923
623.386825,0.999998332101391
623.868949,0.9999981412017276
624.351074,0.9999983587013469
624.833198,0.9999984434012115
625.315323,0.9999980859018319
625.797447,0.9999984740011644
626.279571,0.9999984052012717
626.761696,0.9999984292012337
627.24382,0.9999989785005218
627.725944,0.9999986372009286
628.208069,0.9999986775008745
628.690193,0.9999990543304471
629.172317,0.9999987776007472
629.654442,0.9999988591006508
630.136566,0.9999989506005507
630.61869,0.9999991260203819
631.100815,0.9999987852007378
631.582939,0.9999994330901607
632.065063,0.9999988870006193
632.547188,0.9999989878005123
633.029312,0.9999990805104227
633.511436,0.9999987619007664
633.993561,0.9999991189303882
634.475685,0.9999991793603368
634.957809,0.9999994218301671
635.439934,1.0
635.922058,0.9999997377100344
636.404183,0.9999992588802746
636.886307,0.9999993269002265
637.368431,0.999999597510081
637.850556,0.9999995608100964
638.33268,0.999999355040208
638.814804,0.9999994291701629
639.296929,0.9999996780100519
639.779053,0.9999995405001055
640.261177,0.9999995637400951
640.743302,0.9999991698203446
641.225426,0.9999998380300131
641.70755,0.9999996819200506
642.189675,0.999999986054
642.671799,0.9999997800400242
643.153923,0.9999994061701764
643.636048,0.9999994847101328
644.118172,0.9999996060700775
644.600296,0.9999998348400136
645.082421,0.9999993861101885
645.564545,0.9999995586100974
646.046669,0.9999997866400228
646.528794,0.9999997311000361
647.010918,0.9999998502600113
647.493043,0.9999997986300203
647.975167,0.9999994641601435
648.457291,1.0
648.939416,0.9999996227100711
649.42154,0.9999996188000727
649.903664,0.9999995625200957
650.385789,0.9999995909000837
650.867913,0.9999995549400991
651.350037,0.9999992865302545
651.832162,0.9999999177890034
652.314286,0.9999996692000547
652.79641,0.9999994455701537
653.278535,0.9999996677300552
653.760659,0.9999998118500177
654.242783,0.9999993374202195
654.724908,0.9999997761200251
655.207032,0.9999995338901086
655.689156,0.9999999437250016
656.171281,0.999999308550239
656.653405,0.9999996892600482
657.135529,0.9999994042201775
657.617654,0.9999997991200201
658.099778,0.9999995962900815
658.581902,0.9999995882100848
659.064027,0.9999997560600298
659.546151,0.9999995970200812
660.028276,0.999999891120006
660.5104,0.999999922193003
660.992524,0.9999989988005012
661.474649,0.9999995918800832
661.956773,0.9999991842503327
662.438897,0.9999995407501054
662.921022,0.9999996124400751
663.403146,0.9999994546201487
663.88527,0.9999997538600303
664.367395,0.999999312950236
664.849519,0.9999995818500874
665.331643,0.9999996958700462
665.813768,0.9999993056102411
666.295892,0.9999997144600408
666.778016,0.9999993494102116
667.260141,0.9999998135600173
667.742265,0.9999997200900391
668.224389,0.999999987277
668.706514,0.9999996469300624
669.188638,0.9999995972700811
669.670762,0.9999995632600954
670.152887,0.9999990225204778
670.635011,0.9999992892202526
671.117136,0.9999996670000555
671.59926,0.9999995209301148
672.081384,0.9999993391302183
672.563509,0.9999993445202148
673.045633,0.9999992725802646
673.527757,0.9999993065902404
674.009882,0.9999996087600765
674.492006,0.9999994974401263
674.97413,0.9999994768901368
675.456255,0.9999995331601089
675.938379,0.9999996611300574
676.420503,0.9999991490203621
676.902628,0.999999561790096
677.384752,0.999999106690399
677.866876,0.9999993523502098
678.349001,0.9999992899502521
678.831125,0.9999993134402357
679.313249,0.9999994223201668
679.795374,0.9999993193102317
680.277498,0.9999994996401251
680.759622,0.9999992769902614
681.241747,0.9999997039400438
681.723871,0.9999995241101133
682.205996,0.9999998140500173
682.68812,0.9999997741700255
683.170244,0.9999992366102913
683.652369,0.9999997235200382
684.134493,0.9999995598300969
684.616617,0.9999997249900379
685.098742,0.9999998319100142
685.580866,0.999999361400204
686.06299,0.9999991186803884
686.545115,0.9999998850000066
687.027239,0.9999996572100588
687.509363,0.999999899930005
687.991488,0.9999997220500386
688.473612,0.9999994854501324
688.955736,0.9999998671400089
689.437861,1.0
689.919985,0.999999339620218
690.402109,0.999999703210044
690.884234,0.9999996011800796
691.366358,0.9999998534400107
691.848482,0.9999996256500701
692.330607,0.9999995520001004
692.812731,1.0
693.294856,0.9999998536800107
693.77698,0.9999998424300124
694.259104,0.9999999202360031
694.741229,1.0
695.223353,0.9999995872300852
695.705477,0.9999997771000249
696.187602,0.9999996491400616
696.669726,0.9999994793301356
697.15185,0.9999996065600774
697.633975,0.9999997775900248
698.116099,0.9999998355800135
698.598223,0.9999998590700099
699.080348,1.0
699.562472,0.9999997068800429
700.044596,0.9999997629100281
700.526721,0.9999997580200293
701.008845,0.9999997455400323
701.490969,0.9999998343600137
701.973094,0.9999997347700351
702.455218,0.9999998392500129
702.937342,1.0
703.419467,0.9999993430502158
703.901591,0.9999997528800305
704.383715,0.9999998360700134
704.86584,0.9999993721601971
705.347964,0.9999996359200662
705.830089,0.9999996951400465
706.312213,0.9999994279501636
706.794337,0.9999996946500466
707.276462,0.9999995772000894
707.758586,1.0
708.24071,0.9999996520700605
708.722835,0.9999995632600954
709.204959,0.9999993538102088
709.687083,0.9999995713300919
710.169208,0.9999995821000873
710.651332,0.9999996579400585
711.133456,0.9999991813203352
711.615581,0.99999965354006
712.097705,0.999999418650169
712.579829,0.9999998688500086
713.061954,0.9999994059301764
713.544078,0.9999994641601435
714.026202,0.9999992586402748
714.508327,0.9999994257501649
714.990451,0.9999997002700449
715.472575,0.9999994394501571
715.9547,0.9999996080300768
716.436824,0.9999990479704531
716.918949,0.9999983347013867
717.401073,0.9999983839013059
717.883197,0.9999978373023386
718.365322,0.9999977023026397
718.847446,0.9999969929045214
719.32957,0.9999967165053907
719.811695,0.9999960583077685
720.293819,0.9999952215114171
720.775943,0.9999944973151398
721.258068,0.9999934672213386
721.740192,0.9999918841329338
722.222316,0.9999908247420929
722.704441,0.9999883950673377
723.186565,0.9999867460878339
723.668689,0.9999840621270093
724.150814,0.9999817771660379
724.632938,0.9999782022375747
725.115062,0.9999754103023316
725.597187,0.999971349410436
726.079311,0.9999677525199612
726.561435,0.9999629816851947
727.04356,0.9999591158357802
727.525684,0.9999540020579378
728.007809,0.9999501362432385
728.489933,0.9999434575985818
728.972057,0.999945879464569
729.454182,0.9999409367443027
729.936306,0.9999399098054881
730.41843,0.9999382459068625
730.900555,0.999938759875253
731.382679,0.9999390538572916
731.864803,0.9999414757126129
732.346928,0.999941915686959
732.829052,0.9999450475099434
733.311176,0.9999415487083433
733.793301,0.9999357750625096
734.275425,0.9999156395585421
734.757549,0.9998967753280331
735.239674,0.9998627194238408
735.721798,0.9998575401483685
736.203922,0.9999236639137473
736.686047,0.9999355790751169
737.168171,0.9999400807952272
737.650295,0.9999387108782549
738.13242,0.9999383928977955
738.614544,0.999934062173994
739.096669,0.9999313953534064
739.578793,0.9999303194278039
740.060917,0.9999313953534064
740.543042,0.9999312243651525
741.025166,0.9999324472817877
741.50729,0.9999331572340773
741.989415,0.999935188100382
742.471539,0.999937707940231
742.953663,0.9999415487083433
743.435788,0.9999450965072519
743.917912,0.9999499652517798
744.400036,0.9999548580189299
744.882161,0.9999597278109463
745.364285,0.9999644006336725
745.846409,0.9999693184706877
746.328534,0.9999734043536704
746.810658,0.9999774752536859
747.292782,0.9999810841789064
747.774907,0.9999845761189493
748.257031,0.9999872350814722
748.739155,0.9999898340516736
749.22128,0.9999918425332723
749.703404,0.9999935577207516
750.185528,0.9999949621126902
750.667653,0.9999959751080999
751.149777,0.999996851004958
751.631902,0.999997703502637
752.114026,0.9999982144015942
752.59615,0.9999986714008826
753.078275,0.9999989552005458
753.560399,0.9999992965602474
754.042523,0.9999991666403473
754.524648,0.9999996875500489
755.006772,0.99999959996008
755.488896,0.9999996197800722
755.971021,0.9999997450500325
756.453145,0.9999998196700163
756.935269,0.9999995850300861
757.417394,1.0
757.899518,0.9999995796500883
758.381642,0.9999998164900168
758.863767,0.9999999662350005
759.345891,0.9999998935700056
759.828015,0.9999996829000503
760.31014,0.9999997193600394
760.792264,0.999999700030045
761.274388,1.0
761.756513,0.9999994600001458
762.238637,0.9999998617600095
762.720762,0.9999998037700193
763.202886,0.9999998003500199
763.68501,0.9999999681920005
764.167135,0.9999999990213
764.649259,0.9999997998600201
765.131383,0.9999998120900176
765.613508,0.9999997457800324
766.095632,0.9999997993700201
766.577756,0.9999997005200448
767.059881,0.9999998889200061
767.542005,0.9999999180340033
768.024129,0.9999997240100381
768.506254,0.999999573530091
768.988378,0.9999996518300606
769.470502,0.9999996249100703
769.952627,0.9999996731100534
770.434751,0.9999996645500563
770.916875,0.9999997864000228
771.399,0.9999996523200605
771.881124,0.9999997634000279
772.363248,0.9999996939100468
772.845373,0.9999996210000718
773.327497,0.9999995674100935
773.809622,0.9999996860800493
774.291746,0.9999995723100915
774.77387,0.9999995865000855
775.255995,0.9999996442400633
775.738119,0.9999994656301427
776.220243,0.9999996907300478
776.702368,0.9999994003001799
777.184492,0.9999994162101704
777.666616,0.999999415230171
778.148741,0.9999992018703185
778.630865,0.9999993376702193
779.112989,0.9999994096001743
779.595114,0.9999993058602409
780.077238,0.9999993298402245
780.559362,0.9999993347302213
781.041487,0.9999993300802243
781.523611,0.9999992079903136
782.005735,0.999999195020324
782.48786,0.9999991177003892
782.969984,0.9999990396504611
783.452108,0.9999991223503851
783.934233,0.9999990949504095
784.416357,0.9999989824005178
784.898481,0.9999988650006442
785.380606,0.9999988515006595
785.86273,0.9999987698007567
786.344855,0.9999987756007496
786.826979,0.9999985300010804
787.309103,0.999998464401179
787.791228,0.9999985173010992
788.273352,0.9999984869011448
788.755476,0.9999983242014041
789.237601,0.9999984583011884
789.719725,0.9999984346012253
790.201849,0.9999984857011466
790.683974,0.9999984067012693
791.166098,0.9999982234015782
791.648222,0.9999981547017026
792.130347,0.9999980715018596
792.612471,0.9999981958016275
793.094595,0.9999979293021439
793.57672,0.9999978985022081
794.058844,0.9999979623020762
794.540968,0.9999979115021809
795.023093,0.9999978738022604
795.505217,0.9999978566022971
795.987341,0.9999978547023012
796.469466,0.999998021601957
796.95159,0.9999979758020487
797.433715,0.9999980477019057
797.915839,0.999998114301778
798.397963,0.9999980663018696
798.880088,0.9999980962018122
799.362212,0.9999980260019483
799.844336,0.9999978975022102
800.326461,0.9999978777022521
800.808585,0.9999981711016724
801.290709,0.9999979024022
801.772834,0.9999981547017026
802.254958,0.9999983115014255
802.737082,0.9999983668013337
803.219207,0.9999982853014701
803.701331,0.999998377601316
804.183455,0.9999983604013442
804.66558,0.9999983521013578
805.147704,0.9999985860009997
805.629828,0.999998610000966
806.111953,0.99999882530069
806.594077,0.9999986966008494
807.076201,0.9999985618010342
807.558326,0.9999988248006906
808.04045,0.9999988532006576
808.522575,0.9999988696006389
809.004699,0.9999990054004946
809.486823,0.9999988101007079
809.968948,0.9999990261904742
810.451072,0.9999988640006452
810.933196,0.9999990589804427
811.415321,0.9999989653005353
811.897445,0.9999990088204912
812.379569,0.999999053350448
812.861694,0.9999989829005173
813.343818,0.9999992941102491
813.825942,0.9999992799202593
814.308067,0.999999207500314
814.790191,0.9999994296601626
815.272315,0.9999990239904762
815.75444,0.9999993538102088
816.236564,0.9999992880002535
816.718688,0.9999993870901879
817.200813,0.9999992327002943
817.682937,0.9999993826901905
818.165061,0.9999992165503069
818.647186,0.9999992275602984
819.12931,0.9999992101903119
819.611435,0.9999992038303169
820.093559,0.9999993313002236
820.575683,0.9999995351201081
821.057808,0.9999992297602966
821.539932,0.999999356510207
822.022056,0.9999992158203075
822.504181,0.9999993156402341
822.986305,0.9999990521304493
823.468429,0.9999991416803684
823.950554,0.9999990051504949
824.432678,0.9999989525005486
824.914802,0.9999988777006298
825.396927,0.9999987387007955
825.879051,0.999998809200709
826.361175,0.9999987820007418
826.8433,0.9999982843014719
827.325424,0.9999985390010673
827.807548,0.9999981769016618
828.289673,0.999998213901595
828.771797,0.999997822402371
829.253921,0.9999978850022366
829.736046,0.9999974652032126
830.21817,0.999997232703829
830.700294,0.9999967654052313
831.182419,0.9999966920054715
831.664543,0.9999962491070347
832.146668,0.999996141507444
832.628792,0.9999956228095799
833.110916,0.9999953438108401
833.593041,0.9999945609147919
834.075165,0.9999941449171411
834.557289,0.999993376721934
835.039414,0.9999926328271378
835.521538,0.9999918009336125
836.003662,0.9999911795389005
836.485787,0.9999903769463019
836.967911,0.9999896430536336
837.450035,0.9999887030638108
837.93216,0.9999878350739934
838.414284,0.9999870420839545
838.896408,0.9999862100950816
839.378533,0.9999850901111536
839.860657,0.9999845831188413
840.342781,0.9999835901346433
840.824906,0.9999833451386937
841.30703,0.9999821491593281
841.789154,0.9999822831569452
842.271279,0.9999815031710685
842.753403,0.999981410172793
843.235528,0.9999805581889945
843.717652,0.9999806511871907
844.199776,0.9999800611987806
844.681901,0.9999797212056175
845.164025,0.9999788382239135
845.646149,0.9999793132139745
846.128274,0.9999787822251002
846.610398,0.9999780042419102
847.092522,0.99997727925812
847.574647,0.9999801231975463
848.056771,0.9999776342501171
848.538895,0.9999765872740821
849.02102,0.999979770204625
849.503144,0.9999819751624494
849.985268,0.9999805021900847
850.467393,0.9999754593011279
850.949517,0.9999837661317706
851.431641,0.9999828291474208
851.913766,0.9999832151408673
852.39589,0.9999829091460503
852.878014,0.9999836701333338
853.360139,0.999983854130346
853.842263,0.9999849821127696
854.324388,0.9999854611056908
854.806512,0.9999871330827795
855.288636,0.9999881800698559
855.770761,0.9999898730512778
856.252885,0.9999907097431547
856.735009,0.9999922830297759
857.217134,0.9999931467234838
857.699258,0.9999943309160693
858.181382,0.9999949670126655
858.663507,0.999995723109146
859.145631,0.9999959139083481
859.627755,0.9999961904072565
860.10988,0.9999962491070347
860.592004,0.9999967899051524
861.074128,0.9999965746058667
861.556253,0.9999965354060018
862.038377,0.9999967899051524
862.520501,0.999996322506762
863.002626,0.9999961121075579
863.48475,0.9999958332086811
863.966874,0.999995498010134
864.448999,0.9999954857101895
864.931123,0.9999950674121653
865.413248,0.9999951187119135
865.895372,0.9999946025145665
866.377496,0.9999944532153835
866.859621,0.9999941449171411
867.341745,0.999993538120878
867.823869,0.9999928310256972
868.305994,0.9999923343293814
868.788118,0.999992004031968
869.270242,0.9999917642339141
869.752367,0.9999911477391815
870.234491,0.9999904944451781
870.716615,0.9999899000510049
871.19874,0.999989102059383
871.680864,0.9999883020684214
872.162988,0.9999874630785879
872.645113,0.9999864430918957
873.127237,0.999985305107971
873.609361,0.9999843211229149
874.091486,0.999983183141405
874.57361,0.9999820261615314
875.055734,0.9999805291895587
875.537859,0.9999789432216971
876.019983,0.9999772092597129
876.502107,0.9999756772958017
876.984232,0.9999740403369579
877.466356,0.9999720583903741
877.948481,0.9999701994440454
878.430605,0.9999680215113228
878.912729,0.9999658435833437
879.394854,0.9999633976698816
879.876978,0.9999606327749095
880.359102,0.999957402907282
880.841227,0.9999541980489414
881.323351,0.9999511641925068
881.805475,0.9999477633643805
882.2876,0.999944191557349
882.769724,0.9999404967703874
883.251848,0.9999372669677989
883.733973,0.9999334752128718
884.216097,0.9999296094775291
884.698221,0.999925817751639
885.180346,0.9999220500382562
885.66247,0.9999179393671579
886.144594,0.9999142936729971
886.626719,0.9999103310205033
887.108843,0.9999064163792203
887.590967,0.9998982451773731
888.073092,0.9999020367987078
888.555216,0.9998951854934243
889.037341,0.9998908859533706
889.519465,0.9998869863865196
890.001589,0.9998831768243587
890.483714,0.999879997200912
890.965838,0.9998773075273372
891.447962,0.9998750778034274
891.930087,0.9998728280870334
892.412211,0.999871558249348
892.894335,0.9998689585866761
893.37646,0.9998650990999448
893.858584,0.999867538773763
894.340708,0.9998631393662711
894.822833,0.9998624994540667
895.304957,0.9998613996059222
895.787081,0.9998596398514075
896.269206,0.9998585100106528
896.75133,0.9998590299372132
897.233454,0.9998583400347205
897.715579,0.9998583200375539
898.197703,0.9998598798177498
898.679827,0.999865149093201
899.161952,0.9998735379969933
899.644076,0.9998777874685599
900.126201,0.9998797272333492
900.608325,0.9998805771314786
901.090449,0.9998802171745356
901.572574,0.9998800671925142
902.054698,0.9998794772634486
902.536822,0.999879067312947
903.018947,0.9998795572538101
903.501071,0.9998807571099986
903.983195,0.9998816869995352
904.46532,0.999882706879376
904.947444,0.9998829068559374
905.429568,0.9998828768594507
905.911693,0.999882386916961
906.393817,0.9998807771076139
906.875941,0.9998777674710044
907.358066,0.999875687727411
907.84019,0.9998687886089677
908.322314,0.99987294807178
908.804439,0.9998646291634586
909.286563,0.9998600097995427
909.768687,0.9998542606210152
910.250812,0.9998476516061954
910.732936,0.99984100264142
911.21506,0.9998337538204278
911.697185,0.9998258051736809
912.179309,0.9998184164882818
912.661434,0.9998109078801689
913.143558,0.9998035692950378
913.625682,0.9997967206640447
914.107807,0.9997898220904722
914.589931,0.9997829035688414
915.072055,0.9997774147757675
915.55418,0.9997697365147067
916.036304,0.9997616184174056
916.518428,0.9997529105316322
917.000553,0.9997438628087328
917.482677,0.9997367646525054
917.964801,0.9997321158873581
918.446926,0.9997252677458193
918.92905,0.9997169500661932
919.411174,0.99970814259866
919.893299,0.9997123013931836
920.375423,0.99971206146226
920.857547,0.9997142608312145
921.339672,0.999726737343043
921.821796,0.999738964075807
922.30392,0.9997279570104065
922.786045,0.9997279570104065
923.268169,0.9997578993111027
923.750294,0.9997696865262211
924.232418,0.9997750952948559
924.714542,0.999775295249895
925.196667,0.9997765849608576
925.678791,0.9997785245293139
926.160915,0.9997816038519116
926.64304,0.9997861328728352
927.125164,0.999793291367174
927.607288,0.9998013197395376
928.089413,0.9998105179539909
928.571537,0.9998198662260369
929.053661,0.9998300644406831
929.535786,0.9998391429388847
930.01791,0.9998471916763814
930.500034,0.9998531607819334
930.982159,0.9998573901697487
931.464283,0.9998592998991878
931.946407,0.9998589999414428
932.428532,0.9998567802569267
932.910656,0.9998534507393921
933.39278,0.9998484114906994
933.874905,0.9998370632756302
934.357029,0.9998429323364173
934.839154,0.999831554188589
935.321278,0.9998267350121121
935.803402,0.9998232856158266
936.285527,0.9998202761522661
936.767651,0.9998192263415272
937.249775,0.9998199562098289
937.7319,0.9998210160195442
938.214024,0.9998223357841564
938.696148,0.9998231856335029
939.178273,0.9998224057717223
939.660397,0.9998133074292272
940.142521,0.9998194463017812
940.624646,0.9998038192459613
941.10677,0.9997897521051871
941.588894,0.9997751452836119
942.071019,0.9997617883768952
942.553143,0.9997516908338253
943.035267,0.999749971262396
943.517392,0.9997645077326579
943.999516,0.9997891622294074
944.48164,0.9998213259641071
944.963765,0.9998547005569867
945.445889,0.9998637492829722
945.928014,0.9998650491066912
946.410138,0.9998640192462209
946.892262,0.999860469735253
947.374387,0.9998588099682508
947.856511,0.9998580700730052
948.338635,0.9998596598486005
948.82076,0.9998628194101177
949.302884,0.9998679787155769
949.785008,0.9998748278346893
950.267133,0.9998835167846966
950.749257,0.9998925957682475
951.231381,0.999902354767606
951.713506,0.9999117008985952
952.19563,0.9999206301499532
952.677754,0.9999296094775291
953.159879,0.9999379519250614
953.642003,0.9999463934368832
954.124127,0.9999585038609886
954.606252,0.9999534640828294
955.088376,0.9999629076879368
955.5705,0.9999668475495547
956.052625,0.9999698324550496
956.534749,0.9999718383965454
957.016873,0.9999733793543357
957.498998,0.9999741383344186
957.981122,0.9999745293243831
958.463247,0.999975577298239
958.945371,0.9999778572451544
959.427495,0.999979577208548
959.90962,0.9999825111529317
960.391744,0.9999818161653279
960.873868,0.9999831611417752
961.355993,0.9999831711416068
961.838117,0.9999839001296043
962.320241,0.9999846271181639
962.802366,0.9999852781083681
963.28449,0.9999861590957863
963.766614,0.9999868390866056
964.248739,0.9999875510774885
964.730863,0.9999885080660328
965.212987,0.9999892120581902
965.695112,0.9999900515494862
966.177236,0.9999908149421829
966.65936,0.999991619935113
967.141485,0.9999921313309581
967.623609,0.9999927552262435
968.105733,0.9999932959224724
968.587858,0.9999938978186184
969.069982,0.9999943309160693
969.552107,0.9999946783141602
970.034231,0.9999950331123351
970.516355,0.9999950282123594
970.99848,0.999995363410749
971.480604,0.9999954539103335
971.962728,0.9999956546094413
972.444853,0.9999959580081689
972.926977,0.9999958992084083
973.409101,0.9999959898080408
973.891226,0.9999961023075961
974.37335,0.9999960558077784
974.855474,0.9999962026072101
975.337599,0.9999960779076914
975.819723,0.9999962565070069
976.301847,0.9999961341074726
976.783972,0.9999961219075199
977.266096,0.9999960632077491
977.74822,0.9999960314078749
978.230345,0.9999959678081293
978.712469,0.99999584790862
979.194593,0.9999957916088553
979.676718,0.999995632609537
980.158842,0.999995546909915
980.640967,0.9999954760102333
981.123091,0.9999955738097956
981.605215,0.9999954613102999
982.08734,0.999995564009839
982.569464,0.9999954882101781
983.051588,0.9999955763097845
983.533713,0.9999955420099369
984.015837,0.9999954490103558
984.497961,0.9999954221104785
984.980086,0.9999955445099257
985.46221,0.9999955176100459
985.944334,0.9999953854106473
986.426459,0.9999954809102111
986.908583,0.9999955910097196
987.390707,0.999995498010134
987.872832,0.9999955445099257
988.354956,0.999995784308886
988.83708,0.9999955396099476
989.319205,0.99999570350923
989.801329,0.9999961390074537
990.283453,0.999996212407173
990.765578,0.999996178207303
991.247702,0.999996523206044
991.729827,0.9999964229063978
992.211951,0.999996449806302
992.694075,0.9999965721058752
993.1762,0.9999966064057583
993.658324,0.9999967825051761
994.140448,0.9999967434053028
994.622573,0.9999971104041749
995.104697,0.9999970663043033
995.586821,0.999997303703635
996.068946,0.9999974040033696
996.55107,0.9999976078028613
997.033194,0.9999976039028706
997.515319,0.9999976680027192
997.997443,0.9999978275023599
998.479567,0.9999978794022485
998.961692,0.9999979469021076
999.443816,0.9999979606020796
999.92594,0.9999980764018501
1000.408065,0.9999981182017705
1000.890189,0.9999981894016391
1001.372313,0.9999982687014987
1001.854438,0.9999983492013625
1002.336562,0.9999983903012956
1002.818686,0.9999984074012682
1003.300811,0.9999985525010476
1003.782935,0.9999984928011358
1004.26506,0.9999983947012885
1004.747184,0.9999984003012795
1005.229308,0.9999985116011076
1005.711433,0.9999986291009397
1006.193557,0.9999985503010508
1006.675681,0.9999986775008745
1007.157806,0.9999987382007961
1007.63993,0.9999985914009921
1008.122054,0.9999987098008323
1008.604179,0.999998700000845
1009.086303,0.9999988657006433
1009.568427,0.9999988887006175
1010.050552,0.9999989234005795
1010.532676,0.9999988216006943
1011.0148,0.9999988787006286
1011.496925,0.9999989195005837
1011.979049,0.9999988995006055
1012.461173,0.9999989954005046
1012.943298,0.9999991240603836
1013.425422,0.9999990717004309
1013.907546,0.9999990751304277
1014.389671,0.9999991057103998
1014.871795,0.9999991641903493
1015.35392,0.9999990494404518
1015.836044,0.9999991111003951
1016.318168,0.9999992579002753
1016.800293,0.999999131650377
1017.282417,0.9999990973904074
1017.764541,0.9999992048103161
1018.246666,0.9999992857902551
1018.72879,0.9999991825403342
1019.210914,0.9999993773001938
1019.693039,0.9999991764203391
1020.175163,0.9999992495802815
1020.657287,0.9999991764203391
1021.139412,0.9999992625502719
1021.621536,0.9999993053702413
1022.10366,0.9999991759403395
1022.585785,0.9999993092802385
1023.067909,0.9999993166202336
1023.550033,0.9999993058602409
1024.032158,0.9999991896403283
1024.514282,0.9999991184403886
1024.996406,0.9999990822204211
1025.478531,0.999999247620283
1025.960655,0.9999991270003811
1026.44278,0.9999992053003157
1026.924904,0.9999989888005113
1027.407028,0.9999989819005183
1027.889153,0.9999989384005635
1028.371277,0.9999989494005519
1028.853401,0.9999989601005407
1029.335526,0.9999987864007364
1029.81765,0.9999987571007724
1030.299774,0.9999987989007213
1030.781899,0.9999985094011109
1031.264023,0.9999985209010939
1031.746147,0.999998292401458
1032.228272,0.999998086401831
1032.710396,0.9999980504019005
1033.19252,0.9999979347021327
1033.674645,0.9999977348025656
1034.156769,0.9999973257035759
1034.638893,0.9999971373040976
1035.121018,0.9999968706048966
1035.603142,0.9999966161057254
1036.085266,0.9999963250067528
1036.567391,0.9999959164083378
1037.049515,0.9999953267109198
1037.53164,0.9999949793126037
1038.013764,0.9999945511148453
1038.495888,0.9999939443183357
1038.978013,0.9999934256216113
1039.460137,0.999992794325961
1039.942261,0.9999921998304215
1040.424386,0.9999913434374682
1040.90651,0.9999900760492427
1041.388634,0.9999907904424082
1041.870759,0.9999893490567217
1042.352883,0.9999886570643316
1042.835007,0.9999878300740541
1043.317132,0.999987113083037
1043.799256,0.9999864030924388
1044.28138,0.9999857621013598
1044.763505,0.9999849111138384
1045.245629,0.9999844021216482
1045.727753,0.999983756131933
1046.209878,0.9999831911412704
1046.692002,0.9999825741518319
1047.174126,0.9999819011637859
1047.656251,0.9999812431759114
1048.138375,0.9999806981862824
1048.620499,0.9999798022039782
1049.102624,0.9999791782167763
1049.584748,0.99997836823397
1050.066873,0.9999776152505423
1050.548997,0.9999769472657184
1051.031121,0.9999763112805822
1051.513246,0.9999760292873021
1051.99537,0.999975692295437
1052.477494,0.9999756822956801
1052.959619,0.999975667296045
1053.441743,0.9999763602794226
1053.923867,0.9999772132596217
1054.405992,0.9999779722426146
1054.888116,0.999979430211561
1055.37024,0.9999807731848376
1055.852365,0.999981852164674
1056.334489,0.9999829781448735
1056.816613,0.9999834311372652
1057.298738,0.9999836731332847
1057.780862,0.9999835111359429
1058.262986,0.9999837271324046
1058.745111,0.9999841571254997
1059.227235,0.9999847181167691
1059.709359,0.999985589103838
1060.191484,0.9999864990911381
1060.673608,0.9999875510774885
1061.155733,0.9999885540655052
1061.637857,0.9999896160539136
1062.119981,0.9999909152412667
1062.602106,0.9999918646330923
1063.08423,0.9999927870260136
1063.566354,0.9999934085217239
1064.048479,0.999994284416334
1064.530603,0.9999949842125792
1065.012727,0.9999955689098173
1065.494852,0.9999961170075389
1065.976976,0.9999964938061467
1066.4591,0.9999967165053907
1066.941225,0.9999970199044405
1067.423349,0.9999969905045285
1067.905473,0.9999969832045505
1068.387598,0.9999970541043391
1068.869722,0.9999970810042603
1069.351846,0.9999970199044405
1069.833971,0.9999970370043897
1070.316095,0.9999970076044772
1070.798219,0.9999969342046996
1071.280344,0.9999969856045433
1071.762468,0.9999969147047595
1072.244593,0.9999967263053585
1072.726717,0.9999966969054552
1073.208841,0.9999965843058335
1073.690966,0.9999965794058503
1074.17309,0.9999964816061896
1074.655214,0.9999961195075291
1075.137339,0.9999961292074916
1075.619463,0.9999961439074347
1076.101587,0.9999959800080802
1076.583712,0.999995772008938
1077.065836,0.999995498010134
1077.54796,0.9999950331123351
1078.030085,0.9999947640137078
1078.512209,0.9999942477165444
1078.994333,0.9999937437195706
1079.476458,0.999993080623939
1079.958582,0.9999926328271378
1080.440706,0.999991737334136
1080.922831,0.9999914241367729
1081.404955,0.9999910938396601
1081.887079,0.9999911770389226
1082.369204,0.9999897750522752
1082.851328,0.999990707343177
1083.333452,0.9999907758425428
1083.815577,0.9999901298487103
1084.297701,0.9999895330547789
1084.779826,0.9999889060615382
1085.26195,0.9999880820710191
1085.744074,0.9999873310802514
1086.226199,0.9999865400905854
1086.708323,0.999985824100479
1087.190447,0.9999839711284637
1087.672572,0.9999848081153978
1088.154696,0.9999830341439218
1088.63682,0.9999819581627559
1089.118945,0.999980480190514
1089.601069,0.9999790292198899
1090.083193,0.9999774652539112
1090.565318,0.9999753613035377
1091.047442,0.9999731843595457
1091.529566,0.999970566433176
1092.011691,0.9999677035215425
1092.493815,0.999964644625016
1092.975939,0.9999615867378082
1093.458064,0.9999576718958595
1093.940188,0.9999541490511868
1094.422312,0.9999501362432385
1094.904437,0.9999463194408528
1095.386561,0.9999420136812716
1095.868686,0.9999358240593638
1096.35081,0.9999293404965003
1096.832934,0.9999220740363857
1097.315059,0.9999147586332517
1097.797183,0.9999067093518432
1098.279307,0.9998987351276334
1098.761432,0.9998909559457351
1099.243556,0.9998837567567694
1099.72568,0.9998764476332224
1100.207805,0.99986988846524
1100.689929,0.9998636992897859
1101.172053,0.9998584900134828
1101.654178,0.9998534707364614
1102.136302,0.9998518309781139
1102.618426,0.9998506111596243
1103.100551,0.9998493113546746
1103.582675,0.9998495813140251
1104.064799,0.9998503411999957
1104.546924,0.9998494613320825
1105.029048,0.9998482615134489
1105.511172,0.9998448420382418
1105.993297,0.9998390129598045
1106.475421,0.9998293245667093
1106.957546,0.9998165368314258
1107.43967,0.9997946410890284
1107.921794,0.9997705663239324
1108.403919,0.9997401937554891
1108.886043,0.9997079026687347
1109.368167,0.9996587382430445
1109.850292,0.9996340369808079
1110.332416,0.9996504211169416
1110.81454,0.9996611874099535
1111.296665,0.9998295745240716
1111.778789,0.9998833168080132
1112.260913,0.9998897560773079
1112.743038,0.9998926657607317
1113.225162,0.9998818569794363
1113.707286,0.9998883862292804
1114.189411,0.9998741179238135
1114.671535,0.9998681486931477
1115.153659,0.9998633293402857
1115.635784,0.9998608096878705
1116.117908,0.9998615495851434
1116.600032,0.9998648791296472
1117.082157,0.9998689085932295
1117.564281,0.9998706983601777
1118.046406,0.9998747578434538
1118.52853,0.9998815370172933
1119.010654,0.9998885862069776
1119.492779,0.9999022077819707
1119.974903,0.9999164224927944
1120.457027,0.9999282885713874
1120.939152,0.9999368019970779
1121.421276,0.999944191557349
1121.9034,0.9999501362432385
1122.385525,0.9999555929860207
1122.867649,0.999960607775894
1123.349773,0.9999641556424244
1123.831898,0.9999670915414952
1124.314022,0.9999693424699517
1124.796146,0.9999713244111526
1125.278271,0.9999727193721231
1125.760395,0.9999737713439772
1126.242519,0.9999745783231363
1126.724644,0.9999751903077655
1127.206768,0.9999756432966294
1127.688892,0.9999759362895357
1128.171017,0.9999761052854832
1128.653141,0.9999762522819815
1129.135265,0.9999762102829798
1129.61739,0.9999761742838369
1130.099514,0.999976653272539
1130.581639,0.9999768782673114
1131.063763,0.9999764572771342
1131.545887,0.9999761082854116
1132.028012,0.9999754593011279
1132.510136,0.9999750193120226
1132.99226,0.9999749453138739
1133.474385,0.9999749213144755
1133.956509,0.9999749213144755
1134.438633,0.9999747253194101
1134.920758,0.9999738693414116
1135.402882,0.9999728903674727
1135.885006,0.9999724743788369
1136.367131,0.9999722783842511
1136.849255,0.999972034391045
1137.331379,0.9999715204055514
1137.813504,0.9999718133972497
1138.295628,0.9999717163999886
1138.777752,0.9999716424020842
1139.259877,0.9999708104260239
1139.742001,0.9999710794182081
1140.224125,0.9999702964411594
1140.70625,0.9999699544513765
1141.188374,0.9999696604602532
1141.670499,0.9999702234433304
1142.152623,0.9999704924353567
1142.634747,0.999971349410436
1143.116872,0.9999731593602165
1143.598996,0.9999740403369579
1144.08112,0.9999749213144755
1144.563245,0.9999753123047461
1145.045369,0.9999773092574388
1145.527493,0.999976112285316
1146.009618,0.9999784982311664
1146.491742,0.9999794792105543
1146.973866,0.9999806341875198
1147.455991,0.9999813611737051
1147.938115,0.9999823201562903
1148.420239,0.9999830151442443
1148.902364,0.9999839401289611
1149.384488,0.9999848601146092
1149.866612,0.9999856421030756
1150.348737,0.9999865870899539
1150.830861,0.9999873700797581
1151.312985,0.9999882530689957
1151.79511,0.999989017060313
1152.277234,0.999989785052173
1152.759359,0.999990800242318
1153.241483,0.9999914804362917
1153.723607,0.9999922144303077
1154.205732,0.9999926720268497
1154.687856,0.9999933253222758
1155.16998,0.9999937632194488
1155.652105,0.999994032417806
1156.134229,0.9999942134167423
1156.616353,0.9999946514143038
1157.098478,0.9999948251133898
1157.580602,0.9999950233123838
1158.062726,0.999995170111664
1158.544851,0.9999952973110576
1159.026975,0.9999952680111959
1159.509099,0.9999953071110116
1159.991224,0.9999952191114285
1160.473348,0.9999953071110116
1160.955472,0.999995319410954
1161.437597,0.9999952044114989
1161.919721,0.9999951872115815
1162.401845,0.9999951481117705
1162.88397,0.9999950649121776
1163.366094,0.9999950796121051
1163.848219,0.9999947028140301
1164.330343,0.9999947395138364
1164.812467,0.9999943505159584
1165.294592,0.999994118017299
1165.776716,0.999993479421259
1166.25884,0.9999930733239896
1166.740965,0.9999924738283218
1167.223089,0.9999921949304598
1167.705213,0.9999922585299653
1168.187338,0.9999925081280642
1168.669462,0.9999923270294374
1169.151586,0.9999919747322026
1169.633711,0.9999915881353799
1170.115835,0.9999909128412885
1170.597959,0.9999905751444143
1171.080084,0.999989880051207
1171.562208,0.9999891730586118
1172.044332,0.9999884560666317
1172.526457,0.9999878490738231
1173.008581,0.9999870440839286
1173.490705,0.999986151095897
1173.97283,0.9999855251047624
1174.454954,0.9999847451163569
1174.937078,0.9999838121310249
1175.419203,0.9999831911412704
1175.901327,0.9999823931550024
1176.383452,0.9999817061673342
1176.865576,0.9999811261781129
1177.3477,0.9999804141918045
1177.829825,0.999979878202446
1178.311949,0.9999793132139745
1178.794073,0.9999788892228356
1179.276198,0.9999782732360295
1179.758322,0.9999774922533031
1180.240446,0.9999765012760994
1180.722571,0.9999751413089824
1181.204695,0.9999736003484769
1181.686819,0.9999719603931171
1182.168944,0.999969783456529
1182.651068,0.9999678255176098
1183.133192,0.9999655015950837
1183.615317,0.9999634466680893
1184.097441,0.9999616597350067
1184.579565,0.9999607797691333
1185.06169,0.9999601677933234
1185.543814,0.9999619787228271
1186.025938,0.9999610487586194
1186.508063,0.9999642046406692
1186.990187,0.9999675075278918
1187.472312,0.9999676305239028
1187.954436,0.9999675075278918
1188.43656,0.9999667985511803
1188.918685,0.9999660885750054
1189.400809,0.9999650116121079
1189.882933,0.9999638626529697
1190.365058,0.9999624427052929
1190.847182,0.9999615867378082
1191.329306,0.9999609017643559
1191.811431,0.9999609747615045
1192.293555,0.9999617087331293
1192.775679,0.9999623207098823
1193.257804,0.9999616357359272
1193.739928,0.9999610487586194
1194.222052,0.9999599228031123
1194.704177,0.9999590668377848
1195.186301,0.9999581858742349
1195.668425,0.9999585528589565
1196.15055,0.9999580148813998
1196.632674,0.999959555817888
1197.114798,0.9999622227135797
1197.596923,0.9999642776380587
1198.079047,0.9999698814535726
1198.561172,0.9999716424020842
1199.043296,0.9999731593602165
1199.52542,0.999974309330011
1200.007545,0.9999759092901858
1200.489669,0.9999754353017172
1200.971793,0.9999758242922371
1201.453918,0.9999754843005146
1201.936042,0.9999751173095793
1202.418166,0.9999744563262452
1202.900291,0.9999735513497717
1203.382415,0.9999742113325334
1203.864539,0.9999754593011279
1204.346664,0.9999775412522015
1204.828788,0.9999791372176309
1205.310912,0.999979085218717
1205.793037,0.9999792252157989
1206.275161,0.9999787012268221
1206.757285,0.9999779672427248
1207.23941,0.9999770252639233
1207.721534,0.9999761762837892
1208.203658,0.9999746763206497
1208.685783,0.9999732083589025
1209.167907,0.9999713244111526
1209.650031,0.9999692444729609
1210.132156,0.999966602557707
1210.61428,0.999963372670797
1211.096405,0.9999598248070447
1211.578529,0.9999555679871311
1212.060653,0.999950797210497
1212.542778,0.9999453414938306
1213.024902,0.9999393228409332
1213.507026,0.9999325942718682
1213.989151,0.9999252547935622
1214.471275,0.9999172784216185
1214.953399,0.9999089121487502
1215.435524,0.9998998550148438
1215.917648,0.9998899260585808
1216.399772,0.9998798472189236
1216.881897,0.9998692585474087
1217.364021,0.9998581700588172
1217.846145,0.9998464317928045
1218.32827,0.9998339537871986
1218.810394,0.9998209660284946
1219.292518,0.9998072685750877
1219.774643,0.9997923615598454
1220.256767,0.9997757351511216
1220.738891,0.999757509405598
1221.221016,0.9997370045893577
1221.70314,0.9997140208998208
1222.185265,0.9996880886544612
1222.667389,0.9996599578274491
1223.149513,0.9996298785118637
1223.631638,0.9995961215808553
1224.113762,0.999556498375933
1224.595886,0.9995141980400031
1225.078011,0.9994657727502202
1225.560135,0.9994188189511698
1226.042259,0.9993752952093408
1226.524384,0.9993821409535596
1227.006508,0.9993867880913196
1227.488632,0.9994347198310705
1227.970757,0.9994660126220344
1228.452881,0.9994444943504277
1228.935005,0.9994095243993733
1229.41713,0.9993674701314145
1229.899254,0.9993361704324059
1230.381378,0.9993095184921456
1230.863503,0.9992887430632175
1231.345627,0.9992787102546019
1231.827751,0.9992821377864564
1232.309876,0.9992950985598338
1232.792,0.9993163637857924
1233.274125,0.9993386188090226
1233.756249,0.9993699185847157
1234.238373,0.9993990106664788
1234.720498,0.9994217572468167
1235.202622,0.9994376481790895
1235.684746,0.9994484121805245
1236.166871,0.9994750678251287
1236.648995,0.9994948776172875
1237.131119,0.9995254426379818
1237.613244,0.9995650646118303
1238.095368,0.9995780290547925
1238.577492,0.9996103059504584
1239.059617,0.9996399048498271
1239.541741,0.9996452829269822
1240.023865,0.9996455328383342
1240.50599,0.9996340369808079
1240.988114,0.9996274294216614
1241.470238,0.9996266996939043
1241.952363,0.9996347667139213
1242.434487,0.9996611874099535
1242.916611,0.9996844198059083
1243.398736,0.9996893082746734
1243.88086,0.9996956663188926
1244.362985,0.999670234384637
1244.845109,0.9996976257243188
1245.327233,0.999734805170367
1245.809358,0.9997472819385904
1246.291482,0.9997597288697325
1246.773606,0.9997367646525054
1247.255731,0.9997622282721789
1247.737855,0.9997908518745192
1248.219979,0.9998047490639456
1248.702104,0.9998121776408282
1249.184228,0.9998228256972209
1249.666352,0.9998294245496467
1250.148477,0.9998365933523209
1250.630601,0.9998426123867301
1251.112725,0.9998531607819334
1251.59485,0.999858420023391
1252.076974,0.9998748278346893
1252.559098,0.9998681986865564
1253.041223,0.9998842966941438
1253.523347,0.9998976852345126
1254.005471,0.9999069053335774
1254.487596,0.9999152485916035
1254.96972,0.9999217320630948
1255.451844,0.9999277746083792
1255.933969,0.9999322762933538
1256.416093,0.9999361910358786
1256.898218,0.99994022778643
1257.380342,0.999943775580652
1257.862466,0.9999510171996966
1258.344591,0.9999474943784684
1258.826715,0.9999548100210979
1259.308839,0.9999582108731899
1259.790964,0.9999617337321723
1260.273088,0.9999646696241324
1260.755212,0.9999677525199612
1261.237337,0.9999700764477184
1261.719461,0.9999725723761441
1262.201585,0.9999744313268841
1262.68371,0.9999762402822666
1263.165834,0.9999776022508333
1263.647958,0.9999787332261411
1264.130083,0.9999796802064498
1264.612207,0.9999804731906506
1265.094331,0.9999809151821174
1265.576456,0.9999815071709944
1266.05858,0.9999814761715682
1266.540704,0.9999816891676453
1267.022829,0.9999815861695367
1267.504953,0.999981498171161
1267.987078,0.9999811601774717
1268.469202,0.9999810551794553
1268.951326,0.9999806931863789
1269.433451,0.9999804771905725
1269.915575,0.9999801591968314
1270.397699,0.9999800201995989
1270.879824,0.9999791862166098
1271.361948,0.9999787012268221
1271.844072,0.9999780432410531
1272.326197,0.9999761782837416
1272.808321,0.9999772922578247
1273.290445,0.9999754103023316
1273.77257,0.999974309330011
1274.254694,0.9999732083589025
1274.736818,0.9999721073890061
1275.218943,0.9999712024146584
1275.701067,0.9999695144646934
1276.183191,0.999968070509757
1276.665316,0.9999662595692211
1277.14744,0.9999643756345628
1277.629564,0.9999618067293815
1278.111689,0.999958944842786
1278.593813,0.999955934970892
1279.075938,0.9999525831242156
1279.558062,0.9999487173150019
1280.040186,0.9999449005180322
1280.522311,0.9999403987762235
1281.004435,0.9999358970546816
1281.486559,0.9999307593972412
1281.968684,0.999925352786242
1282.450808,0.9999193832497049
1282.932932,0.9999130957763909
1283.415057,0.9999061714021783
1283.897181,0.9998992250781336
1284.379305,0.9998915158848273
1284.86143,0.99988371676142
1285.343554,0.9998753177734749
1285.825678,0.9998672488122188
1286.307803,0.9998585899993369
1286.789927,0.9998500512434387
1287.272051,0.9998413125921789
1287.754176,0.9998329539537447
1288.2363,0.999824315434341
1288.718424,0.9998164868406002
1289.200549,0.999809028237429
1289.682673,0.9998026394781506
1290.164798,0.9997962307637716
1290.646922,0.9997925615183377
1291.129046,0.9997883024110975
1291.611171,0.9997858829263333
1292.093295,0.9997833134799159
1292.575419,0.9997803341300809
1293.057544,0.9997813539065419
1293.539668,0.9997794743193633
1294.021792,0.9997781746068916
1294.503917,0.999778274584714
1294.986041,0.9997784945359586
1295.468165,0.9997789144430145
1295.95029,0.9997789144430145
1296.432414,0.9997820937450175
1296.914538,0.9997839233479231
1297.396663,0.999785243063573
1297.878787,0.9997911718076431
1298.360911,0.999802619482098
1298.843036,0.9997991901649945
1299.32516,0.9998127175395499
1299.807284,0.999825785177165
1300.289409,0.9998333638853399
1300.771533,0.9998443521143893
1301.253657,0.9998629393936632
1301.735782,0.999866738880052
1302.217906,0.9998691285644136
1302.700031,0.9998743878898618
1303.182155,0.999878497382041
1303.664279,0.9998850866030503
1304.146404,0.9999001289874416
1304.628528,0.9998917658577374
1305.110652,0.9999081782158781
1305.592777,0.9999169114520446
1306.074901,0.9999254997752796
1306.557025,0.9999333282226618
1307.03915,0.9999415737068823
1307.521274,0.9999478853580152
1308.003398,0.999954516034427
1308.485523,0.9999622967107868
1308.967647,0.9999655505933944
1309.449771,0.9999723033835584
1309.931896,0.9999756082974824
1310.41402,0.9999791812167139
1310.896144,0.9999810841789064
1311.378269,0.9999825011531066
1311.860393,0.9999835211357779
1312.342517,0.9999843751220697
1312.824642,0.9999846591176725
1313.306766,0.9999852361089873
1313.788891,0.9999855031050809
1314.271015,0.9999861950952885
1314.753139,0.9999865180908818
1315.235264,0.9999871250828825
1315.717388,0.9999874730784626
1316.199512,0.9999881310704363
1316.681637,0.9999885690653336
1317.163761,0.9999890480599729
1317.645885,0.9999894470556827
1318.12801,0.9999900735492675
1318.610134,0.9999912039386856
1319.092258,0.999990606944115
1319.574383,0.9999916639347451
1320.056507,0.9999921826305558
1320.538631,0.9999923759290634
1321.020756,0.9999927258264569
1321.50288,0.9999926671268856
1321.985004,0.999992664626904
1322.467129,0.9999923515292497
1322.949253,0.9999921655306896
1323.431377,0.9999906045441376
1323.913502,0.9999901396486136
1324.395626,0.9999900956490484
1324.877751,0.999989364056562
1325.359875,0.9999918328333515
1325.841999,0.999993376721934
1326.324124,0.9999932886225213
1326.806248,0.9999942991162502
1327.288372,0.9999940495177042
1327.770497,0.999994289316306
1328.252621,0.9999945364149254
1328.734745,0.9999948765131251
1329.21687,0.9999951163119253
1329.698994,0.9999953610107601
1330.181118,0.9999953341108853
1330.663243,0.999995698609251
1331.145367,0.9999957157091776
1331.627491,0.9999958454086303
1332.109616,0.9999958968084182
1332.59174,0.9999961513074063
1333.073864,0.9999962271071173
1333.555989,0.999996371506583
1334.038113,0.9999965427059765
1334.520237,0.9999967311053428
1335.002362,0.9999968535049503
1335.484486,0.999997083504253
1335.96661,0.9999972303038356
1336.448735,0.9999974676032065
1336.930859,0.99999760000288
1337.412984,0.9999978202023757
1337.895108,0.9999978094023994
1338.377232,0.9999980431019148
1338.859357,0.999998086401831
1339.341481,0.9999982719014932
1339.823605,0.9999982295015674
1340.30573,0.999998508001113
1340.787854,0.9999983927012918
1341.269978,0.9999984745011635
1341.752103,0.9999985483010537
1342.234227,0.9999987042008396
1342.716351,0.9999987284008085
1343.198476,0.9999987737007519
1343.6806,0.9999987504007808
1344.162724,0.9999989212005819
1344.644849,0.9999988701006384
1345.126973,0.9999989024006024
1345.609097,0.9999989951005049
1346.091222,0.999998910000594
1346.573346,0.9999989281005744
1347.05547,0.9999990049104951
1347.537595,0.9999990929904113
1348.019719,0.9999990925004117
1348.501844,0.9999989697005307
1348.983968,0.9999992358802919
1349.466092,0.9999991805803358
1349.948217,0.9999991862103311
1350.430341,0.9999992490902819
1350.912465,0.9999993963901822
1351.39459,0.9999991930603256
1351.876714,0.9999993584602058
1352.358838,0.9999992968002472
1352.840963,0.9999993890501866
1353.323087,0.9999993163802336
1353.805211,0.9999993110002373
1354.287336,0.9999993924701845
1354.76946,0.9999993660502009
1355.251584,0.9999994426301553
1355.733709,0.9999994228101666
1356.215833,0.9999994074001756
1356.697957,0.9999994849601326
1357.180082,0.9999994010401794
1357.662206,0.9999994257501649
1358.14433,0.9999994467901531
1358.626455,0.9999994524201499
1359.108579,0.9999994352901594
1359.590704,0.999999456090148
1360.072828,0.9999994482601522
1360.554952,0.99999951016012
1361.037077,0.9999995485701019
1361.519201,0.9999994472801528
1362.001325,0.9999994631801441
1362.48345,0.9999994445901542
1362.965574,0.9999995387901064
1363.447698,0.9999995669300937
1363.929823,0.999999344270215
1364.411947,0.9999994854501324
1364.894071,0.9999995559200986
1365.376196,0.999999507960121
1365.85832,0.9999994710101399
1366.340444,0.9999994700301404
1366.822569,0.9999994768901368
1367.304693,0.9999993682501995
1367.786817,0.9999994458101535
1368.268942,0.9999994181601692
1368.751066,0.9999993907601856
1369.23319,0.999999323230229
1369.715315,0.9999994215901673
1370.197439,0.9999993479402126
1370.679564,0.9999993704501982
1371.161688,0.9999993494102116
1371.643812,0.99999933669022
1372.125937,0.999999361150204
1372.608061,0.9999993655602013
1373.090185,0.9999992843302561
1373.57231,0.9999993251902277
1374.054434,0.9999994984201258
1374.536558,0.9999993097702382
1375.018683,0.9999994673401419
1375.500807,0.9999992251103003
1375.982931,0.9999994360201591
1376.465056,0.9999992640202708
1376.94718,0.9999993714301976
1377.429304,0.9999992635302712
1377.911429,0.9999993469602132
1378.393553,0.9999993420702165
1378.875677,0.9999993139302353
1379.357802,0.9999993185802322
1379.839926,0.9999993557702075
1380.32205,0.9999993848901891
1380.804175,0.9999993733901963
1381.286299,0.9999993447602147
1381.768423,0.9999994025001785
1382.250548,0.9999992260902995
1382.732672,0.9999993320402231
1383.214797,0.9999992549702775
1383.696921,0.9999992574102757
1384.179045,0.9999992958302479
1384.66117,0.9999992483602825
1385.143294,0.9999992686702674
1385.625418,0.9999993163802336
1386.107543,0.999999124800383
1386.589667,0.9999991703103442
1387.071791,0.9999992552102773
1387.553916,0.9999994125401725
1388.03604,0.9999990888304151
1388.518164,0.9999991196603875
1389.000289,0.9999990810004222
1389.482413,0.9999990105304896
1389.964537,0.9999988745006334
1390.446662,0.9999989895005106
1390.928786,0.9999989193005839
1391.41091,0.9999989019006029
1391.893035,0.9999987857007373
1392.375159,0.9999987106008312
1392.857283,0.9999986411009233
1393.339408,0.999998585801
1393.821532,0.9999983543013542
1394.303657,0.9999987265008109
1394.785781,0.9999984541011949
1395.267905,0.9999982873014667
1395.75003,0.9999982973014496
1396.232154,0.9999981799016564
1396.714278,0.9999980157019687
1397.196403,0.9999980367019272
1397.678527,0.9999980274019455
1398.160651,0.9999979406021205
1398.642776,0.9999978361023413
1399.1249,0.9999980720018586
