nu,[1]HFC-245fa-HITRAN(x-sec)-X=0.01-T=296.0K-P=0.9211atm-L=15cm
640.02,1.0
640.261054,1.0
640.502108,1.0
640.743161,1.0
640.984215,1.0
641.225269,1.0
641.466323,1.0
641.707377,1.0
641.94843,1.0
642.189484,1.0
642.430538,1.0
642.671592,1.0
642.912646,1.0
643.1537,1.0
643.394753,0.9590711643709635
643.635807,0.9717730397366239
643.876861,1.0
644.117915,0.997573648361277
644.358969,0.9544824715476399
644.600022,1.0
644.841076,0.9629883161690821
645.08213,0.9606155520010986
645.323184,1.0
645.564238,0.9642419792994551
645.805291,0.943688637877792
646.046345,0.9980979112679317
646.287399,1.0
646.528453,1.0
646.769507,1.0
647.010561,0.9995602667110352
647.251614,0.9755947441061045
647.492668,1.0
647.733722,0.9947523174470042
647.974776,0.988807111750764
648.21583,1.0
648.456883,0.9946160457143408
648.697937,0.9719489465759049
648.938991,0.9879847663769001
649.180045,0.9910077740807721
649.421099,0.9850242685418581
649.662152,0.9949602424087522
649.903206,0.9999144016637467
650.14426,0.975331369082424
650.385314,0.9933221962922248
650.626368,1.0
650.867422,1.0
651.108475,1.0
651.349529,0.9715534438449138
651.590583,0.9900746843118684
651.831637,0.9861251553806551
652.072691,0.9966732459496787
652.313744,1.0
652.554798,0.9541551402004342
652.795852,0.9760631419897743
653.036906,0.9843999610819794
653.27796,0.9814443164378183
653.519013,1.0
653.760067,0.9645071823075048
654.001121,0.9541226994771629
654.242175,1.0
654.483229,0.9618016832847542
654.724283,0.9679885696384688
654.965336,1.0
655.20639,0.9899221255579699
655.447444,0.9928663660251759
655.688498,1.0
655.929552,1.0
656.170605,1.0
656.411659,1.0
656.652713,0.9520982935436461
656.893767,0.9356741438786891
657.134821,1.0
657.375874,1.0
657.616928,0.9227194916875647
657.857982,0.9555291578157563
658.099036,1.0
658.34009,0.9665270433709103
658.581143,0.9507948119702444
658.822197,0.9332734819735979
659.063251,0.9144449589542328
659.304305,0.9833314830128491
659.545359,0.9828232320303313
659.786413,0.9233526944225686
660.027466,0.961044082092398
660.26852,0.9503062290134684
660.509574,0.9052818022956233
660.750628,0.9110677642690851
660.991682,0.920762636143855
661.232735,0.9589062183164591
661.473789,0.932282871642932
661.714843,0.8703150556123826
661.955897,0.9233526944225686
662.196951,0.9493630432972684
662.438004,0.9042856355217344
662.679058,0.9286809806046593
662.920112,0.9206365003032057
663.161166,0.8800293674187135
663.40222,0.8978071399034698
663.643274,0.904168086029999
663.884327,0.8974121916568983
664.125381,0.9125987319329917
664.366435,0.8806015724540258
664.607489,0.8488778314681849
664.848543,0.8897898212891713
665.089596,0.874974968904496
665.33065,0.8101304458683316
665.571704,0.8202960231734469
665.812758,0.8177079790036046
666.053812,0.8023984291706692
666.294865,0.8564751286443035
666.535919,0.8784291705908325
666.776973,0.8425940423648642
667.018027,0.8265540232279609
667.259081,0.816898848689982
667.500135,0.915573164984708
667.741188,0.8816589286277922
667.982242,0.7982048581533255
668.223296,0.7916150921987176
668.46435,0.7888492823666585
668.705404,0.7456566793936115
668.946457,0.7360405990661171
669.187511,0.7621590637507416
669.428565,0.735032913867368
669.669619,0.7157960492603243
669.910673,0.7144730507201724
670.151726,0.6898231628239717
670.39278,0.6839434775054605
670.633834,0.6693420928479713
670.874888,0.6430453683011805
671.115942,0.6481325831057886
671.356996,0.6591000071996544
671.598049,0.6519157129687309
671.839103,0.6428267700397684
672.080157,0.6443714071109234
672.321211,0.6470252234510184
672.562265,0.6481325831057886
672.803318,0.6375643919946457
673.044372,0.5980027059749625
673.285426,0.5910763985290297
673.52648,0.6158819336324591
673.767534,0.6006697477834017
674.008587,0.5768748117801519
674.249641,0.5886520599595156
674.490695,0.5988225311341547
674.731749,0.5906746032039231
674.972803,0.5812408872807663
675.213857,0.5694182803897275
675.45491,0.5639836597377305
675.695964,0.5564989472513239
675.937018,0.5580258452617887
676.178072,0.5666916218595117
676.419126,0.5616648271348381
676.660179,0.5672756149348309
676.901233,0.5616648271348381
677.142287,0.5457359654290102
677.383341,0.5620525096006305
677.624395,0.579453419461436
677.865448,0.5709806259139082
678.106502,0.5616648271348381
678.347556,0.5626317219286608
678.58861,0.5717634054529612
678.829664,0.5870413609805346
679.070717,0.5842361566892873
679.311771,0.559361122052126
679.552825,0.5599375608228446
679.793879,0.5337220933115426
680.034933,0.5146902580170654
680.275987,0.5668843297694323
680.51704,0.5862376649734609
680.758094,0.5678602098329032
680.999148,0.5764826702513717
681.240202,0.5758891987912825
681.481256,0.5655310939822005
681.722309,0.5641754467839917
681.963363,0.5838331727866065
682.204417,0.5894590659545443
682.445471,0.5802478146825746
682.686525,0.5992358612631329
682.927578,0.6004655547839323
683.168632,0.5996434802235315
683.409686,0.6056276019747495
683.65074,0.6127244222495216
683.891794,0.6467988042484824
684.132848,0.6256651219374523
684.373901,0.6056276019747495
684.614955,0.6421649993370453
684.856009,0.63625236120283
685.097063,0.6137730773561535
685.338117,0.6388727395963322
685.57917,0.6494626177208468
685.820224,0.6355973586550109
686.061278,0.641285835652586
686.302332,0.6450290012621803
686.543386,0.6417220583197274
686.784439,0.6483529856503539
687.025493,0.6723273023260176
687.266547,0.7010192020182195
687.507601,0.7115425926980793
687.748655,0.7005426709997558
687.989709,0.6820720374208465
688.230762,0.7186505943129414
688.471816,0.7653515562982699
688.71287,0.7211630666010566
688.953924,0.7124468258573255
689.194978,0.7662168923796939
689.436031,0.7609329749244534
689.677085,0.7667380970560183
689.918139,0.8048977727501646
690.159193,0.7872337977752691
690.400247,0.8041817324176296
690.6413,0.8672482595457145
690.882354,0.8542768136084795
691.123408,0.8275713101797523
691.364462,0.8354623456544876
691.605516,0.8344103260105208
691.84657,0.8459796280373089
692.087623,0.8891494031960228
692.328677,0.8987323576629195
692.569731,0.8859807991501293
692.810785,0.9027135466299004
693.051839,0.8756402026376621
693.292892,0.868081217630788
693.533946,0.9151026813025704
693.775,0.9088238390593193
694.016054,0.9415903232604874
694.257108,0.9414293250809466
694.498161,0.8933561083934884
694.739215,0.9334974944896982
694.980269,0.9373101952828431
695.221323,0.9297951369036296
695.462377,0.947738176499842
695.70343,0.9089483564545173
695.944484,0.9051577871839379
696.185538,0.931293312782008
696.426592,0.9765913350129208
696.667646,1.0
696.9087,1.0
697.149753,0.984427524666778
697.390807,0.9874089391280553
697.631861,0.9921252694325117
697.872915,0.9719956012450437
698.113969,0.9874938599483631
698.355022,0.9746430281487926
698.596076,0.9786042081134413
698.83713,1.0
699.078184,0.9715825908854326
699.319238,0.9854666437442343
699.560291,0.9996393650444243
699.801345,0.9654982400047539
700.042399,0.9482908689509365
700.283453,0.9686257157153617
700.524507,0.9797077167663112
700.765561,0.9777766590559862
701.006614,0.9715631594279301
701.247668,0.9728951131363079
701.488722,0.9782020844259851
701.729776,0.9638457572751665
701.97083,0.9698576217104565
702.211883,0.9905089272617479
702.452937,0.9785132021539295
702.693991,0.971946030733439
702.935045,0.9783625227234117
703.176099,0.9753713584883337
703.417152,0.9787216476646471
703.658206,0.9840426887449588
703.89926,0.9856824845729224
704.140314,0.9957103270438235
704.381368,1.0
704.622422,0.9978592945851087
704.863475,1.0
705.104529,0.9989294734228557
705.345583,0.9849966882484649
705.586637,1.0
705.827691,1.0
706.068744,1.0
706.309798,1.0
706.550852,1.0
706.791906,1.0
707.03296,1.0
707.274013,1.0
707.515067,1.0
707.756121,1.0
707.997175,1.0
708.238229,1.0
708.479283,1.0
708.720336,1.0
708.96139,1.0
709.202444,1.0
709.443498,1.0
709.684552,1.0
709.925605,1.0
710.166659,1.0
710.407713,1.0
710.648767,1.0
710.889821,1.0
711.130874,1.0
711.371928,1.0
711.612982,1.0
711.854036,1.0
712.09509,1.0
712.336143,1.0
712.577197,1.0
712.818251,1.0
713.059305,1.0
713.300359,1.0
713.541413,1.0
713.782466,1.0
714.02352,1.0
714.264574,1.0
714.505628,1.0
714.746682,1.0
714.987735,1.0
715.228789,1.0
715.469843,1.0
715.710897,1.0
715.951951,1.0
716.193004,1.0
716.434058,1.0
716.675112,1.0
716.916166,1.0
717.15722,1.0
717.398274,1.0
717.639327,1.0
717.880381,1.0
718.121435,1.0
718.362489,1.0
718.603543,1.0
718.844596,1.0
719.08565,1.0
719.326704,1.0
719.567758,1.0
719.808812,1.0
720.049865,1.0
720.290919,1.0
720.531973,1.0
720.773027,1.0
721.014081,1.0
721.255135,1.0
721.496188,1.0
721.737242,1.0
721.978296,1.0
722.21935,1.0
722.460404,1.0
722.701457,1.0
722.942511,1.0
723.183565,1.0
723.424619,1.0
723.665673,1.0
723.906726,1.0
724.14778,1.0
724.388834,1.0
724.629888,1.0
724.870942,1.0
725.111996,1.0
725.353049,1.0
725.594103,1.0
725.835157,1.0
726.076211,1.0
726.317265,1.0
726.558318,1.0
726.799372,1.0
727.040426,1.0
727.28148,1.0
727.522534,1.0
727.763587,1.0
728.004641,1.0
728.245695,1.0
728.486749,1.0
728.727803,1.0
728.968857,1.0
729.20991,1.0
729.450964,1.0
729.692018,1.0
729.933072,1.0
730.174126,1.0
730.415179,1.0
730.656233,1.0
730.897287,1.0
731.138341,1.0
731.379395,1.0
731.620448,1.0
731.861502,1.0
732.102556,1.0
732.34361,1.0
732.584664,1.0
732.825717,1.0
733.066771,1.0
733.307825,1.0
733.548879,1.0
733.789933,1.0
734.030987,1.0
734.27204,1.0
734.513094,1.0
734.754148,1.0
734.995202,1.0
735.236256,1.0
735.477309,1.0
735.718363,1.0
735.959417,1.0
736.200471,1.0
736.441525,1.0
736.682578,1.0
736.923632,1.0
737.164686,1.0
737.40574,1.0
737.646794,1.0
737.887848,1.0
738.128901,1.0
738.369955,1.0
738.611009,1.0
738.852063,1.0
739.093117,1.0
739.33417,1.0
739.575224,1.0
739.816278,1.0
740.057332,1.0
740.298386,1.0
740.539439,1.0
740.780493,1.0
741.021547,1.0
741.262601,1.0
741.503655,1.0
741.744709,1.0
741.985762,1.0
742.226816,1.0
742.46787,1.0
742.708924,1.0
742.949978,1.0
743.191031,1.0
743.432085,1.0
743.673139,1.0
743.914193,1.0
744.155247,1.0
744.3963,1.0
744.637354,1.0
744.878408,1.0
745.119462,1.0
745.360516,1.0
745.60157,1.0
745.842623,1.0
746.083677,1.0
746.324731,1.0
746.565785,1.0
746.806839,1.0
747.047892,1.0
747.288946,1.0
747.53,1.0
747.771054,1.0
748.012108,1.0
748.253161,1.0
748.494215,1.0
748.735269,1.0
748.976323,1.0
749.217377,1.0
749.45843,1.0
749.699484,1.0
749.940538,1.0
750.181592,1.0
750.422646,1.0
750.6637,1.0
750.904753,1.0
751.145807,1.0
751.386861,1.0
751.627915,1.0
751.868969,1.0
752.110022,1.0
752.351076,1.0
752.59213,1.0
752.833184,1.0
753.074238,1.0
753.315291,1.0
753.556345,1.0
753.797399,1.0
754.038453,1.0
754.279507,1.0
754.520561,1.0
754.761614,1.0
755.002668,1.0
755.243722,1.0
755.484776,1.0
755.72583,1.0
755.966883,1.0
756.207937,1.0
756.448991,1.0
756.690045,1.0
756.931099,1.0
757.172152,1.0
757.413206,1.0
757.65426,1.0
757.895314,1.0
758.136368,1.0
758.377422,1.0
758.618475,1.0
758.859529,1.0
759.100583,1.0
759.341637,1.0
759.582691,1.0
759.823744,1.0
760.064798,1.0
760.305852,1.0
760.546906,1.0
760.78796,1.0
761.029013,1.0
761.270067,1.0
761.511121,1.0
761.752175,1.0
761.993229,1.0
762.234283,1.0
762.475336,1.0
762.71639,1.0
762.957444,1.0
763.198498,1.0
763.439552,1.0
763.680605,1.0
763.921659,1.0
764.162713,1.0
764.403767,1.0
764.644821,1.0
764.885874,1.0
765.126928,1.0
765.367982,1.0
765.609036,1.0
765.85009,1.0
766.091143,1.0
766.332197,1.0
766.573251,1.0
766.814305,1.0
767.055359,1.0
767.296413,1.0
767.537466,1.0
767.77852,1.0
768.019574,1.0
768.260628,1.0
768.501682,1.0
768.742735,1.0
768.983789,1.0
769.224843,1.0
769.465897,1.0
769.706951,1.0
769.948004,1.0
770.189058,1.0
770.430112,1.0
770.671166,1.0
770.91222,1.0
771.153274,1.0
771.394327,1.0
771.635381,1.0
771.876435,1.0
772.117489,1.0
772.358543,1.0
772.599596,1.0
772.84065,1.0
773.081704,1.0
773.322758,1.0
773.563812,1.0
773.804865,1.0
774.045919,1.0
774.286973,1.0
774.528027,1.0
774.769081,1.0
775.010135,1.0
775.251188,1.0
775.492242,1.0
775.733296,1.0
775.97435,1.0
776.215404,1.0
776.456457,1.0
776.697511,1.0
776.938565,1.0
777.179619,1.0
777.420673,1.0
777.661726,1.0
777.90278,1.0
778.143834,1.0
778.384888,1.0
778.625942,1.0
778.866996,1.0
779.108049,1.0
779.349103,1.0
779.590157,1.0
779.831211,1.0
780.072265,1.0
780.313318,1.0
780.554372,1.0
780.795426,1.0
781.03648,1.0
781.277534,1.0
781.518587,1.0
781.759641,1.0
782.000695,1.0
782.241749,1.0
782.482803,1.0
782.723857,1.0
782.96491,1.0
783.205964,1.0
783.447018,1.0
783.688072,1.0
783.929126,1.0
784.170179,1.0
784.411233,1.0
784.652287,1.0
784.893341,1.0
785.134395,1.0
785.375448,1.0
785.616502,1.0
785.857556,1.0
786.09861,1.0
786.339664,1.0
786.580717,1.0
786.821771,1.0
787.062825,1.0
787.303879,1.0
787.544933,1.0
787.785987,1.0
788.02704,1.0
788.268094,1.0
788.509148,1.0
788.750202,1.0
788.991256,1.0
789.232309,1.0
789.473363,1.0
789.714417,1.0
789.955471,1.0
790.196525,1.0
790.437578,1.0
790.678632,1.0
790.919686,1.0
791.16074,1.0
791.401794,1.0
791.642848,1.0
791.883901,1.0
792.124955,1.0
792.366009,1.0
792.607063,1.0
792.848117,1.0
793.08917,1.0
793.330224,1.0
793.571278,1.0
793.812332,1.0
794.053386,1.0
794.294439,1.0
794.535493,1.0
794.776547,1.0
795.017601,1.0
795.258655,1.0
795.499709,1.0
795.740762,1.0
795.981816,1.0
796.22287,1.0
796.463924,1.0
796.704978,1.0
796.946031,1.0
797.187085,1.0
797.428139,1.0
797.669193,1.0
797.910247,1.0
798.1513,1.0
798.392354,1.0
798.633408,1.0
798.874462,1.0
799.115516,1.0
799.35657,1.0
799.597623,1.0
799.838677,1.0
800.079731,1.0
800.320785,1.0
800.561839,1.0
800.802892,1.0
801.043946,1.0
801.285,1.0
801.526054,1.0
801.767108,1.0
802.008161,1.0
802.249215,1.0
802.490269,1.0
802.731323,1.0
802.972377,1.0
803.21343,1.0
803.454484,1.0
803.695538,1.0
803.936592,1.0
804.177646,1.0
804.4187,1.0
804.659753,1.0
804.900807,1.0
805.141861,1.0
805.382915,1.0
805.623969,1.0
805.865022,1.0
806.106076,1.0
806.34713,1.0
806.588184,1.0
806.829238,1.0
807.070291,1.0
807.311345,1.0
807.552399,1.0
807.793453,1.0
808.034507,1.0
808.275561,1.0
808.516614,1.0
808.757668,1.0
808.998722,1.0
809.239776,1.0
809.48083,1.0
809.721883,1.0
809.962937,1.0
810.203991,1.0
810.445045,1.0
810.686099,1.0
810.927152,1.0
811.168206,1.0
811.40926,1.0
811.650314,1.0
811.891368,1.0
812.132422,1.0
812.373475,1.0
812.614529,1.0
812.855583,1.0
813.096637,1.0
813.337691,1.0
813.578744,1.0
813.819798,1.0
814.060852,1.0
814.301906,1.0
814.54296,1.0
814.784013,1.0
815.025067,1.0
815.266121,1.0
815.507175,0.9927473284843327
815.748229,0.9913031384045466
815.989283,0.992781380301685
816.230336,0.9852400124797677
816.47139,0.9867130611517789
816.712444,0.9955738245154478
816.953498,0.99264190431617
817.194552,0.9884077143613217
817.435605,0.9962834236300804
817.676659,1.0
817.917713,1.0
818.158767,1.0
818.399821,0.9944456825777291
818.640874,0.994476411424079
818.881928,0.9971349122204521
819.122982,0.9997587391080909
819.364036,0.9968621334263094
819.60509,0.9909737830970698
819.846143,0.9925739106745332
820.087197,0.9893659456246063
820.328251,0.9886410061092544
820.569305,0.9956659193535361
820.810359,0.9924175925939739
821.051413,0.9856854416248118
821.292466,0.9860906416042114
821.53352,0.9897558326098749
821.774574,0.9917208624041384
822.015628,0.9932269412611522
822.256682,0.9919655501218825
822.497735,0.9894173939914248
822.738789,0.9907260706166459
822.979843,0.9904851553327578
823.220897,0.9928697417765592
823.461951,0.9960309973942872
823.703004,0.996338021457662
823.944058,0.994299211516544
824.185112,0.9862701264336075
824.426166,0.9846155682815829
824.66722,0.9901798358267889
824.908274,0.9921592006969475
825.149327,0.985966402010628
825.390381,0.9839383857481084
825.631435,0.9922340123210429
825.872489,0.9893797968448035
826.113543,0.9891087439164149
826.354596,0.9956522788238789
826.59565,0.9909330549115546
826.836704,0.9926861771323789
827.077758,0.9956727894720816
827.318812,0.9919348988599481
827.559865,0.9927916060025643
827.800919,0.9890948964909323
828.041973,0.980046754286421
828.283027,0.9805369001898286
828.524081,0.9894916030787801
828.765135,0.9863983498843875
829.006188,0.9779135573709125
829.247242,0.9819891692161016
829.488296,0.9826954733146638
829.72935,0.9801104593958432
829.970404,0.9848519043771675
830.211457,0.9841233835538779
830.452511,0.9821502286463653
830.693565,0.9848755411065122
830.934619,0.9837121059425615
831.175673,0.9856016619229614
831.416726,0.9884344017298873
831.65778,0.9843094004514127
831.898834,0.9842690445932949
832.139888,0.9859220345208135
832.380942,0.9820628211657063
832.621996,0.9804359100901885
832.863049,0.9790936325634142
833.104103,0.9760426448790128
833.345157,0.9776456457617594
833.586211,0.9780475407059211
833.827265,0.9746966349895153
834.068318,0.9729486238390613
834.309372,0.9682974072491634
834.550426,0.9647714934844346
834.79148,0.9690471595590883
835.032534,0.9701301899962078
835.273587,0.9660603235308769
835.514641,0.9689735147734991
835.755695,0.9707279742919058
835.996749,0.9619988728410666
836.237803,0.9616035725441044
836.478857,0.9670674830269654
836.71991,0.9623288950500243
836.960964,0.9617353212581238
837.202018,0.9607145004987148
837.443072,0.9501760459778351
837.684126,0.9476737324949611
837.925179,0.9483553549225233
838.166233,0.9428170723016993
838.407287,0.9415583097337297
838.648341,0.9456951627196776
838.889395,0.942849128627112
839.130448,0.9352251280620444
839.371502,0.939077752206556
839.612556,0.9403971433665145
839.85361,0.9298592949815041
840.094664,0.9264575980826597
840.335717,0.9213622477723934
840.576771,0.9178025487537835
840.817825,0.9268384504152649
841.058879,0.9235734020900512
841.299933,0.9134743339009529
841.540987,0.9091665302398734
841.78204,0.9006757176286562
842.023094,0.896882874627699
842.264148,0.8943125110136224
842.505202,0.8882962293579205
842.746256,0.8885094460379447
842.987309,0.8826557663243683
843.228363,0.8715953595369667
843.469417,0.872074868837682
843.710471,0.8709070711126567
843.951525,0.862301759976669
844.192578,0.8612073318504592
844.433632,0.8574434925622433
844.674686,0.8481226662965268
844.91574,0.8434623613360036
845.156794,0.8330096935235409
845.397848,0.8256453136842874
845.638901,0.8280265995934628
845.879955,0.8197302141440208
846.121009,0.807412975477067
846.362063,0.8027836728677618
846.603117,0.7935648625598015
846.84417,0.7823367535450686
847.085224,0.7789955076067254
847.326278,0.7739948957905555
847.567332,0.7650837301258797
847.808386,0.7595797189841794
848.049439,0.754522635923705
848.290493,0.7493418432880632
848.531547,0.7444273603397332
848.772601,0.7386655732805719
849.013655,0.7321645464866988
849.254709,0.7267665261508834
849.495762,0.7227441443651473
849.736816,0.7159177449325376
849.97787,0.711492786459829
850.218924,0.707293192227961
850.459978,0.7002975239681389
850.701031,0.6991010384887918
850.942085,0.6957603518463574
851.183139,0.6874679972358488
851.424193,0.683239378396919
851.665247,0.6816015700449367
851.9063,0.6806684152509621
852.147354,0.6771787557045539
852.388408,0.6737137240929442
852.629462,0.6739428257042026
852.870516,0.6730201562059074
853.11157,0.6681918139716885
853.352623,0.6627217898599704
853.593677,0.6615895039796473
853.834731,0.6661369493006878
854.075785,0.6684257220381024
854.316839,0.6670501823430265
854.557892,0.6656841301511228
854.798946,0.6634047449650264
855.04,0.6615895039796473
855.281054,0.6559504673350879
855.522108,0.6474653502291101
855.763161,0.6410678355305849
856.004215,0.6351652993679318
856.245269,0.6355973586550109
856.486323,0.6314730590111831
856.727377,0.6196874753785904
856.96843,0.6237348005930509
857.209484,0.633858205620026
857.450538,0.6399661465775749
857.691592,0.6499109015672154
857.932646,0.6577502361728985
858.1737,0.6611397760417695
858.414753,0.6634047449650264
858.655807,0.6647727673189006
858.896861,0.6622712922294193
859.137915,0.6597792299467359
859.378969,0.660234634711975
859.620022,0.6586519715441458
859.861076,0.6550524304905377
860.10213,0.6557209248437998
860.343184,0.6566264443848616
860.584238,0.6532600435225168
860.825291,0.6519157129687309
861.066345,0.6503529912737462
861.307399,0.6516940993027796
861.548453,0.6595549431394718
861.789507,0.6613646017838342
862.030561,0.6609084176102422
862.271614,0.6654511814739664
862.512668,0.6697974002580829
862.753722,0.6757919612053881
862.994776,0.6839434775054605
863.23583,0.6879356344526033
863.476883,0.6917158701149575
863.717937,0.7007808960038515
863.958991,0.7060776935658393
864.200045,0.7094750135400416
864.441099,0.7168275380649572
864.682152,0.721783533600902
864.923206,0.7283380384696696
865.16426,0.7381855966672382
865.405314,0.7457088771880704
865.646368,0.7501140630115368
865.887422,0.7551113931651998
866.128475,0.7633871281699657
866.369529,0.7686880872617222
866.610583,0.7713986370978626
866.851637,0.7774779464698779
867.092691,0.7830098525442016
867.333744,0.782931555473866
867.574798,0.7826888843076432
867.815852,0.7864784159706845
868.056906,0.7872889060698812
868.29796,0.7854252406783198
868.539013,0.7881475188364454
868.780067,0.7931602476654641
869.021121,0.789875453300323
869.262175,0.7842401435384144
869.503229,0.7880135451463295
869.744283,0.788068708025168
869.985336,0.7842715137715565
870.22639,0.7873125250913469
870.467444,0.7862896837996179
870.708498,0.7821490152537138
870.949552,0.7812422484224605
871.190605,0.7775323718309962
871.431659,0.7734919625792926
871.672713,0.7727806772151565
871.913767,0.7719542441110956
872.154821,0.767083206843572
872.395874,0.7588736382239685
872.636928,0.7560709938519774
872.877982,0.7567744669405431
873.119036,0.7474932528841292
873.36009,0.7354299388279479
873.601143,0.7302852994689988
873.842197,0.7254014886190487
874.083251,0.7214371606409342
874.324305,0.717272108941288
874.565359,0.7092338330384466
874.806413,0.7027036686544829
875.047466,0.6991010384887918
875.28852,0.694564672620091
875.529574,0.6874679972358488
875.770628,0.679736538003736
876.011682,0.6755622309949272
876.252735,0.6686530254229811
876.493789,0.6568497353332626
876.734843,0.6488005035863853
876.975897,0.6439269441973562
877.216951,0.6388727395963322
877.458004,0.6323450933979535
877.699058,0.6222458544190621
877.940112,0.6148296754630914
878.181166,0.6118855645397754
878.42222,0.6068764807382988
878.663274,0.6000573770028532
878.904327,0.5926981686714611
879.145381,0.5862376649734609
879.386435,0.5800447634834683
879.627489,0.5727419572996661
879.868543,0.5678602098329032
880.109596,0.5622436399442119
880.35065,0.5580258452617887
880.591704,0.5559260484291975
880.832758,0.5496739470997076
881.073812,0.5446183526443822
881.314865,0.5425690068989047
881.555919,0.5364671226303811
881.796973,0.5293475862715344
882.038027,0.5259179852391697
882.279081,0.5242954068394531
882.520135,0.5226830612731723
882.761188,0.5203622891981299
883.002242,0.5200033630623404
883.243296,0.5214301260497937
883.48435,0.5198265919716876
883.725404,0.5196498809729893
883.966457,0.524117176701968
884.207511,0.5273609765139882
884.448565,0.5313469931856976
884.689619,0.5362847548129726
884.930673,0.5410844026566315
885.171726,0.5498663666526501
885.41278,0.5547820195237726
885.653834,0.5564989472513239
885.894888,0.5582156063067273
886.135942,0.5532639974302707
886.376996,0.5479835558814271
886.618049,0.5476110537285135
886.859103,0.5455504467407284
887.100157,0.5364671226303811
887.341211,0.5271764324693
887.582265,0.5233996278031127
887.823318,0.5178705352037313
888.064372,0.5094263450341258
888.305426,0.5059486991062544
888.54648,0.5085559703665467
888.787534,0.5111715657605183
889.028587,0.5125792222068567
889.269641,0.5161024431341326
889.510695,0.5223277576084436
889.751749,0.5284431753906954
889.992803,0.5339035896759021
890.233857,0.5405273726415989
890.47491,0.5438727363650313
890.715964,0.5442426955976429
890.957018,0.5494870897252475
891.198072,0.5542164303633668
891.439126,0.5566881890626743
891.680179,0.5599375608228446
891.921233,0.5643672990489351
892.162287,0.5731315542785903
892.403341,0.5812408872807663
892.644395,0.5844348307552389
892.885448,0.5900665215784197
893.126502,0.598618966081589
893.367556,0.6043873370965525
893.60861,0.6110478552782247
893.849664,0.6207542550037224
894.090717,0.630829284871618
894.331771,0.6393137139052946
894.572825,0.6419467003502015
894.813879,0.646139405818518
895.054933,0.6570731022134938
895.295987,0.6654511814739664
895.53704,0.6723273023260176
895.778094,0.6806684152509621
896.019148,0.6867602697409249
896.260202,0.6917158701149575
896.501256,0.698381335130006
896.742309,0.7053578614951675
896.983363,0.7120835706140989
897.224417,0.7206944629204608
897.465471,0.7294094827047926
897.706525,0.7376026603360394
897.947578,0.7441222076825633
898.188632,0.7498290738189684
898.429686,0.7574179986996942
898.67074,0.7654510584680895
898.911794,0.7728270454468226
899.152848,0.7792058647907212
899.393901,0.7854252406783198
899.634955,0.7881475188364454
899.876009,0.791805102621184
900.117063,0.8014040717475103
900.358117,0.8052278484978967
900.59917,0.8093773747860049
900.840224,0.8190009788112913
901.081278,0.8215602522556734
901.322332,0.8267772229448384
901.563386,0.8364404086541857
901.804439,0.8381903972093026
902.045493,0.8425013621177112
902.286547,0.8510367217901317
902.527601,0.8549776078820227
902.768655,0.862594992421752
903.009709,0.8681072604579574
903.250762,0.8674564241067536
903.491816,0.8762621279388907
903.73287,0.8825939825831818
903.973924,0.8806015724540258
904.214978,0.8868938295031662
904.456031,0.8919546397440737
904.697085,0.8936956482231598
904.938139,0.9001804821861911
905.179193,0.9012883854000777
905.420247,0.9016579894017346
905.6613,0.9091974424274057
905.902354,0.9135053925562997
906.143408,0.9135364522676587
906.384462,0.9158240664038384
906.625516,0.9191867199057584
906.86657,0.9250301013492519
907.107623,0.9294772013368894
907.348677,0.9279819470454289
907.589731,0.9289038907881565
907.830785,0.9330812474371484
908.071839,0.9363799082228949
908.312892,0.9402043817108692
908.553946,0.9429783078063056
908.795,0.9419124022234059
909.036054,0.9400107195561235
909.277108,0.9426549217106139
909.518161,0.9435593613900444
909.759215,0.944173818518404
910.000269,0.9490374676128392
910.241323,0.9488106747609052
910.482377,0.9527507042998968
910.72343,0.9583157139799843
910.964484,0.9511856689535723
911.205538,0.9506968851479294
911.446592,0.9585121888393352
911.687646,0.960155527336393
911.9287,0.9620979638280674
912.169753,0.9607481260946767
912.410807,0.9549073107671942
912.651861,0.9583157139799843
912.892915,0.9657628227686986
913.133969,0.9638794924670335
913.375022,0.9578232662729012
913.616076,0.9585447788077821
913.85713,0.9651015017634054
914.098184,0.9640443299534489
914.339238,0.9577907008354635
914.580291,0.9611430747308868
914.821345,0.9637474500216796
915.062399,0.9598924807609293
915.303453,0.9622952141281171
915.544507,0.9659617904031517
915.785561,0.9643413013383202
916.026614,0.9655310675029785
916.267668,0.9699041759935926
916.508722,0.96888727996819
916.749776,0.96579565926289
916.99083,0.9677330543855817
917.231883,0.968439757430511
917.472937,0.9654982400047539
917.713991,0.9660274780382534
917.955045,0.9692332344763441
918.196099,0.9675646834828119
918.437152,0.9633841857126463
918.678206,0.9661598328688435
918.91926,0.9720694757179327
919.160314,0.9711134298055566
919.401368,0.9686954592776313
919.642422,0.970495027532805
919.883475,0.9700428822080176
920.124529,0.9705387007916849
920.365583,0.9750641648959407
920.606637,0.9744958681624006
920.847691,0.9710007871810977
921.088744,0.9687516452436468
921.329798,0.9682402793874242
921.570852,0.9700263916191905
921.811906,0.9669253345551291
922.05296,0.9660941362339194
922.294013,0.9707415645786777
922.535067,0.9680447146036961
922.776121,0.9672531778098353
923.017175,0.9719421429570916
923.258229,0.9683768108920627
923.499283,0.9653331539209756
923.740336,0.9702660177305269
923.98139,0.9716593489420159
924.222444,0.9697208814262119
924.463498,0.9719022941461366
924.704552,0.9730887385289096
924.945605,0.9709308776411942
925.186659,0.9723290529199637
925.427713,0.9748301775759672
925.668767,0.9727949101001999
925.909821,0.9724953354047604
926.150874,0.9746664198621676
926.391928,0.973922059099411
926.632982,0.9749968877896498
926.874036,0.9751372974507444
927.11509,0.9722687703874606
927.356143,0.9727190350563772
927.597197,0.9703087103745383
927.838251,0.9681744412869466
928.079305,0.9700564629034332
928.320359,0.9702796015498616
928.561413,0.9759255267888534
928.802466,0.9808193354858138
929.04352,0.9783723063975572
929.284574,0.9780641676554418
929.525628,0.9780211337788172
929.766682,0.9769263632948959
930.007735,0.9784662346474553
930.248789,0.9805672973048875
930.489843,0.9791171310925769
930.730897,0.9784398164157675
930.971951,0.980607501388255
931.213004,0.9784769978352338
931.454058,0.9782519740044643
931.695112,0.9773475093079225
931.936166,0.9733554013744081
932.17722,0.9804966990010509
932.418274,0.983830158478285
932.659327,0.9781443722055312
932.900381,0.9821030865668092
933.141435,0.9846332915213206
933.382489,0.9826984214055058
933.623543,0.9863312770770967
933.864596,0.9863411404391842
934.10565,0.9839816799895477
934.346704,0.984963198930386
934.587758,0.9840594176128625
934.828812,0.9848115262768448
935.069865,0.9869252272669667
935.310919,0.9842621547340973
935.551973,0.9849799434470958
935.793027,0.989820168829899
936.034081,0.9859900654882369
936.275135,0.9821364786394146
936.516188,0.9885905867036486
936.757242,0.9894065104599504
936.998296,0.9862158830683597
937.23935,0.9904104755675083
937.480404,0.9885866323492105
937.721457,0.9856282735270884
937.962511,0.9913676743394787
938.203565,0.9905903504420156
938.444619,0.9871552076365925
938.685673,0.9907430121773033
938.926726,0.990251032316468
939.16778,1.0
939.408834,1.0
939.649888,1.0
939.890942,1.0
940.131996,1.0
940.373049,1.0
940.614103,1.0
940.855157,1.0
941.096211,1.0
941.337265,1.0
941.578318,1.0
941.819372,1.0
942.060426,1.0
942.30148,1.0
942.542534,1.0
942.783587,1.0
943.024641,1.0
943.265695,1.0
943.506749,1.0
943.747803,1.0
943.988857,1.0
944.22991,1.0
944.470964,1.0
944.712018,1.0
944.953072,1.0
945.194126,1.0
945.435179,1.0
945.676233,1.0
945.917287,1.0
946.158341,1.0
946.399395,1.0
946.640448,1.0
946.881502,1.0
947.122556,1.0
947.36361,1.0
947.604664,1.0
947.845717,1.0
948.086771,1.0
948.327825,1.0
948.568879,1.0
948.809933,1.0
949.050987,1.0
949.29204,1.0
949.533094,1.0
949.774148,1.0
950.015202,1.0
950.256256,1.0
950.497309,1.0
950.738363,1.0
950.979417,1.0
951.220471,1.0
951.461525,1.0
951.702578,1.0
951.943632,1.0
952.184686,1.0
952.42574,1.0
952.666794,1.0
952.907848,1.0
953.148901,1.0
953.389955,1.0
953.631009,1.0
953.872063,1.0
954.113117,1.0
954.35417,1.0
954.595224,1.0
954.836278,1.0
955.077332,1.0
955.318386,1.0
955.559439,1.0
955.800493,1.0
956.041547,1.0
956.282601,1.0
956.523655,1.0
956.764709,1.0
957.005762,1.0
957.246816,1.0
957.48787,1.0
957.728924,1.0
957.969978,1.0
958.211031,1.0
958.452085,1.0
958.693139,1.0
958.934193,1.0
959.175247,1.0
959.4163,1.0
959.657354,1.0
959.898408,1.0
960.139462,1.0
960.380516,1.0
960.62157,1.0
960.862623,1.0
961.103677,1.0
961.344731,1.0
961.585785,1.0
961.826839,1.0
962.067892,1.0
962.308946,1.0
962.55,1.0
962.791054,1.0
963.032108,1.0
963.273161,1.0
963.514215,1.0
963.755269,1.0
963.996323,1.0
964.237377,1.0
964.47843,1.0
964.719484,1.0
964.960538,1.0
965.201592,1.0
965.442646,1.0
965.6837,1.0
965.924753,1.0
966.165807,1.0
966.406861,1.0
966.647915,1.0
966.888969,1.0
967.130022,1.0
967.371076,1.0
967.61213,1.0
967.853184,1.0
968.094238,1.0
968.335291,1.0
968.576345,1.0
968.817399,1.0
969.058453,1.0
969.299507,1.0
969.540561,1.0
969.781614,1.0
970.022668,1.0
970.263722,1.0
970.504776,1.0
970.74583,1.0
970.986883,1.0
971.227937,1.0
971.468991,1.0
971.710045,1.0
971.951099,1.0
972.192152,1.0
972.433206,1.0
972.67426,1.0
972.915314,1.0
973.156368,1.0
973.397422,1.0
973.638475,1.0
973.879529,1.0
974.120583,1.0
974.361637,1.0
974.602691,1.0
974.843744,1.0
975.084798,1.0
975.325852,1.0
975.566906,1.0
975.80796,1.0
976.049013,1.0
976.290067,0.9808693585475008
976.531121,0.9809537169396947
976.772175,0.9839314982035146
977.013229,0.9864151187988709
977.254283,0.984986838330832
977.495336,0.9823348902469974
977.73639,0.9884175984878858
977.977444,0.9901967680467516
978.218498,0.9831023934672756
978.459552,0.9842385327258489
978.700605,0.9867229283317264
978.941659,0.9844373689912462
979.182713,0.9838675447346417
979.423767,0.986438793045812
979.664821,0.9882248758472488
979.905874,0.9844777317508058
980.146928,0.9825981912783458
980.387982,0.9837760493075846
980.629036,0.9836048871665432
980.87009,0.9836048871665432
981.111143,0.9838980451012816
981.352197,0.9844038986896989
981.593251,0.9810233671261498
981.834305,0.9806741849655654
982.075359,0.988011442325716
982.316413,0.9876933538562791
982.557466,0.9836688235621194
982.79852,0.9874671979740829
983.039574,0.9852065148888056
983.280628,0.9784124204844528
983.521682,0.983934450002437
983.762735,0.9876795262461187
984.003789,0.9821973729887955
984.244843,0.9813628599400454
984.485897,0.9805535694588203
984.726951,0.9792845744379918
984.968004,0.9817230862071201
985.209058,0.9819518543366585
985.450112,0.9813736549908774
985.691166,0.9812794476420234
985.93222,0.9804663040745056
986.173274,0.9816494597366818
986.414327,0.984147002798513
986.655381,0.9824665319420871
986.896435,0.9801104593958432
987.137489,0.9847337292392924
987.378543,0.986009785486746
987.619596,0.9790603439458168
987.86065,0.978919369406699
988.101704,0.9837593252569012
988.342758,0.9834701425272199
988.583812,0.9821571037220286
988.824865,0.9783723063975572
989.065919,0.9750105378416289
989.306973,0.9754942630223262
989.548027,0.9724350425630627
989.789081,0.9724924179231303
990.030135,0.9763706503095186
990.271188,0.9773338265385718
990.512242,0.977448181285899
990.753296,0.9734556621440906
990.99435,0.9706716737021298
991.235404,0.9731052811780768
991.476457,0.9736854247912826
991.717511,0.9713300122484481
991.958565,0.9696578516174102
992.199619,0.9693088376171174
992.440673,0.9682770732171192
992.681726,0.9695783429334782
992.92278,0.9684136099100535
993.163834,0.9627899610072344
993.404888,0.9618997920599117
993.645942,0.961966165435419
993.886996,0.9615381857243485
994.128049,0.9622297802783325
994.369103,0.9616699254797599
994.610157,0.9602208201321817
994.851211,0.9552673786918926
995.092265,0.9526535286840989
995.333318,0.9558569605318391
995.574372,0.9548423792777577
995.815426,0.9489406707278678
996.05648,0.9478357985594713
996.297534,0.950209302721434
996.538587,0.9479978923396483
996.779641,0.9440123785989438
997.020695,0.9415253557695866
997.261749,0.9404620330080737
997.502803,0.94078466681393
997.743857,0.9352578615143586
997.98491,0.9284265568736165
998.225964,0.9296677636951377
998.467018,0.9277592581018802
998.708072,0.9231311163663375
998.949126,0.9261398776186919
999.190179,0.9259176307187582
999.431233,0.9231311163663375
999.672287,0.9212986759705495
999.913341,0.9136926803581175
1000.154395,0.9135994884575886
1000.395448,0.9158240664038384
1000.636502,0.9083877082963276
1000.877556,0.9073926607536938
1001.11861,0.9076413204075573
1001.359664,0.9007928130829874
1001.600717,0.897466038003772
1001.841771,0.895386330189486
1002.082825,0.8929006129394214
1002.323879,0.8926238566488516
1002.564933,0.8908849361269155
1002.805987,0.8869293059658708
1003.04704,0.8858922054999706
1003.288094,0.8864061720150417
1003.529148,0.8810860365342851
1003.770202,0.8760868930373772
1004.011256,0.8736285444652996
1004.252309,0.868732522752902
1004.493363,0.8694451755692818
1004.734417,0.8714210578958044
1004.975471,0.8661215693156301
1005.216525,0.8634580188554718
1005.457578,0.8627761563917117
1005.698632,0.8579409540378118
1005.939686,0.8554736387296348
1006.18074,0.8545074994893462
1006.421794,0.8522886657245111
1006.662848,0.8527234438030169
1006.903901,0.8496676550624951
1007.144955,0.8450749139436663
1007.386009,0.8460303883377849
1007.627063,0.8417013658820777
1007.868117,0.8370428626058132
1008.10917,0.8395997405935794
1008.350224,0.838047916952942
1008.591278,0.8356963078644517
1008.832332,0.83417672382507
1009.073386,0.8310128674088985
1009.314439,0.8300992558332378
1009.555493,0.826413520987041
1009.796547,0.8224891400634924
1010.037601,0.8228840296166338
1010.278655,0.8240698361951109
1010.519709,0.823839128941499
1010.760762,0.821782103472349
1011.001816,0.8195089168626792
1011.24287,0.8165639888129846
1011.483924,0.8165639888129846
1011.724978,0.8160905190189863
1011.966031,0.8100413364203956
1012.207085,0.811492608913968
1012.448139,0.8167599876892242
1012.689193,0.8147776704100822
1012.930247,0.8126538734509698
1013.1713,0.811346553389755
1013.412354,0.8074694963635584
1013.653408,0.8058078213139741
1013.894462,0.8088271852567911
1014.135516,0.8065253095098306
1014.37657,0.8026391848109607
1014.617623,0.8041576073275353
1014.858677,0.7997308863253775
1015.099731,0.8001468545286263
1015.340785,0.8044873795452246
1015.581839,0.7957422118895751
1015.822892,0.7931602476654641
1016.063946,0.7989395445267385
1016.305,0.8029201576930307
1016.546054,0.8125726121267586
1016.787108,0.8214452418712724
1017.028161,0.8291368989713634
1017.269215,0.8379557367520811
1017.510269,0.8373526257676285
1017.751323,0.8343519193319577
1017.992377,0.8377546515064553
1018.23343,0.8393646855754515
1018.474484,0.8416424488485862
1018.715538,0.8447285042477897
1018.956592,0.8413479255360754
1019.197646,0.8433105517742335
1019.4387,0.8486741252343584
1019.679753,0.8480972229981892
1019.920807,0.8509431128993181
1020.161861,0.8543878768132005
1020.402915,0.8538924755249102
1020.643969,0.8556190816105134
1020.885022,0.8598219036151733
1021.126076,0.8604411983051111
1021.36713,0.8604153854563565
1021.608184,0.8650828467906131
1021.849238,0.8681680300931018
1022.090291,0.8730346789922077
1022.331345,0.8772879546201666
1022.572399,0.8752725109732089
1022.813453,0.8787015258465992
1023.054507,0.882867629130806
1023.295561,0.8843786243093055
1023.536614,0.88893603294471
1023.777668,0.8882606982193737
1024.018722,0.8862554957736426
1024.259776,0.8915266042537325
1024.50083,0.8959058048940977
1024.741883,0.8949566478829986
1024.982937,0.8967035159892351
1025.223991,0.9011351793974389
1025.465045,0.9026142536009878
1025.706099,0.9026142536009878
1025.947152,0.9036438205917756
1026.188206,0.9086366406305733
1026.42926,0.9123797345180688
1026.670314,0.9097895226636326
1026.911368,0.9117230575412958
1027.152422,0.9162949209732278
1027.393475,0.9146324393869062
1027.634529,0.917393300086276
1027.875583,0.9239530687744695
1028.116637,0.9246499920953997
1028.357691,0.9257278370589757
1028.598744,0.925537156765286
1028.839798,0.9238588303676949
1029.080852,0.930049935676979
1029.321906,0.9336888810925251
1029.56296,0.9315801952999847
1029.804013,0.9330178000695576
1030.045067,0.93260269951525
1030.286121,0.9328899853864537
1030.527175,0.9369568959403319
1030.768229,0.9389810321792456
1031.009283,0.9390138970905044
1031.250336,0.9378239820345703
1031.49139,0.9395605622427398
1031.732444,0.9399148433524983
1031.973498,0.9380490868017501
1032.214552,0.9416223378757237
1032.455605,0.9420094241973808
1032.696659,0.9420414530622911
1032.937713,0.94579257433805
1033.178767,0.9445619537141341
1033.419821,0.9440123785989438
1033.660874,0.9434952015349297
1033.901928,0.9427199671442537
1034.142982,0.9469594558168074
1034.384036,0.9460839233163856
1034.62509,0.9418163320580408
1034.866143,0.9447244323429345
1035.107197,0.9456308576350103
1035.348251,0.9438509662833497
1035.589305,0.9475439100866473
1035.830359,0.9461170368331848
1036.071413,0.9408486423464169
1036.312466,0.9412674131618568
1036.55352,0.9393670327011449
1036.794574,0.9380490868017501
1037.035628,0.9405908851327648
1037.276682,0.938434704215376
1037.517735,0.9354496090294179
1037.758789,0.9368285416380586
1037.999843,0.938755703772013
1038.240897,0.9366037297665691
1038.481951,0.9325700589919794
1038.723004,0.9334974944896982
1038.964058,0.9331139058523276
1039.205112,0.9276637038194258
1039.446166,0.9276637038194258
1039.68722,0.9313892409334396
1039.928274,0.9304648304629508
1040.169327,0.9247766778220909
1040.410381,0.9219613279133986
1040.651435,0.9231625033578698
1040.892489,0.9186519088798779
1041.133543,0.9161693971676316
1041.374596,0.917425409413689
1041.61565,0.9138178648302671
1041.856704,0.9131300189845121
1042.097758,0.9101635230092536
1042.338812,0.9046655152578138
1042.579865,0.904692655630375
1042.820919,0.9033276005962958
1043.061973,0.9022171906896499
1043.303027,0.9007027383054931
1043.544081,0.8935437328761322
1043.785135,0.8896029850451929
1044.026188,0.8908225763640039
1044.267242,0.8884472525535193
1044.508296,0.8860782623984161
1044.74935,0.8842901908686204
1044.990404,0.8751849880983282
1045.231457,0.8695408197989306
1045.472511,0.8713862017506161
1045.713565,0.8696538674534428
1045.954619,0.8649617436694788
1046.195673,0.8604153854563565
1046.436726,0.8573491789654043
1046.67778,0.8554479749054321
1046.918834,0.8517604105277947
1047.159888,0.8464365804024836
1047.400942,0.8419875930023307
1047.641996,0.8390793500921367
1047.883049,0.8354372821600723
1048.124103,0.8306389957459978
1048.365157,0.8253068684916823
1048.606211,0.8197056226064714
1048.847265,0.8165068313343029
1049.088318,0.8149976900824121
1049.329372,0.8085522307587172
1049.570426,0.800250880381249
1049.81148,0.7965622486142364
1050.052534,0.7910690661857386
1050.293587,0.7864784159706845
1050.534641,0.7861560259146141
1050.775695,0.7822037676010913
1051.016749,0.7747615301587855
1051.257803,0.7658721723459478
1051.498857,0.7603016625861292
1051.73991,0.7574937442867804
1051.980964,0.7490571474832425
1052.222018,0.7419599596549314
1052.463072,0.7381044007174639
1052.704126,0.7300881490546458
1052.945179,0.7216536242570455
1053.186233,0.7134235469099037
1053.427287,0.7046317169264776
1053.668341,0.699821483523935
1053.909395,0.6924287045078678
1054.150448,0.6811382385278756
1054.391502,0.6744012626765871
1054.632556,0.6670501823430265
1054.87361,0.6550524304905377
1055.114664,0.646139405818518
1055.355717,0.6377812007433225
1055.596771,0.6260907189069397
1055.837825,0.6167262701199683
1056.078879,0.607708471300315
1056.319933,0.5937184867435756
1056.560987,0.5822356594858507
1056.80204,0.574118188814412
1057.043094,0.5622436399442119
1057.284148,0.5517501290241545
1057.525202,0.5399709160721068
1057.766256,0.5223277576084436
1058.007309,0.5082051877809032
1058.248363,0.49752473750078474
1058.489417,0.483579283136545
1058.730471,0.46954083904279925
1058.971525,0.4546624515837681
1059.212578,0.437849515306406
1059.453632,0.4244122535565289
1059.694686,0.41082415613130757
1059.93574,0.3940096017725717
1060.176794,0.3787912565143874
1060.417848,0.36378217892883913
1060.658901,0.3482969007046156
1060.899955,0.3335708474686414
1061.141009,0.3189566751492759
1061.382063,0.30413001137607204
1061.623117,0.2894710462280245
1061.86417,0.27659525904788984
1062.105224,0.26418649626248353
1062.346278,0.25042394934018714
1062.587332,0.2366672814363214
1062.828386,0.22451786457981035
1063.069439,0.21311997690421086
1063.310493,0.20203789503344236
1063.551547,0.19164702698642558
1063.792601,0.18117352596380343
1064.033655,0.17063986431037526
1064.274709,0.16175054115188753
1064.515762,0.1531863691271441
1064.756816,0.14397724683226554
1064.99787,0.13574189870456288
1065.238924,0.1283236103165275
1065.479978,0.12122584324290794
1065.721031,0.11456648150353478
1065.962085,0.1084571624598765
1066.203139,0.10267362612934151
1066.444193,0.09722766389846701
1066.685247,0.0929029387672628
1066.9263,0.08867298517813353
1067.167354,0.0842556204838778
1067.408408,0.08091953606128532
1067.649462,0.07782442119073615
1067.890516,0.07469067703902561
1068.13157,0.07227333704941871
1068.372623,0.06983639407585553
1068.613677,0.06760319728069417
1068.854731,0.065434868834018
1069.095785,0.06317162816908062
1069.336839,0.061439643043405684
1069.577892,0.05986280011022623
1069.818946,0.05868330528559306
1070.06,0.05788482607461681
1070.301054,0.05626402137899736
1070.542108,0.05494624144592876
1070.783161,0.054968224338792615
1071.024215,0.05418235375630464
1071.265269,0.0522664816290881
1071.506323,0.051591414809402186
1071.747377,0.05161205550318949
1071.98843,0.0505951275906528
1072.229484,0.049360735439122616
1072.470538,0.048325302220070185
1072.711592,0.04656994048301225
1072.952646,0.04527954018788353
1073.1937,0.046125008146664905
1073.434753,0.04679401354245328
1073.675807,0.04515745032486091
1073.916861,0.04398089253282229
1074.157915,0.044374069518659055
1074.398969,0.04344324089069366
1074.640022,0.041819188071814416
1074.881076,0.042574491335390034
1075.12213,0.0427921758649198
1075.363184,0.04137824580097038
1075.604238,0.040954237261779415
1075.845291,0.03901145336270662
1076.086345,0.03693114669864784
1076.327399,0.03499675276289105
1076.568453,0.03242258600904289
1076.809507,0.037414385854645314
1077.050561,0.04895763238974249
1077.291614,0.05233970594843238
1077.532668,0.05063055657866539
1077.773722,0.05021708357087676
1078.014776,0.04942988886484032
1078.25583,0.049227641211499015
1078.496883,0.049178438175905545
1078.737937,0.048977219359831244
1078.978991,0.04951399114259201
1079.220045,0.05038811223899596
1079.461099,0.05155531345598343
1079.702152,0.05331700262962262
1079.943206,0.0552106173995563
1080.18426,0.05768835186139571
1080.425314,0.06114543941038732
1080.666368,0.06499142115679964
1080.907422,0.06941168874020619
1081.148475,0.07463841186004508
1081.389529,0.08066907391639833
1081.630583,0.08764155687312523
1081.871637,0.09567483234600965
1082.112691,0.10437135693886483
1082.353744,0.11316594473936366
1082.594798,0.12310717026577875
1082.835852,0.13457952375209475
1083.076906,0.14681235561922723
1083.31796,0.15961350176811803
1083.559013,0.17199325810514834
1083.800067,0.1843719674043
1084.041121,0.1983345554878479
1084.282175,0.21173918947499742
1084.523229,0.22275116111663013
1084.764283,0.2350634032885293
1085.005336,0.24778347471628562
1085.24639,0.25916250023234294
1085.487444,0.2713352873874472
1085.728498,0.28243693281258675
1085.969552,0.293963402701192
1086.210605,0.30547113172722584
1086.451659,0.3146167649640988
1086.692713,0.3244577343036931
1086.933767,0.3335708474686414
1087.174821,0.3409907255053553
1087.415874,0.348401405449755
1087.656928,0.35504881213038697
1087.897982,0.3611723538851433
1088.139036,0.3689293930495211
1088.38009,0.37633333465072005
1088.621143,0.38022199479853436
1088.862197,0.3842814700431253
1089.103251,0.39024911006968366
1089.344305,0.394956360472822
1089.585359,0.39848716083645436
1089.826413,0.4028826300600499
1090.067466,0.4074610229819247
1090.30852,0.4116713261784991
1090.549574,0.41634959460033094
1090.790628,0.4199288444641768
1091.031682,0.4236871287613419
1091.272735,0.42908939577614846
1091.513789,0.43278249422154574
1091.754843,0.43770067177603583
1091.995897,0.443436795656751
1092.236951,0.44694488131131777
1092.478004,0.4524898260329527
1092.719058,0.45888759040187466
1092.960112,0.46394466051505473
1093.201166,0.46986493402164803
1093.44222,0.47618444990926423
1093.683274,0.482917233126455
1093.924327,0.48941229778477163
1094.165381,0.4943013141819442
1094.406435,0.5002586571604348
1094.647489,0.5068146115258436
1094.888543,0.5125792222068567
1095.129596,0.5180466411220102
1095.37065,0.5230438370387762
1095.611704,0.5273609765139882
1095.852758,0.5329913946865513
1096.093812,0.5390483548202989
1096.334865,0.5427535117252934
1096.575919,0.5476110537285135
1096.816973,0.553457673720745
1097.058027,0.5557370657016157
1097.299081,0.5584054318813906
1097.540135,0.5607052009946243
1097.781188,0.563594645237948
1098.022242,0.5676614935368421
1098.263296,0.5682464860946341
1098.50435,0.5694182803897275
1098.745404,0.5711747923331397
1098.986457,0.570392818641929
1099.227511,0.570392818641929
1099.468565,0.5725472581349178
1099.709619,0.574118188814412
1099.950673,0.5715633232774759
1100.191726,0.5686387114722332
1100.43278,0.5680533151302868
1100.673834,0.5655310939822005
1100.914888,0.563403055630646
1101.155942,0.5632058990655868
1101.396996,0.5608958731753964
1101.638049,0.5585953220077226
1101.879103,0.5563042067013702
1102.120157,0.5517501290241545
1102.361211,0.5470473047237506
1102.602265,0.5436824142156226
1102.843318,0.5418261963008947
1103.084372,0.5399709160721068
1103.325426,0.5349992146666562
1103.56648,0.5313469931856976
1103.807534,0.5304391662406028
1104.048587,0.5257339461530548
1104.289641,0.5189384480788627
1104.530695,0.5152155099131704
1104.771749,0.5113505071214459
1105.012803,0.5069869577909671
1105.253857,0.5052560239792809
1105.49491,0.5012902521722411
1105.735964,0.49497897107135147
1105.977018,0.49159503549935807
1106.218072,0.48807314356793785
1106.459126,0.48341489412799366
1106.700179,0.48077302583864523
1106.941233,0.47585599596846784
1107.182287,0.47050909012743874
1107.423341,0.4692216598054899
1107.664395,0.4674560244618786
1107.905448,0.46394466051505473
1108.146502,0.4626751921111784
1108.387556,0.46125234482909844
1108.62861,0.45888759040187466
1108.869664,0.45700543288847834
1109.110717,0.4514051525792612
1109.351771,0.44724890718769233
1109.592825,0.44893821791768274
1109.833879,0.44755761542574596
1110.074933,0.44282970319998843
1110.315987,0.4398066853896889
1110.55704,0.4351606524921239
1110.798094,0.4283562799020856
1111.039148,0.4226714988956558
1111.280202,0.4172081587826985
1111.521256,0.41421504816790305
1111.762309,0.4116713261784991
1112.003363,0.407184043669936
1112.244417,0.40329377999353055
1112.485471,0.3980809111549605
1112.726525,0.39185633449581675
1112.967578,0.3861265938282064
1113.208632,0.3780117496936527
1113.449686,0.3707045110110413
1113.69074,0.36527674763465323
1113.931794,0.35847369385607075
1114.172848,0.35155117078191017
1114.413901,0.34676776091606154
1114.654955,0.344486629707504
1114.896009,0.34263141549362935
1115.137063,0.33854440958709814
1115.378117,0.3315422587848797
1115.61917,0.32267811520366874
1115.860224,0.31351753106817676
1116.101278,0.3051658132801653
1116.342332,0.29843593270201196
1116.583386,0.2910675232696927
1116.824439,0.2813657090820259
1117.065493,0.2722593974614645
1117.306547,0.26389605089083573
1117.547601,0.2552785441454128
1117.788655,0.2483788692432477
1118.029709,0.2417623645350185
1118.270762,0.23520448365037852
1118.511816,0.23059323686571728
1118.75287,0.2257335404192169
1118.993924,0.22031432551155128
1119.234978,0.2157575403825266
1119.476031,0.21137953864271328
1119.717085,0.20765027179437887
1119.958139,0.20404800381520652
1120.199193,0.2003078191255799
1120.440247,0.19785912330150807
1120.6813,0.19616483074159966
1120.922354,0.19409646523965837
1121.163408,0.19303186501513606
1121.404462,0.19229973585447901
1121.645516,0.19132150381364235
1121.88657,0.19164702698642558
1122.127623,0.1927039896176615
1122.368677,0.19368929034593027
1122.609731,0.195284072196269
1122.850785,0.19630219419471834
1123.091839,0.19738483078426552
1123.332892,0.19881113008177567
1123.573946,0.19954809380521402
1123.815,0.19982765678496514
1124.056054,0.19881113008177567
1124.297108,0.19616483074159966
1124.538161,0.19237667113485105
1124.779215,0.1869152450306222
1125.020269,0.17969397749003668
1125.261323,0.16825072523600376
1125.502377,0.15286501529160193
1125.74343,0.13302742087745126
1125.984484,0.1140178800890269
1126.225538,0.11440620065220493
1126.466592,0.135511333512706
1126.707646,0.15396961518946634
1126.9487,0.16574579827686164
1127.189753,0.18017980680369194
1127.430807,0.1905386915098185
1127.671861,0.19643965383591616
1127.912915,0.19893045255298641
1128.153969,0.19677388526365674
1128.395022,0.1927039896176615
1128.636076,0.1866537467790668
1128.87713,0.18050442252243923
1129.118184,0.17689481298176843
1129.359238,0.1729245338805106
1129.600291,0.16716064213006226
1129.841345,0.16252881010061776
1130.082399,0.15945396804650516
1130.323453,0.15635909906524798
1130.564507,0.15492719222501478
1130.805561,0.1541236618151314
1131.046614,0.15286501529160193
1131.287668,0.15312510683276892
1131.528722,0.15477234247057114
1131.769776,0.15668779818656547
1132.01083,0.15927866511594221
1132.251883,0.1629845284768903
1132.492937,0.1684864412140185
1132.733991,0.1746624543389616
1132.975045,0.18130039182985086
1133.216099,0.18943676577276244
1133.457152,0.19893045255298641
1133.698206,0.20956946906561588
1133.93926,0.2204024688692522
1134.180314,0.23177226634335515
1134.421368,0.24551432086170277
1134.662422,0.2597852372183701
1134.903475,0.2743364516906979
1135.144529,0.2901666110829265
1135.385583,0.30537950413253406
1135.626637,0.32158287257952084
1135.867691,0.3374965469436387
1136.108744,0.351902897786884
1136.349798,0.3701969935597902
1136.590852,0.38798445678257676
1136.831906,0.40219026753880527
1137.07296,0.4180643127662039
1137.314013,0.433670608340647
1137.555067,0.44633298606786853
1137.796121,0.4590482291686597
1138.037175,0.4729337328443043
1138.278229,0.4837485655083298
1138.519283,0.49497897107135147
1138.760336,0.5076820059223995
1139.00139,0.5141603999750433
1139.242444,0.5230438370387762
1139.483498,0.5364671226303811
1139.724552,0.5429380792939887
1139.965605,0.5477972731422875
1140.206659,0.5557370657016157
1140.447713,0.5616648271348381
1140.688767,0.5672756149348309
1140.929821,0.5739172826089638
1141.170874,0.5762866994604086
1141.411928,0.5770767533019797
1141.652982,0.5818398738197776
1141.894036,0.5862376649734609
1142.13509,0.5876463250853746
1142.376143,0.5884519522793628
1142.617197,0.5904738079759567
1142.858251,0.5935107216342304
1143.099305,0.5951391709682838
1143.340359,0.5961636911771505
1143.581413,0.596778056122695
1143.822466,0.59534750613465
1144.06352,0.5945324385000587
1144.304574,0.59534750613465
1144.545628,0.5959550703960048
1144.786682,0.5924966855481847
1145.027735,0.5902671783054669
1145.268789,0.5920939247562009
1145.509843,0.5896654127362086
1145.750897,0.5858391588687103
1145.991951,0.5860383780480669
1146.233004,0.5822356594858507
1146.474058,0.5770767533019797
1146.715112,0.5752963382920984
1146.956166,0.5715633232774759
1147.19722,0.5655310939822005
1147.438274,0.5626317219286608
1147.679327,0.559361122052126
1147.920381,0.5530759196461795
1148.161435,0.5493002958714954
1148.402489,0.5446183526443822
1148.643543,0.537390640078633
1148.884596,0.5339035896759021
1149.12565,0.5302588475799904
1149.366704,0.5239390071524291
1149.607758,0.5176944891512868
1149.848812,0.5108240872518836
1150.089865,0.504044863495668
1150.330919,0.49633707320233256
1150.571973,0.4892459258883499
1150.813027,0.482917233126455
1151.054081,0.4765083654540062
1151.295135,0.470349144229139
1151.536188,0.4623606799268047
1151.777242,0.4537313482650033
1152.018296,0.44633298606786853
1152.25935,0.43935391771911636
1152.500404,0.43248397730071425
1152.741457,0.42456082384355726
1152.982511,0.41663697495542584
1153.223565,0.40970003868769084
1153.464619,0.40191687112219543
1153.705673,0.3936039808134002
1153.946726,0.3854668815674984
1154.18778,0.37697741518488315
1154.428834,0.36842430584477837
1154.669888,0.3605588824819756
1154.910942,0.3522549766947849
1155.151996,0.3424943903342908
1155.393049,0.3335708474686414
1155.634103,0.32523736805229614
1155.875157,0.316446844300647
1156.116211,0.3085103150663647
1156.357265,0.30038208440554054
1156.598318,0.2908638472983106
1156.839372,0.28184443759140454
1157.080426,0.2733779524618987
1157.32148,0.26453016204198176
1157.562534,0.25589194844208374
1157.803587,0.24770915082301215
1158.044641,0.2397640414223223
1158.285695,0.23121667987457514
1158.526749,0.22212833023565307
1158.767803,0.2134825889978986
1159.008857,0.20531703135913135
1159.24991,0.197167826844451
1159.490964,0.18877489604024822
1159.732018,0.18030597682280924
1159.973072,0.17192447455953253
1160.214126,0.1638834130501526
1160.455179,0.1562496859949446
1160.696233,0.14879288106987038
1160.937287,0.1411404196676341
1161.178341,0.13416297321538262
1161.419395,0.1271357329320356
1161.660448,0.11994763577238712
1161.901502,0.11382421435539036
1162.142556,0.10760372638750353
1162.38361,0.10086220505906641
1162.624664,0.09518813283970678
1162.865717,0.08949254081712074
1163.106771,0.08336722770676949
1163.347825,0.07806605122948215
1163.588879,0.07294131975924047
1163.829933,0.06781309236154871
1164.070987,0.06332342215661033
1164.31204,0.058783151750026984
1164.553094,0.05444305423493889
1164.794148,0.05080299344759588
1165.035202,0.04717930197718669
1165.276256,0.04360427861806769
1165.517309,0.04032837352780432
1165.758363,0.03705692630158057
1165.999417,0.03396923557522466
1166.240471,0.031223008625756367
1166.481525,0.028467277763052034
1166.722578,0.025952171310992558
1166.963632,0.02357897155415185
1167.204686,0.021495750812696016
1167.44574,0.019395775390558773
1167.686794,0.017500951991814725
1167.927848,0.015684222628934437
1168.168901,0.014008373794439347
1168.409955,0.01255420010089036
1168.651009,0.011173615933260059
1168.892063,0.009877458867002288
1169.133117,0.008791235673281187
1169.37417,0.0077714384735991775
1169.615224,0.006846621226516658
1169.856278,0.006052402368830283
1170.097332,0.005295488750678303
1170.338386,0.004664848131917471
1170.579439,0.004109721558880349
1170.820493,0.003595759659924426
1171.061547,0.003156788707186688
1171.302601,0.0027811243238528393
1171.543655,0.0024333168341626288
1171.784709,0.0021362570999123175
1172.025762,0.0018627525864868672
1172.266816,0.001624264794067126
1172.50787,0.001411362117682088
1172.748924,0.0012306657449095437
1172.989978,0.001080533908801789
1173.231031,0.0009420991821724385
1173.472085,0.0008159153060437015
1173.713139,0.0007138769138866258
1173.954193,0.0006224794140322132
1174.195247,0.0005427292397785373
1174.4363,0.00047814333806313455
1174.677354,0.0004197715177787978
1174.918408,0.0003660282652813973
1175.159462,0.0003191657492481639
1175.400516,0.000280201940128712
1175.64157,0.0002434984453649998
1175.882623,0.00020943439877021475
1176.123677,0.0001782898430901772
1176.364731,0.00014971156724771683
1176.605785,0.00012484969302400305
1176.846839,0.000102710110391387
1177.087892,8.333849422398028e-05
1177.328946,6.950582471891822e-05
1177.57,6.102054177919944e-05
1177.811054,5.6980582845390203e-05
1178.052108,5.3571143628392246e-05
1178.293161,4.8178388925199004e-05
1178.534215,4.4234744633361614e-05
1178.775269,4.170039319780564e-05
1179.016323,3.7506361476563996e-05
1179.257377,3.386935278891247e-05
1179.49843,3.1928868141077645e-05
1179.739484,3.0039421166869695e-05
1179.980538,2.8431865987561685e-05
1180.221592,2.728973319363374e-05
1180.462646,2.6351114179996633e-05
1180.7037,2.6272179298979318e-05
1180.944753,2.645672972698995e-05
1181.185807,2.6829728844692688e-05
1181.426861,2.8036593229145387e-05
1181.667915,2.9533067210296183e-05
1181.908969,3.0954257738740156e-05
1182.150022,3.270443049811219e-05
1182.391076,3.4900828143406025e-05
1182.63213,3.8302323416555486e-05
1182.873184,4.30133510899047e-05
1183.114238,4.95167283012769e-05
1183.355291,5.7570515787861904e-05
1183.596345,6.693423418273339e-05
1183.837399,7.862663879352466e-05
1184.078453,9.14150895121314e-05
1184.319507,0.00010628355375149564
1184.560561,0.0001227329133201388
1184.801614,0.00013979968239776695
1185.042668,0.00016087224778176185
1185.283722,0.00018262056005550646
1185.524776,0.000202372601054184
1185.76583,0.00022581375304977846
1186.006883,0.0002443277490966887
1186.247937,0.0002616507392005101
1186.488991,0.00028899533842477817
1186.730045,0.0003158952142006066
1186.971099,0.0003549264404357378
1187.212152,0.00042267795693527315
1187.453206,0.000488095243523415
1187.69426,0.0005502157961792335
1187.935314,0.0006397711651509701
1188.176368,0.0007592344006389196
1188.417422,0.000913524831228047
1188.658475,0.0011143321746638255
1188.899529,0.0013592801783195662
1189.140583,0.0016807754746739315
1189.381637,0.002071463327414201
1189.622691,0.0024924228735930397
1189.863744,0.0030091428747266095
1190.104798,0.0036202941483330126
1190.345852,0.004311368102763762
1190.586906,0.00511693321928331
1190.82796,0.006052402368830283
1191.069013,0.0071096660878784065
1191.310067,0.008266037716956248
1191.551121,0.00967606469621992
1191.792175,0.011211670884190129
1192.033229,0.013036528203437736
1192.274283,0.015260309065829869
1192.515336,0.017804572013047856
1192.75639,0.020700446684133258
1192.997444,0.024067329032599977
1193.238498,0.027886850764902344
1193.479552,0.03231253640695012
1193.720605,0.03727248097842131
1193.961659,0.04299807206463018
1194.202713,0.04939530005013247
1194.443767,0.05647258386075591
1194.684821,0.06446067055475149
1194.925874,0.07291944064534389
1195.166928,0.08217534180202346
1195.407982,0.09264317437857132
1195.649036,0.10344657325384218
1195.89009,0.114726986905205
1196.131143,0.1271357329320356
1196.372197,0.14026805618695412
1196.613251,0.15386187417258906
1196.854305,0.16843590286278604
1197.095359,0.18387483452370543
1197.336413,0.19968782637157012
1197.577466,0.2159950042581347
1197.81852,0.23265467647287275
1198.059574,0.24915003843256733
1198.300628,0.2655372889870278
1198.541682,0.28291748395110317
1198.782735,0.29987186866830473
1199.023789,0.3152466281472558
1199.264843,0.3324386324434911
1199.505897,0.34902909272864
1199.746951,0.36352762050943027
1199.988004,0.3804806336822516
1200.229058,0.3954978215027863
1200.470112,0.40857899711000883
1200.711166,0.4248496233844864
1200.95222,0.4398066853896889
1201.193274,0.4546624515837681
1201.434327,0.470349144229139
1201.675381,0.482917233126455
1201.916435,0.4982068135065424
1202.157489,0.5146902580170654
1202.398543,0.5278991591365095
1202.639596,0.5405273726415989
1202.88065,0.5513750664721382
1203.121704,0.5618614442303198
1203.362758,0.5733321854309914
1203.603812,0.5844348307552389
1203.844865,0.5951391709682838
1204.085919,0.6035598933730999
1204.326973,0.612516131357415
1204.568027,0.6203260823043388
1204.809081,0.6256651219374523
1205.050135,0.6358198566654206
1205.291188,0.6448097286802025
1205.532242,0.6521374019961392
1205.773296,0.6615895039796473
1206.01435,0.6686530254229811
1206.255404,0.6764883855223832
1206.496457,0.6865268109394582
1206.737511,0.6933779819396093
1206.978565,0.6991010384887918
1207.219619,0.7051110294417734
1207.460673,0.7107887571532422
1207.701726,0.715703001822135
1207.94278,0.7186721541541669
1208.183834,0.720175749666338
1208.424888,0.7244301015989545
1208.665942,0.7296575240935588
1208.906996,0.7299859438683082
1209.148049,0.7301392570138373
1209.389103,0.7338504630044054
1209.630157,0.7369980740688103
1209.871211,0.7404627132643965
1210.112265,0.7448667020754011
1210.353318,0.7480092012103216
1210.594372,0.7522474148762407
1210.835426,0.757001533338882
1211.07648,0.7602028297942637
1211.317534,0.764800701509256
1211.558587,0.7687649599140169
1211.799641,0.768788023208762
1212.040695,0.7684190935078336
1212.281749,0.7684190935078336
1212.522803,0.768788023208762
1212.763857,0.7708973909064093
1213.00491,0.770211597451858
1213.245964,0.769895875424341
1213.487018,0.7726184103115626
1213.728072,0.7704272868942572
1213.969126,0.7684498308863174
1214.210179,0.7709821942835092
1214.451233,0.7726724954932437
1214.692287,0.7749242471648065
1214.933341,0.7779834714128911
1215.174395,0.7810547727808159
1215.415448,0.7843264146990305
1215.656502,0.7855352079095412
1215.897556,0.7857787615728606
1216.13861,0.7876117607020469
1216.379664,0.7876590188254184
1216.620717,0.7851582414889234
1216.861771,0.7858573433780427
1217.102825,0.786069553507833
1217.343879,0.7828767521831204
1217.584933,0.7807346059626585
1217.825987,0.7793695152050193
1218.06704,0.7788397240840756
1218.308094,0.7792915821502165
1218.549148,0.7792915821502165
1218.790202,0.7792915821502165
1219.031256,0.7818049453879237
1219.272309,0.7835189743950315
1219.513363,0.7836835306574573
1219.754417,0.7883366969414307
1219.995471,0.7902309772411954
1220.236525,0.7894490356986552
1220.477578,0.7916625905291852
1220.718632,0.7901519580944945
1220.959686,0.7884470718050627
1221.20074,0.7877141568865459
1221.441794,0.7840049067826306
1221.682848,0.7835424803168505
1221.923901,0.7847579128782369
1222.164955,0.7825558385065244
1222.406009,0.7815313615370046
1222.647063,0.7810547727808159
1222.888117,0.7775012711581406
1223.12917,0.7792370336486858
1223.370224,0.7842950422698953
1223.611278,0.7831664701759515
1223.852332,0.785291729736156
1224.093386,0.7907685170485407
1224.334439,0.7894727195249818
1224.575493,0.789338520569897
1224.816547,0.7905787553767605
1225.057601,0.7875566298084015
1225.298655,0.7883918824416866
1225.539709,0.7895516707444294
1225.780762,0.7865570677448047
1226.021816,0.7869897931206344
1226.26287,0.7863919081029476
1226.503924,0.782845437739326
1226.744978,0.7834641299864006
1226.986031,0.7833544526857926
1227.227085,0.7793461344702759
1227.468139,0.7800634628344406
1227.709193,0.783385787490592
1227.950247,0.783385787490592
1228.1913,0.7870134031685769
1228.432354,0.7920189188627854
1228.673408,0.7922644827880747
1228.914462,0.7932712978734705
1229.155516,0.7947878939405951
1229.39657,0.7946289522565052
1229.637623,0.7934299679995288
1229.878677,0.789583253442909
1230.119731,0.7871235927581118
1230.360785,0.7888256172431661
1230.601839,0.7872023090531368
1230.842892,0.7822819918890007
1231.083946,0.7805706689093994
1231.325,0.7784893250539325
1231.566054,0.776436823729631
1231.807108,0.7769727500113086
1232.048161,0.7755056583521217
1232.289215,0.7752420312474294
1232.530269,0.7777423339149965
1232.771323,0.7766231909304956
1233.012377,0.7755056583521217
1233.25343,0.7772369656604275
1233.494484,0.7755599456482395
1233.735538,0.7731439695004471
1233.976592,0.7719542441110956
1234.217646,0.7681809205075685
1234.4587,0.766477450415459
1234.699753,0.7650607779582601
1234.940807,0.7584336191316705
1235.181861,0.7525860023894119
1235.422915,0.7482934987198872
1235.663969,0.7421603158909129
1235.905022,0.7388428742934298
1236.146076,0.737093890046343
1236.38713,0.7312645377133844
1236.628184,0.7278866088434633
1236.869238,0.7281851035403206
1237.110291,0.7243069589491045
1237.351345,0.7205215170037
1237.592399,0.7176380110139458
1237.833453,0.7100570216418542
1238.074507,0.7036670324340504
1238.315561,0.699338773254498
1238.556614,0.6917158701149575
1238.797668,0.684176057824226
1239.038722,0.6781071263885827
1239.279776,0.6677375979891242
1239.52083,0.6568497353332626
1239.761883,0.6476855258759269
1240.002937,0.6366915268267763
1240.243991,0.6282418972345897
1240.485045,0.6226691254959231
1240.726099,0.6131473479934759
1240.967152,0.6027335824713883
1241.208206,0.5949368580453005
1241.44926,0.5876463250853746
1241.690314,0.579453419461436
1241.931368,0.5690255172951091
1242.172422,0.5589808857841134
1242.413475,0.5504275164843982
1242.654529,0.5377561899867694
1242.895583,0.5246572955074048
1243.136637,0.5141603999750433
1243.377691,0.5019774904684602
1243.618744,0.48857611789312316
1243.859798,0.4740653962649086
1244.100852,0.46046427730920253
1244.341906,0.4503230792204967
1244.58296,0.4390508680800392
1244.824013,0.4251428707833397
1245.065067,0.41294122850881765
1245.306121,0.4026047369294639
1245.547175,0.39038181732606253
1245.788229,0.37995973211315504
1246.029283,0.3712127242376979
1246.270336,0.35958668655438547
1246.51139,0.348540793887764
1246.752444,0.3381722154808403
1246.993498,0.3264756212419242
1247.234552,0.3156882825125808
1247.475605,0.30431254413725006
1247.716659,0.29276062013926646
1247.957713,0.28311559552082877
1248.198767,0.2719872741483365
1248.439821,0.26004515239151543
1248.680874,0.25145279522530517
1248.921928,0.2410863767388803
1249.162982,0.23036275888704744
1249.404036,0.22350980402654766
1249.64509,0.2150897276518799
1249.886143,0.20636682291210073
1250.127197,0.19962792900871232
1250.368251,0.19191552072597026
1250.609305,0.18575995560941286
1250.850359,0.18104674887278735
1251.091413,0.1733400511831387
1251.332466,0.165398097314271
1251.57352,0.1602692605121842
1251.814574,0.1541853236113946
1252.055628,0.14833233735013807
1252.296682,0.14426548947248943
1252.537735,0.13817973689468172
1252.778789,0.1327085378800061
1253.019843,0.12912168818537556
1253.260897,0.12390997315536427
1253.501951,0.1193732667092194
1253.743004,0.11598435124921642
1253.984058,0.11162614302190565
1254.225112,0.10793781550989481
1254.466166,0.10498896810616164
1254.70722,0.10179441895432192
1254.948274,0.09891444444566856
1255.189327,0.09587596060469325
1255.430381,0.092680239060765
1255.671435,0.08977039815000243
1255.912489,0.08650959035794017
1256.153543,0.08290996657517266
1256.394596,0.0800663190183041
1256.63565,0.07769223206730236
1256.876704,0.07574370048234849
1257.117758,0.07377023120188109
1257.358812,0.07079973650288872
1257.599865,0.06903097238184255
1257.840919,0.06753562787374773
1258.081973,0.06477082554990529
1258.323027,0.06310217758291994
1258.564081,0.06213784844082009
1258.805135,0.06293203150401631
1259.046188,0.06399822054457621
1259.287242,0.06360265908483942
1259.528296,0.06870041768035805
1259.76935,0.07655085406380925
1260.010404,0.07784777201954257
1260.251457,0.07734340247822467
1260.492511,0.07848874816068255
1260.733565,0.07965902028589804
1260.974619,0.08117077584353663
1261.215673,0.0820357623970696
1261.456726,0.08195376763888453
1261.69778,0.08229046784997593
1261.938834,0.0836009830491076
1262.179888,0.08483899459135241
1262.420942,0.08594910158251981
1262.661996,0.08761526834953898
1262.903049,0.08949254081712074
1263.144103,0.09151064268200612
1263.385157,0.09418446745577669
1263.626211,0.09682984655930424
1263.867265,0.09915212421397382
1264.108318,0.10242750489025616
1264.349372,0.10592754037354536
1264.590426,0.10848970448967489
1264.83148,0.11216323650154283
1265.072534,0.11618169233873989
1265.313587,0.11892050908003803
1265.554641,0.12268931664057019
1265.795695,0.12675489727235567
1266.036749,0.1299117376844683
1266.277803,0.1347680670348502
1266.518857,0.1396522325452717
1266.75991,0.14318754564366082
1267.000964,0.14879288106987038
1267.242018,0.15508219690666356
1267.483072,0.16070257222314005
1267.724126,0.16825072523600376
1267.965179,0.1753099024604102
1268.206233,0.18160886462354572
1268.447287,0.1889826626765927
1268.688341,0.19549900286588098
1268.929395,0.20175523988516633
1269.170448,0.20871199326901024
1269.411502,0.21517578075241336
1269.652556,0.22130797400869054
1269.89361,0.2274556510577448
1270.134664,0.2328874475154693
1270.375717,0.23813917674170498
1270.616771,0.2437529662371922
1270.857825,0.24897569443318332
1271.098879,0.2549214042398759
1271.339933,0.26111352618598616
1271.580987,0.2660955032136948
1271.82204,0.27367883366392903
1272.063094,0.2810844840089159
1272.304148,0.285932359894248
1272.545202,0.2937870775624026
1272.786256,0.2995721466856046
1273.027309,0.30267368530019395
1273.268363,0.30906613372020164
1273.509417,0.3131102230853395
1273.750471,0.31559359023237926
1273.991525,0.31981902181630395
1274.232578,0.3203631765538679
1274.473632,0.32004297350552185
1274.714686,0.32180805939651735
1274.95574,0.3213578433381384
1275.196794,0.3189566751492759
1275.437848,0.3178422781186704
1275.678901,0.3170803713050771
1275.919955,0.3156882825125808
1276.161009,0.3152466281472558
1276.402063,0.31332947697140645
1276.643117,0.3095919930012704
1276.88417,0.3075861710303276
1277.125224,0.30537950413253406
1277.366278,0.30255264003674054
1277.607332,0.2999918414087205
1277.848386,0.29549599367834195
1278.089439,0.2893842179390506
1278.330493,0.28311559552082877
1278.571547,0.27706587089500223
1278.812601,0.27095568376963913
1279.053655,0.2636322867439987
1279.294709,0.25589194844208374
1279.535762,0.24820506487340388
1279.776816,0.24050846320834213
1280.01787,0.2336105187841743
1280.258924,0.2273646869913478
1280.499978,0.22168451753581914
1280.741031,0.21539106415692774
1280.982085,0.20915074898713648
1281.223139,0.20376253648362366
1281.464193,0.1975823143403709
1281.705247,0.19191552072597026
1281.9463,0.1866537467790668
1282.187354,0.18030597682280924
1282.428408,0.17436578041087322
1282.669462,0.16872248742551194
1282.910516,0.16220407732143996
1283.15157,0.15582838086063242
1283.392623,0.14995800361296815
1283.633677,0.14417895614140122
1283.874731,0.1386503475849422
1284.115785,0.1332937419515065
1284.356839,0.1284519981100418
1284.597892,0.12383564947080614
1284.838946,0.11917050455247884
1285.08,0.11559067408538985
1285.321054,0.11238778745064473
1285.562108,0.10842463019122285
1285.803161,0.10516760114700599
1286.044215,0.10267362612934151
1286.285269,0.09955948243696745
1286.526323,0.09623135874003103
1286.767377,0.09357425376028367
1287.00843,0.09091775248517887
1287.249484,0.0878257975275375
1287.490538,0.08516199608495903
1287.731592,0.0826285513657697
1287.972646,0.07998629271910428
1288.2137,0.07771554323342265
1288.454753,0.07605488715107649
1288.695807,0.07460856246557795
1288.936861,0.07304350912276697
1289.177915,0.07180508383020034
1289.418969,0.07136126955638605
1289.660022,0.07133986438645518
1289.901076,0.07141123993266678
1290.14213,0.07151128568425781
1290.383184,0.07202802497030245
1290.624238,0.0731458416515947
1290.865291,0.07433302085078965
1291.106345,0.07603207410705885
1291.347399,0.07854370951862606
1291.588453,0.08134141357972169
1291.829507,0.08417140697716509
1292.070561,0.0868389521924539
1292.311614,0.0893405327412048
1292.552668,0.092680239060765
1292.793722,0.09676208938449064
1293.034776,0.10027889749685887
1293.27583,0.10341554393649634
1293.516883,0.10701353041907036
1293.757937,0.11096948781578068
1293.998991,0.11409772054598902
1294.240045,0.1157873453545488
1294.481099,0.11815003253251483
1294.722152,0.11949269968246252
1294.963206,0.1188016480113974
1295.20426,0.11977982657615194
1295.445314,0.12060916530775259
1295.686368,0.11991165687875927
1295.927422,0.12019979047728242
1296.168475,0.12052476843438908
1296.409529,0.12056093128907636
1296.650583,0.12143210244707034
1296.891637,0.12286120197552688
1297.132691,0.12570718564298797
1297.373744,0.129600323360693
1297.614798,0.13338708023546064
1297.855852,0.1386087587193085
1298.096906,0.1450176238723773
1298.33796,0.15135911813055725
1298.579013,0.15911946606361901
1298.820067,0.1668767104487505
1299.061121,0.17370444777312702
1299.302175,0.18155439013574037
1299.543229,0.19013898010152055
1299.784283,0.19881113008177567
1300.025336,0.20616055923821425
1300.26639,0.213995562533509
1300.507444,0.22411409592437412
1300.748498,0.23272448334632206
1300.989552,0.24034016619492313
1301.230605,0.24897569443318332
1301.471659,0.2586188300353607
1301.712713,0.26874293184439435
1301.953767,0.2789563391244699
1302.194821,0.2912713418641669
1302.435874,0.30267368530019395
1302.676928,0.31386259010002576
1302.917982,0.32893339352650897
1303.159036,0.3428370560289169
1303.40009,0.3554040385261131
1303.641143,0.37032288193741203
1303.882197,0.3852010011585068
1304.123251,0.39930889047871804
1304.364305,0.41280085235642283
1304.605359,0.42850194579905154
1304.846413,0.4437384352236271
1305.087466,0.45435338621082727
1305.32852,0.4660184748693392
1305.569574,0.4797836528095129
1305.810628,0.4924413065448821
1306.051682,0.5037022294972532
1306.292735,0.5162779477989005
1306.533789,0.530073289457903
1306.774843,0.5449888190684893
1307.015897,0.5608958731753964
1307.256951,0.5739172826089638
1307.498004,0.5884519522793628
1307.739058,0.605010176761125
1307.980112,0.6154571216752324
1308.221166,0.6267359245712895
1308.46222,0.6432640408986379
1308.703274,0.6566264443848616
1308.944327,0.6679646673720483
1309.185381,0.6799676877198824
1309.426435,0.6900577425756299
1309.667489,0.6969511198645099
1309.908543,0.706324864010892
1310.149596,0.7162113313890708
1310.39065,0.7211414320335786
1310.631704,0.7302341812871932
1310.872758,0.7416558184246856
1311.113812,0.7478820504542363
1311.354865,0.7587446406705731
1311.595919,0.7697650042498839
1311.836973,0.7754048491692748
1312.078027,0.7870448843343228
1312.319081,0.7962596124642732
1312.560135,0.7999548423259255
1312.801188,0.8126051156813104
1313.042242,0.8240368740609101
1313.283296,0.8282253498264391
1313.52435,0.8351198763037836
1313.765404,0.8406330836502107
1314.006457,0.8436057621261525
1314.247511,0.848733534502425
1314.488565,0.8488778314681849
1314.729619,0.847546138924967
1314.970673,0.8554479749054321
1315.211726,0.860234717196242
1315.45278,0.8601142927657414
1315.693834,0.865705930723601
1315.934888,0.8687933361579391
1316.175942,0.8731831075037023
1316.416996,0.8817470989290965
1316.658049,0.8823821854440351
1316.899103,0.8845555177229191
1317.140157,0.8932042507633258
1317.381211,0.8977173636783655
1317.622265,0.9004865955864636
1317.863318,0.9025239966885485
1318.104372,0.9035173193121889
1318.345426,0.9049713438840972
1318.58648,0.901567828110934
1318.827534,0.8946434678659395
1319.068587,0.899037978617143
1319.309641,0.9020006845456608
1319.550695,0.8959685204954607
1319.791749,0.8970084470200093
1320.032803,0.9009189329050006
1320.273857,0.9009549703830616
1320.51491,0.9019104889870594
1320.755964,0.9017211076701064
1320.997018,0.9061811935991814
1321.238072,0.909072890909767
1321.479126,0.9059021327691267
1321.720179,0.9073618099276952
1321.961233,0.9082323872785345
1322.202287,0.9073926607536938
1322.443341,0.9062437222587536
1322.684395,0.9011351793974389
1322.925448,0.8978071399034698
1323.166502,0.8945271717745267
1323.407556,0.8919813987846497
1323.64861,0.889941098416982
1323.889664,0.883865833430936
1324.130717,0.8798797751419561
1324.371771,0.8756402026376621
1324.612825,0.8721010314761848
1324.853879,0.8729735687035632
1325.094933,0.8690366323519408
1325.335987,0.8658271380382163
1325.57704,0.8650828467906131
1325.818094,0.8590570025524186
1326.059148,0.8558843646425581
1326.300202,0.8523483280192677
1326.541256,0.8454806472705676
1326.782309,0.8415498732709629
1327.023363,0.8337180527730679
1327.264417,0.8255049659108599
1327.505471,0.8189436507492801
1327.746525,0.8078248611164708
1327.987578,0.7988836207159778
1328.228632,0.7909108681928281
1328.469686,0.7794474560535173
1328.71074,0.7693956057105859
1328.951794,0.7611384545661865
1329.192848,0.7512701286106087
1329.433901,0.7403590557407355
1329.674955,0.7316375777447405
1329.916009,0.7210909539000916
1330.157063,0.7087446304879391
1330.398117,0.7005426709997558
1330.63917,0.6888787521599214
1330.880224,0.6723273023260176
1331.121278,0.660234634711975
1331.362332,0.6456937234066178
1331.603386,0.6278085598440902
1331.844439,0.6131473479934759
1332.085493,0.5937184867435756
1332.326547,0.5723469016589993
1332.567601,0.5555425917635446
1332.808655,0.538865109533124
1333.049709,0.5212528699421826
1333.290762,0.5023239744601138
1333.531816,0.48175962145660883
1333.77287,0.4623606799268047
1334.013924,0.44572192854693193
1334.254978,0.4289435301801411
1334.496031,0.41265639733920073
1334.737085,0.39944467858415056
1334.978139,0.38414699506310446
1335.219193,0.3671811338352601
1335.460247,0.35239590686961875
1335.7013,0.3374965469436387
1335.942354,0.3221300284135916
1336.183408,0.30841777585342084
1336.424462,0.2941692491209243
1336.665516,0.2804948259501581
1336.90657,0.2725317930340126
1337.147623,0.26355320892024214
1337.388677,0.25448840600544775
1337.629731,0.2478826079314934
1337.870785,0.24125519628254438
1338.111839,0.23586397906731305
1338.352892,0.22877872704522242
1338.593946,0.224428075393013
1338.835,0.22404687177972268
1339.076054,0.22137437636074792
1339.317108,0.21972027915613299
1339.558161,0.22046859952901593
1339.799215,0.22159586146120183
1340.040269,0.22212833023565307
1340.281323,0.22175103286788084
1340.522377,0.22544027747888432
1340.76343,0.22981055118002663
1341.004484,0.23249187518643966
1341.245538,0.23393780255565577
1341.486592,0.23602914165282093
1341.727646,0.23935678881470082
1341.9687,0.2394525506813232
1342.209753,0.23619441989261297
1342.450807,0.23536918442748048
1342.691861,0.23225949951845187
1342.932915,0.22228387450095946
1343.173969,0.21590862353372808
1343.415022,0.21746877543014764
1343.656076,0.2204024688692522
1343.89713,0.21472438574348035
1344.138184,0.20376253648362366
1344.379238,0.20665593879807562
1344.620291,0.21873375923450586
1344.861345,0.22159586146120183
1345.102399,0.22290714151618243
1345.343453,0.22752389798959005
1345.584507,0.23328369288938433
1345.825561,0.24392365304697192
1346.066614,0.2531938191373495
1346.307668,0.2605918210126892
1346.548722,0.2726408275566769
1346.789776,0.2838810405144686
1347.03083,0.2903697988180951
1347.271883,0.29337606343083966
1347.512937,0.29188365438520397
1347.753991,0.2894710462280245
1347.995045,0.28820017159914846
1348.236099,0.285932359894248
1348.477152,0.2832005429409609
1348.718206,0.2810844840089159
1348.95926,0.2804948259501581
1349.200314,0.28339885272134513
1349.441368,0.28722195492640357
1349.682422,0.2908638472983106
1349.923475,0.2970068727128105
1350.164529,0.30473888006455646
1350.405583,0.3125783878940906
1350.646637,0.32455508622604246
1350.887691,0.3383075114244174
1351.128744,0.3505682042990016
1351.369798,0.3672913047002141
1351.610852,0.3861265938282064
1351.851906,0.4045418851030188
1352.09296,0.4257257156739011
1352.334013,0.44648476508410223
1352.575067,0.46617694808971566
1352.816121,0.4892459258883499
1353.057175,0.5150403664158817
1353.298229,0.5383103642131888
1353.539283,0.5601279719615837
1353.780336,0.5848323815921181
1354.02139,0.6054217235913866
1354.262444,0.6254461774622924
1354.503498,0.646359130567587
1354.744552,0.6613646017838342
1354.985605,0.6811382385278756
1355.226659,0.7015030721836216
1355.467713,0.7149376091682799
1355.708767,0.7334469562242892
1355.949821,0.7489597763833282
1356.190874,0.7558668822399449
1356.431928,0.7684728847270498
1356.672982,0.7798528741302296
1356.914036,0.787525128173246
1357.15509,0.8018209102334325
1357.396143,0.8107139498255741
1357.637197,0.8103249005089636
1357.878251,0.8130765633550148
1358.119305,0.8184688011515404
1358.360359,0.822711242113737
1358.601413,0.8237320368158756
1358.842466,0.8239791934985691
1359.08352,0.828705859863779
1359.324574,0.8313536525407144
1359.565628,0.828200503438642
1359.806682,0.8271741712718289
1360.047735,0.8303898414222911
1360.288789,0.830472884558521
1360.529843,0.8307552933460443
1360.770897,0.8307552933460443
1361.011951,0.8190828830043139
1361.253004,0.8273230760236835
1361.494058,0.8299581509540007
1361.735112,0.8241769722375081
1361.976166,0.8244325067046977
1362.21722,0.8250263118537263
1362.458274,0.8148021141068481
1362.699327,0.8134913381609111
1362.940381,0.8057594742951204
1363.181435,0.788226337529198
1363.422489,0.8015964318070135
1363.663543,0.8014040717475103
1363.904596,0.7949548169246224
1364.14565,0.792858904030268
1364.386704,0.787367638897064
1364.627758,0.778730694154977
1364.868812,0.7753738335956236
1365.109865,0.7681809205075685
1365.350919,0.7606210563524112
1365.591973,0.7588964047746117
1365.833027,0.7531280594282493
1366.074081,0.7467311984800036
1366.315135,0.7413221483877835
1366.556188,0.7324647954975996
1366.797242,0.7262216556082645
1367.038296,0.7174155777094748
1367.27935,0.7051110294417734
1367.520404,0.6991010384887918
1367.761457,0.6931422734984555
1368.002511,0.6818333539797881
1368.243565,0.6695697078518976
1368.484619,0.6566264443848616
1368.725673,0.6479122554853506
1368.966726,0.6399661465775749
1369.20778,0.6291031784767404
1369.448834,0.6190557164055539
1369.689888,0.6100038563192053
1369.930942,0.598618966081589
1370.171996,0.5892586839389927
1370.413049,0.579453419461436
1370.654103,0.567082774010568
1370.895157,0.5564989472513239
1371.136211,0.54592154720437
1371.377265,0.5361024489900822
1371.618318,0.5273609765139882
1371.859372,0.5148652824572599
1372.100426,0.5031836832980074
1372.34148,0.49412833899440406
1372.582534,0.48507585413284227
1372.823587,0.4773286650980498
1373.064641,0.4663354752001478
1373.305695,0.4577921586232243
1373.546749,0.44694488131131777
1373.787803,0.43680430448927915
1374.028857,0.4362062923239961
1374.26991,0.43159829328353927
1374.510964,0.4251428707833397
1374.752018,0.4196433899154872
1374.993072,0.40927826489863217
1375.234126,0.40690318358767524
1375.475179,0.40634610791013054
1375.716233,0.40329377999353055
1375.957287,0.4001323146287885
1376.198341,0.3964481562198929
1376.439395,0.39374176631774155
1376.680448,0.39078411774705846
1376.921502,0.3877168398458577
1377.162556,0.38559796258974244
1377.40361,0.38349066502366147
1377.644664,0.38100224937556115
1377.885717,0.37710938037275865
1378.126771,0.37684926465054563
1378.367825,0.37569035455312894
1378.608879,0.3715952703210754
1378.849933,0.37032288193741203
1379.090987,0.36829906287330283
1379.33204,0.36465630468960103
1379.573094,0.36465630468960103
1379.814148,0.36516718104617285
1380.055202,0.3625474198004838
1380.296256,0.3606670663734925
1380.537309,0.3624024298324904
1380.778363,0.36516718104617285
1381.019417,0.3676587797117972
1381.260471,0.37032288193741203
1381.501525,0.3724844451578181
1381.742578,0.37581811099104073
1381.983632,0.3759459108735266
1382.224686,0.3714652347340182
1382.46574,0.3689293930495211
1382.706794,0.3654228875597436
1382.947848,0.3628012918391912
1383.188901,0.36316427459215833
1383.429955,0.3625474198004838
1383.671009,0.36429183065230286
1383.912063,0.3666674399175364
1384.153117,0.3664108625221595
1384.39417,0.36740150862138576
1384.635224,0.3695608020124405
1384.876278,0.37095667580484193
1385.117332,0.3731256696985113
1385.358386,0.3772376193614781
1385.599439,0.38100224937556115
1385.840493,0.3862578991907547
1386.081547,0.39011644792610234
1386.322601,0.39078411774705846
1386.563655,0.39903346237791004
1386.804709,0.40690318358767524
1387.045762,0.4152103581777691
1387.286816,0.43056369938893735
1387.52787,0.4353086322691077
1387.768924,0.4371014324283818
1388.009978,0.44832359367287555
1388.251031,0.4614091972897476
1388.492085,0.4690621515590945
1388.733139,0.4815958510278642
1388.974193,0.4914279215982613
1389.215247,0.5030126299264072
1389.4563,0.5134564825206323
1389.697354,0.5221449748821237
1389.938408,0.5329913946865513
1390.179462,0.5434975936160716
1390.420516,0.553457673720745
1390.66157,0.5622436399442119
1390.902623,0.5713690247801779
1391.143677,0.579847581786672
1391.384731,0.5888581242396469
1391.625785,0.5980027059749625
1391.866839,0.606251719770271
1392.107892,0.6152479018232531
1392.348946,0.6241653261196857
1392.59,0.633858205620026
1392.831054,0.6428267700397684
1393.072108,0.6476855258759269
1393.313161,0.6528094495652788
1393.554215,0.6645401375629211
1393.795269,0.6679646673720483
1394.036323,0.6790367698120763
1394.277377,0.6799676877198824
1394.51843,0.6874679972358488
1394.759484,0.6893542425242224
1395.000538,0.7010192020182195
1395.241592,0.7029426285227011
1395.482646,0.6986258113781492
1395.7237,0.699338773254498
1395.964753,0.7122260015708426
1396.205807,0.716168359998342
1396.446861,0.71832727429796
1396.687915,0.7232936386962617
1396.928969,0.7268174015883335
1397.170022,0.729708601907948
1397.411076,0.7265194675343369
1397.65213,0.7186505943129414
1397.893184,0.7273918141986951
1398.134238,0.7316156289466418
1398.375291,0.7313157280226642
1398.616345,0.7339752281878563
1398.857399,0.7364381683236514
1399.098453,0.706324864010892
1399.339507,0.7219784414663519
1399.580561,0.7210909539000916
1399.821614,0.7160179804331495
1400.062668,0.7133522081222116
1400.303722,0.7097162760569489
1400.544776,0.7012575890704081
1400.78583,0.6979065972512896
1401.026883,0.6955168783335615
1401.267937,0.6886445731968668
1401.508991,0.6804370273279527
1401.750045,0.6720987498993409
1401.991099,0.6645401375629211
1402.232152,0.6579739092754701
1402.473206,0.6470252234510184
1402.71426,0.637341283503711
1402.955314,0.630394162799435
1403.196368,0.618628715293559
1403.437422,0.6070828538231863
1403.678475,0.5963664212943177
1403.919529,0.5846335723818578
1404.160583,0.5701989180485595
1404.401637,0.5570668657667246
1404.642691,0.5457359654290102
1404.883744,0.5187568514033072
1405.124798,0.5136310874058377
1405.365852,0.5078597257236234
1405.606906,0.495147292534543
1405.84796,0.48441175522430324
1406.089013,0.47244686188106416
1406.330067,0.45999024327301125
1406.571121,0.44940086250319783
1406.812175,0.43665144973385045
1407.053229,0.42528744393544915
1407.294283,0.4145009551777139
1407.535336,0.40178024261417644
1407.77639,0.39024911006968366
1408.017444,0.3795685750695375
1408.258498,0.3676587797117972
1408.499552,0.35625803260154915
1408.740605,0.34510726404430936
1408.981659,0.33233891581200065
1409.222713,0.3213578433381384
1409.463767,0.31148627584740707
1409.704821,0.29843593270201196
1409.945874,0.28653344877244785
1410.186928,0.27725988490160886
1410.427982,0.26535147792619546
1410.669036,0.2541577860271889
1410.91009,0.24433867592664815
1411.151143,0.232422138084972
1411.392197,0.22077747172844706
1411.633251,0.21114714898794906
1411.874305,0.20107043689433457
1412.115359,0.19092015022439984
1412.356413,0.1823002911875704
1412.597466,0.17346143169719042
1412.83852,0.16437580150269057
1413.079574,0.15582838086063242
1413.320628,0.14837684372696586
1413.561682,0.14211765615202926
1413.802735,0.1356876128029852
1414.043789,0.13166427071710138
1414.284843,0.13049765783564865
1414.525897,0.12823381522125588
1414.766951,0.12399674050160123
1415.008004,0.1195405063230262
1415.249058,0.11492218865742215
1415.490112,0.11112495389958868
1415.731166,0.10827294191552385
1415.97222,0.10437135693886483
1416.213274,0.1016926754156156
1416.454327,0.09948981518564427
1416.695381,0.09666537566002788
1416.936435,0.09512152446237093
1417.177489,0.09308893057460738
1417.418543,0.0900761369651699
1417.659596,0.08986021344831698
1417.90065,0.08989616472347198
1418.141704,0.08876170251458677
1418.382758,0.08925123686384358
1418.623812,0.09060915703627266
1418.864865,0.08918878285949064
1419.105919,0.09344334146500832
1419.346973,0.08773801562827475
1419.588027,0.09453359547389979
1419.829081,0.09286578502300014
1420.070135,0.09515006520060629
1420.311188,0.09430698688384259
1420.552242,0.0938929476957505
1420.793296,0.092680239060765
1421.03435,0.09050954176197816
1421.275404,0.08888605592518359
1421.516457,0.08541786568571288
1421.757511,0.08111397618264682
1421.998565,0.07579673963422354
1422.239619,0.07003220999361975
1422.480673,0.06991325637585369
1422.721726,0.07798022578577782
1422.96278,0.08952834499380558
1423.203834,0.09847032945383845
1423.444888,0.10524124423988433
1423.685942,0.10995325038789501
1423.926996,0.11235407617135425
1424.168049,0.11374456528576828
1424.409103,0.11351730349274367
1424.650157,0.11200631783913442
1424.891211,0.10939391632513283
1425.132265,0.10705634439346201
1425.373318,0.10542030651490174
1425.614372,0.10387157486212363
1425.855426,0.10249922924427451
1426.09648,0.10144890563536393
1426.337534,0.10076139326830373
1426.578587,0.10055001636586886
1426.819641,0.10113490098656526
1427.060695,0.102386542081408
1427.301749,0.10373662954826172
1427.542803,0.10628830696648502
1427.783857,0.10961292309154728
1428.02491,0.11265784207645106
1428.265964,0.11715001335841992
1428.507018,0.12265251536604524
1428.748072,0.1287220307410985
1428.989126,0.13564691262447634
1429.230179,0.14298722333809288
1429.471233,0.15089063139397393
1429.712287,0.1570643005242974
1429.953341,0.16546426978680895
1430.194395,0.17647077448035237
1430.435448,0.18730817948195702
1430.676502,0.19710868536806264
1430.917556,0.20686269809929433
1431.15861,0.21844959009746057
1431.399664,0.22861863797400267
1431.640717,0.24091767532754574
1431.881771,0.2565068266770852
1432.122825,0.2706848635185634
1432.363879,0.28379588897568375
1432.604933,0.2980184147270063
1432.845987,0.30999472431080527
1433.08704,0.3197230905001759
1433.328094,0.3281448999528107
1433.569148,0.3297237817574635
1433.810202,0.3275875275236895
1434.051256,0.32103664612017563
1434.292309,0.3076784607243986
1434.533363,0.29978192060058895
1434.774417,0.30370452726851654
1435.015471,0.32158287257952084
1435.256525,0.34687180685044616
1435.497578,0.36615446466811247
1435.738632,0.3840164072859631
1435.979686,0.40219026753880527
1436.22074,0.41620805980044623
1436.461794,0.41294122850881765
1436.702848,0.39862665575293343
1436.943901,0.4356090988744312
1437.184955,0.4314515748073772
1437.426009,0.44025991965121536
1437.667063,0.4420731114778014
1437.908117,0.44282970319998843
1438.14917,0.4470968684073058
1438.390224,0.44755761542574596
1438.631278,0.4506339093692279
1438.872332,0.4546624515837681
1439.113386,0.45669477482982485
1439.354439,0.4607774995012486
1439.595493,0.4668160481922082
1439.836547,0.47244686188106416
1440.077601,0.479457510826444
1440.318655,0.4887422620161072
1440.559709,0.49803745198304067
1440.800762,0.5095995794396174
1441.041816,0.5221449748821237
1441.28287,0.5329913946865513
1441.523924,0.5468613402558956
1441.764978,0.5612830248798651
1442.006031,0.5737221839015364
1442.247085,0.5892586839389927
1442.488139,0.6035598933730999
1442.729193,0.6163008757715132
1442.970247,0.6312583946661259
1443.2113,0.6432640408986379
1443.452354,0.6546006002128715
1443.693408,0.6679646673720483
1443.934462,0.6785751817663261
1444.175516,0.690534046724041
1444.41657,0.7046317169264776
1444.657623,0.7137161105355817
1444.898677,0.7223250743034814
1445.139731,0.7325893250975503
1445.380785,0.7407145133905022
1445.621839,0.7508044854951521
1445.862892,0.7622886418054018
1446.103946,0.7697880975464091
1446.345,0.7794474560535173
1446.586054,0.7910690661857386
1446.827108,0.7963710966137266
1447.068161,0.8006350930074854
1447.309215,0.8051231756814724
1447.550269,0.8103492106206286
1447.791323,0.7886363218113882
1448.032377,0.8061947019121203
1448.27343,0.8186652572376042
1448.514484,0.8259921575481476
1448.755538,0.8260747608940009
1448.996592,0.8307303710610799
1449.237646,0.8334596402327215
1449.4787,0.8353537426089034
1449.719753,0.8395997405935794
1449.960807,0.8407760034222677
1450.201861,0.8431672011655789
1450.442915,0.8427625780263416
1450.683969,0.8472495496824883
1450.925022,0.8545074994893462
1451.166076,0.8524932395521624
1451.40713,0.8537217141065162
1451.648184,0.8556190816105134
1451.889238,0.8486486653925008
1452.130291,0.8508835489661771
1452.371345,0.8543024422973161
1452.612399,0.8559186007018604
1452.853453,0.8595897830388851
1453.094507,0.8615604992508876
1453.335561,0.8587907361550513
1453.576614,0.8566807073436353
1453.817668,0.8580267524230633
1454.058722,0.8586791006158184
1454.299776,0.8566807073436353
1454.54083,0.8560041968416663
1454.781883,0.8668060756998112
1455.022937,0.8662081858033139
1455.263991,0.8521097038963587
1455.505045,0.8639589697681292
1455.746099,0.8654376034779486
1455.987152,0.8721969678660518
1456.228206,0.8874704978892652
1456.46926,0.8682895821257587
1456.710314,0.8276292421990619
1456.951368,0.9031108279859065
1457.192422,0.8489627234958623
1457.433475,0.8583271143466819
1457.674529,0.8587907361550513
1457.915583,0.8613279093171439
1458.156637,0.8419875930023307
1458.397691,0.8474529139771514
1458.638744,0.8555934134230898
1458.879798,0.8619138114796381
1459.120852,0.8406583030210089
1459.361906,0.8592632009758522
1459.60296,0.8668320802721489
1459.844013,0.862301759976669
1460.085067,0.8660609429277264
1460.326121,0.8668320802721489
1460.567175,0.8664507580538691
1460.808229,0.8684632574091332
1461.049283,0.8688541538200635
1461.290336,0.8685848507765076
1461.53139,0.8690887761141792
1461.772444,0.8710551379000663
1462.013498,0.8731219868254257
1462.254552,0.8716563733475927
1462.495605,0.8691843811377317
1462.736659,0.8731831075037023
1462.977713,0.8759379709242991
1463.218767,0.8761482212663528
1463.459821,0.8806632167216217
1463.700874,0.8819852027883819
1463.941928,0.8843167199722809
1464.182982,0.8803550385300987
1464.424036,0.8893895059472984
1464.66509,0.8879942599776425
1464.906143,0.8721010314761848
1465.147197,0.8763234684347387
1465.388251,0.8791849446137896
1465.629305,0.8845909006512819
1465.870359,0.8875326229984709
1466.111413,0.8950729998099347
1466.352466,0.8935169269662366
1466.59352,0.8966407489399882
1466.834574,0.901441617449951
1467.075628,0.8998114838383251
1467.316682,0.898759320038083
1467.557735,0.9026774388101965
1467.798789,0.9053125824001601
1468.039843,0.905715536149888
1468.280897,0.9094775183691544
1468.521951,0.9114732796446641
1468.763004,0.9108181658982137
1469.004058,0.9109739291219584
1469.245112,0.9141313581189293
1469.486166,0.91814862554604
1469.72722,0.9190920485492667
1469.968274,0.9169539739225508
1470.209327,0.9171740692866795
1470.450381,0.9230360387579326
1470.691435,0.9214249025354797
1470.932489,0.9271239606243079
1471.173543,0.9352578615143586
1471.414596,0.9169227980174308
1471.65565,0.945112793887458
1471.896704,0.9285537600251251
1472.137758,0.939077752206556
1472.378812,0.9227831615290754
1472.619865,0.9506968851479294
1472.860919,0.9341053992101283
1473.101973,0.9633514312071617
1473.343027,0.9632522111196696
1473.584081,0.9670578124004884
1473.825135,0.9375989312860521
1474.066188,0.9545473785625186
1474.307242,0.9516099923790157
1474.548296,0.9510553654429199
1474.78935,0.9606491741338025
1475.030404,0.9588084148702514
1475.271457,0.9604186459964934
1475.512511,0.9664709864280618
1475.753565,0.9727822638485694
1475.994619,0.9498834368197975
1476.235673,0.9366037297665691
1476.476726,0.9608797576045043
1476.71778,0.9692458345902928
1476.958834,0.9721822423174523
1477.199888,0.9704086573188861
1477.440942,0.9748896440305078
1477.681996,0.9760865677862904
1477.923049,0.9747268510535466
1478.164103,0.9795098357941755
1478.405157,0.9790192242748902
1478.646211,0.9754250053883267
1478.887265,0.9796704885804141
1479.128318,0.9822513953299107
1479.369372,0.9809664694209059
1479.610426,0.9842788873329544
1479.85148,0.9843802732796364
1480.092534,0.9802574869915466
1480.333587,0.9817564653594936
1480.574641,0.9867229283317264
1480.815695,0.987625205366013
1481.056749,0.9798419459179951
1481.297803,0.9784398164157675
1481.538857,0.9825470975008491
1481.77991,0.9859900654882369
1482.020964,0.9874198006861241
1482.262018,0.9839954558294981
1482.503072,0.9848853899111673
1482.744126,0.9888980861898051
1482.985179,0.9876222424948412
1483.226233,0.9891156677018555
1483.467287,0.9905394354065306
1483.708341,0.9891760055978726
1483.949395,0.9902747986264382
1484.190448,0.9899557834824203
1484.431502,0.9914865464498727
1484.672556,0.9938634062777034
1484.91361,0.9917480359280438
1485.154664,0.9907769952454273
1485.395717,0.9926521285804394
1485.636771,0.993900875634413
1485.877825,0.9881606433178987
1486.118879,0.9874869475155371
1486.359933,0.9979229600390096
1486.600987,0.9933324275635376
1486.84204,0.992631779420383
1487.083094,0.9918907587390738
1487.324148,0.9729680830061291
1487.565202,0.986087683336724
1487.806256,0.9922883882348045
1488.047309,0.9941221425954283
1488.288363,0.9938871598969681
1488.529417,0.9938089440553179
1488.770471,0.9887260328918791
1489.011525,0.9822641646810505
1489.252578,0.9864831837902832
1489.493632,0.9937987078759105
1489.734686,0.9771168825107582
1489.97574,0.9935945032241886
1490.216794,0.9919689228104865
1490.457848,1.0
1490.698901,0.9744724805422174
1490.939955,0.9868916723796759
1491.181009,0.9895321730661855
1491.422063,0.9918466205823913
1491.663117,0.9892066705293501
1491.90417,0.9952670359412799
1492.145224,0.9975640717002209
1492.386278,0.9955806939985367
1492.627332,0.9961435552563923
1492.868386,0.9955806939985367
1493.109439,1.0
1493.350493,1.0
1493.591547,1.0
1493.832601,1.0
1494.073655,1.0
1494.314709,1.0
1494.555762,1.0
1494.796816,1.0
1495.03787,1.0
1495.278924,1.0
1495.519978,1.0
1495.761031,1.0
1496.002085,1.0
1496.243139,1.0
1496.484193,1.0
1496.725247,1.0
1496.9663,1.0
1497.207354,1.0
1497.448408,1.0
1497.689462,1.0
1497.930516,1.0
1498.17157,1.0
1498.412623,1.0
1498.653677,1.0
1498.894731,1.0
1499.135785,1.0
1499.376839,1.0
1499.617892,1.0
1499.858946,1.0
1500.1,1.0
