nu,[0]FluoroetherE-1-HITRAN(x-sec)-X=0.01-T=298.0K-P=0.0atm-L=15cm
449.8149,1.0
450.297017,1.0
450.779133,1.0
451.26125,1.0
451.743367,1.0
452.225483,1.0
452.7076,1.0
453.189717,1.0
453.671833,1.0
454.15395,1.0
454.636067,1.0
455.118183,1.0
455.6003,1.0
456.082417,1.0
456.564533,1.0
457.04665,1.0
457.528767,1.0
458.010883,1.0
458.493,1.0
458.975117,1.0
459.457233,1.0
459.93935,1.0
460.421467,1.0
460.903584,1.0
461.3857,1.0
461.867817,1.0
462.349934,1.0
462.83205,1.0
463.314167,1.0
463.796284,1.0
464.2784,1.0
464.760517,1.0
465.242634,1.0
465.72475,1.0
466.206867,1.0
466.688984,1.0
467.1711,1.0
467.653217,1.0
468.135334,1.0
468.61745,1.0
469.099567,1.0
469.581684,1.0
470.0638,1.0
470.545917,1.0
471.028034,1.0
471.51015,1.0
471.992267,1.0
472.474384,1.0
472.9565,1.0
473.438617,1.0
473.920734,1.0
474.40285,1.0
474.884967,1.0
475.367084,1.0
475.8492,1.0
476.331317,1.0
476.813434,1.0
477.29555,1.0
477.777667,1.0
478.259784,1.0
478.7419,1.0
479.224017,1.0
479.706134,1.0
480.188251,1.0
480.670367,1.0
481.152484,1.0
481.634601,1.0
482.116717,1.0
482.598834,1.0
483.080951,1.0
483.563067,1.0
484.045184,1.0
484.527301,1.0
485.009417,1.0
485.491534,1.0
485.973651,1.0
486.455767,1.0
486.937884,1.0
487.420001,1.0
487.902117,1.0
488.384234,1.0
488.866351,1.0
489.348467,1.0
489.830584,1.0
490.312701,1.0
490.794817,1.0
491.276934,1.0
491.759051,1.0
492.241167,1.0
492.723284,1.0
493.205401,1.0
493.687517,1.0
494.169634,1.0
494.651751,1.0
495.133867,1.0
495.615984,1.0
496.098101,1.0
496.580217,1.0
497.062334,1.0
497.544451,1.0
498.026567,1.0
498.508684,1.0
498.990801,1.0
499.472917,1.0
499.955034,1.0
500.437151,0.9999960459078174
500.919268,0.9999944346154868
501.401384,0.9999943592159093
501.883501,0.9999958782084946
502.365618,0.9999972173038717
502.847734,0.9999977252025873
503.329851,0.9999980266019471
503.811968,0.9999980582018853
504.294084,0.9999977860024509
504.776201,0.9999983109014265
505.258318,0.9999987338008016
505.740434,0.999998906400598
506.222551,0.9999990983504065
506.704668,0.9999968916048311
507.186784,0.9999974093033559
507.668901,0.9999999149390036
508.151018,0.9999975964028887
508.633134,0.999997474903188
509.115251,0.9999988845006221
509.597368,0.9999996986400455
510.079484,0.9999987775007473
510.561601,0.9999988675006413
511.043718,0.9999999076480043
511.525834,0.9999988699006386
512.007951,0.999998386301302
512.490068,0.9999993656802012
512.972184,0.9999993097902382
513.454301,0.9999991518203597
513.936418,0.9999997472500319
514.418534,0.999999985418
514.900651,0.9999999295210025
515.382768,0.9999990084304916
515.864884,0.9999969208047408
516.347001,0.9999959681081281
516.829118,0.9999969135047633
517.311234,0.9999991566803555
517.793351,0.9999988675006413
518.275468,0.999999300070245
518.757584,0.9999986342009327
519.239701,0.9999977228025928
519.721818,0.9999983717013257
520.203935,0.9999992927702501
520.686051,0.9999999319510023
521.168168,0.9999994531801495
521.650285,0.999998959800541
522.132401,0.9999997715500261
522.614518,0.9999980169019663
523.096635,0.9999970131044608
523.578751,0.9999983595013456
524.060868,0.9999990740504286
524.542985,0.9999975211030725
525.025101,0.9999966559055915
525.507218,0.999997914802174
525.989335,0.9999998323100141
526.471451,0.9999987508007803
526.953568,0.9999991469603638
527.435685,0.9999991639703495
527.917801,0.9999980217019568
528.399918,0.999997669302716
528.882035,0.9999977690024887
529.364151,0.9999975065031088
529.846268,0.9999965951057966
530.328385,0.9999960702077216
530.810501,0.9999958441086357
531.292618,0.9999946703142029
531.774735,0.9999926288271672
532.256851,0.9999916178351306
532.738968,0.9999920188318497
533.221085,0.9999924976281429
533.703201,0.9999928670254398
534.185318,0.9999919653322781
534.667435,0.9999894450557039
535.149551,0.99998829106855
535.631668,0.9999883710676165
536.113785,0.9999868350866582
536.595901,0.999985321107736
537.078018,0.9999860860967993
537.560135,0.9999865480904777
538.042251,0.9999852891082063
538.524368,0.9999841641253888
539.006485,0.9999833721382444
539.488601,0.9999827621485735
539.970718,0.9999835031360748
540.452835,0.9999854761054727
540.934952,0.9999868540864083
541.417068,0.9999862420946408
541.899185,0.9999849271135971
542.381302,0.9999851651100381
542.863418,0.9999871340827666
543.345535,0.9999894380557778
543.827652,0.9999905485446653
544.309768,0.9999899020509846
544.791885,0.9999882520690074
545.274002,0.9999870710835792
545.756118,0.9999874840783248
546.238235,0.9999888380622949
546.720352,0.9999893580566259
547.202468,0.9999889060615382
547.684585,0.9999886970638787
548.166702,0.9999883810675003
548.648818,0.9999873160804416
549.130935,0.9999863900926156
549.613052,0.9999868300867241
550.095168,0.9999887480633035
550.577285,0.9999900624493778
551.059402,0.9999893890562964
551.541518,0.9999885260658261
552.023635,0.9999888930616825
552.505752,0.9999899140508636
552.987868,0.9999906238439564
553.469985,0.9999899940500598
553.952102,0.9999888230624624
554.434218,0.9999888330623508
554.916335,0.9999893820563708
555.398452,0.9999895980541006
555.880568,0.9999898610513995
556.362685,0.9999899000510049
556.844802,0.9999891750585901
557.326918,0.9999882400691485
557.809035,0.9999877200753989
558.291152,0.9999872290815489
558.773268,0.9999866060896992
559.255385,0.9999866210894984
559.737502,0.9999877830746272
560.219619,0.9999893310569136
560.701735,0.9999897780522444
561.183852,0.9999890050604447
561.665969,0.9999886600642975
562.148085,0.9999900381496195
562.630202,0.9999916737346636
563.112319,0.9999916154351507
563.594435,0.9999914550365084
564.076552,0.9999925243279429
564.558669,0.9999933603220428
565.040785,0.9999934697213224
565.522902,0.9999935499208018
566.005019,0.9999943155161567
566.487135,0.9999959827080693
566.969252,0.9999975478030066
567.451369,0.9999983304013937
567.933485,0.9999986633008934
568.415602,0.9999985491010526
568.897719,0.9999977447025432
569.379835,0.9999971128041679
569.861952,0.9999978346023445
570.344069,0.9999992052803158
570.826185,0.999999735090035
571.308302,0.9999993972801816
571.790419,0.99999921257031
572.272535,0.999999776410025
572.754652,0.999999504210123
573.236769,0.9999994313001617
573.718885,0.9999997934200213
574.201002,0.9999999586840008
574.683119,0.9999998639000093
575.165235,0.9999998080000184
575.647352,0.999999234450293
576.129469,0.9999996500300612
576.611585,0.9999990740504286
577.093702,0.9999983328013897
577.575819,0.9999980922018199
578.057935,0.9999979512020988
578.540052,0.9999980217019568
579.022169,0.999997965802069
579.504285,0.999997917202169
579.986402,0.9999983304013937
580.468519,0.9999990862004176
580.950636,0.9999999756970003
581.432752,0.999999482340134
581.914869,0.9999997594000289
582.396986,0.9999985151011025
582.879102,0.9999977398025542
583.361219,0.9999971808039739
583.843336,0.9999963764065652
584.325452,0.9999956594094204
584.807569,0.9999955063100967
585.289686,0.99999547231025
585.771802,0.9999951928115546
586.253919,0.9999952438113107
586.736036,0.9999961431074378
587.218152,0.9999974725031942
587.700269,0.9999981432017239
588.182386,0.9999976280028132
588.664502,0.9999966194057143
589.146619,0.9999963934065038
589.628736,0.9999969985045045
590.110852,0.9999971735039945
590.592969,0.9999970544043383
591.075086,0.9999970350043956
591.557202,0.9999963375067069
592.039319,0.9999954188104937
592.521436,0.999995294911069
593.003552,0.9999951928115546
593.485669,0.9999947408138296
593.967786,0.9999945439148845
594.449902,0.9999940967174245
594.932019,0.9999930395242242
595.414136,0.9999922521300149
595.896252,0.9999920139318889
596.378369,0.9999916664347244
596.860486,0.9999909932405611
597.342602,0.999990424545845
597.824719,0.9999901475485358
598.306836,0.9999900843491604
598.788952,0.9999905144449882
599.271069,0.9999909835406485
599.753186,0.9999895470546324
600.235303,0.9999864480918279
600.717419,0.99998468211732
601.199536,0.9999848031154738
601.681653,0.9999851651100381
602.163769,0.9999853521072815
602.645886,0.9999859070993059
603.128003,0.9999865140909356
603.610119,0.9999863610930108
604.092236,0.9999859890981536
604.574353,0.9999864580916925
605.056469,0.9999875180778999
605.538586,0.9999880310716281
606.020703,0.9999875080780247
606.502819,0.9999872310815233
606.984936,0.9999884970661592
607.467053,0.9999903540465225
607.949169,0.9999912727380827
608.431286,0.9999915959353144
608.913403,0.9999919265325906
609.395519,0.9999919580323368
609.877636,0.9999919921320631
610.359753,0.9999924733283255
610.841869,0.9999931756232862
611.323986,0.9999939582182517
611.806103,0.9999946581142679
612.288219,0.9999948817130985
612.770336,0.9999947213139323
613.252453,0.9999948234133986
613.734569,0.9999953070110121
614.216686,0.9999957882088696
614.698803,0.9999963326067249
615.180919,0.9999969451046662
615.663036,0.999997338803541
616.145153,0.999997462703219
616.627269,0.9999975356030366
617.109386,0.9999977033026374
617.591503,0.9999976839026822
618.073619,0.9999970642043094
618.555736,0.9999963958064951
619.037853,0.9999965854058297
619.519969,0.9999972950036585
620.002086,0.9999975648029651
620.484203,0.9999974141033434
620.96632,0.9999970472043596
621.448436,0.999996359406627
621.930553,0.9999959754080987
622.41267,0.9999960629077503
622.894786,0.9999956837093152
623.376903,0.9999944370154734
623.85902,0.9999931538234351
624.341136,0.9999927455263138
624.823253,0.9999924490285087
625.30537,0.9999912557382313
625.787486,0.9999898490515212
626.269603,0.9999888470621945
626.75172,0.9999877490750432
627.233836,0.9999864610916519
627.715953,0.9999856881024162
628.19807,0.9999854811054002
628.680186,0.9999850491117657
629.162303,0.9999839941280954
629.64442,0.9999827351490392
630.126536,0.9999819941621071
630.608653,0.9999819011637859
631.09077,0.9999818531646558
631.572886,0.999981600169279
632.055003,0.999981369173556
632.53712,0.9999810871788497
633.019236,0.9999807591851069
633.501353,0.9999804551910023
633.98347,0.9999803271935122
634.465586,0.9999807081860894
634.947703,0.9999811041785283
635.42982,0.9999808641830921
635.911936,0.9999806621869779
636.394053,0.9999814491720688
636.87617,0.9999831191424833
637.358286,0.9999848371149577
637.840403,0.9999858650998986
638.32252,0.9999864220921806
638.804636,0.9999871650823683
639.286753,0.9999878220741515
639.76887,0.9999882930685267
640.250987,0.9999890710597213
640.733103,0.9999898610513995
641.21522,0.9999903759463115
641.697337,0.9999910880397117
642.179453,0.9999919629322974
642.66157,0.9999919726322195
643.143687,0.9999909883406053
643.625803,0.9999901839481777
644.10792,0.9999897930520912
644.590037,0.9999889060615382
645.072153,0.9999875860770534
645.55427,0.9999869610850074
646.036387,0.9999868840860143
646.518503,0.9999862780941462
647.00062,0.9999855421045164
647.482737,0.9999854741055019
647.964853,0.9999855661041697
648.44697,0.999985532104661
648.929087,0.9999861690956479
649.411203,0.9999873890795183
649.89332,0.9999879890721318
650.375437,0.9999872650810898
650.857553,0.9999857751011748
651.33967,0.9999851291105728
651.821787,0.999985836100309
652.303903,0.999986798087146
652.78602,0.9999874640785753
653.268137,0.9999881640700452
653.750253,0.9999891000594048
654.23237,0.9999901329486797
654.714487,0.9999912533382522
655.196603,0.9999923056296018
655.67872,0.9999928548255269
656.160837,0.9999931902231867
656.642953,0.9999939922180467
657.12507,0.999995047012266
657.607187,0.9999956521094521
658.089303,0.9999958028088082
658.57142,0.999995647309473
659.053537,0.999995647309473
659.535653,0.9999961844072794
660.01777,0.9999961965072333
660.499887,0.9999953484108187
660.982004,0.9999947845136007
661.46412,0.9999945148150436
661.946237,0.9999939072185611
662.428354,0.9999932850225456
662.91047,0.9999929642247511
663.392587,0.999992565627635
663.874704,0.9999919070327482
664.35682,0.9999909106413085
664.838937,0.9999892510577703
665.321054,0.9999873360801881
665.80317,0.9999860330975381
666.285287,0.9999852071094159
666.767404,0.9999849201137027
667.24952,0.9999855911038091
667.731637,0.9999860890967575
668.213754,0.9999853941066671
668.69587,0.9999841451256899
669.177987,0.9999827621485735
669.660104,0.999981564169942
670.14222,0.9999813251743768
670.624337,0.9999820231615852
671.106454,0.9999827931480396
671.58857,0.9999830901429733
672.070687,0.999983209140968
672.552804,0.9999836931329584
673.03492,0.9999845721190109
673.517037,0.9999852211092088
673.999154,0.9999856441030469
674.48127,0.9999869590850334
674.963387,0.9999892340579531
675.445504,0.999991100139604
675.92762,0.9999922035303926
676.409737,0.9999932388228568
676.891854,0.9999941453171387
677.37397,0.9999946217144631
677.856087,0.9999948866130735
678.338204,0.9999952414113221
678.82032,0.9999958028088082
679.302437,0.9999962767069315
679.784554,0.9999961431074378
680.266671,0.9999955258100092
680.748787,0.9999954699102609
681.230904,0.999996415306425
681.713021,0.9999972294038381
682.195137,0.9999973266035735
682.677254,0.9999974457032622
683.159371,0.9999979853020295
683.641487,0.9999982526015267
684.123604,0.9999977908024403
684.605721,0.9999973898034066
685.087837,0.9999977763024724
685.569954,0.999998167501679
686.052071,0.9999979512020988
686.534187,0.9999977276025819
687.016304,0.999997436003287
687.498421,0.9999968211050527
687.980537,0.9999964785062004
688.462654,0.9999966437056323
688.944771,0.9999965830058379
689.426887,0.9999958150087571
689.909004,0.999994862313198
690.391121,0.9999945901146334
690.873237,0.99999499601252
691.355354,0.9999950810120982
691.837471,0.9999942766163786
692.319587,0.9999930857239037
692.801704,0.9999922497300335
693.283821,0.9999919313325518
693.765937,0.9999915011361156
694.248054,0.9999902836472041
694.730171,0.9999884150671059
695.212287,0.999986356093079
695.694404,0.9999842301243458
696.176521,0.9999817801659832
696.658637,0.9999787032267795
697.140754,0.9999744823255814
697.622871,0.9999689404823568
698.104987,0.9999629626858982
698.587104,0.9999570809210501
699.069221,0.9999509812014605
699.551337,0.9999447355271373
700.033454,0.9999391708501678
700.515571,0.9999347721274302
700.997688,0.9999312243651525
701.479804,0.9999281135839523
701.961921,0.9999250758069576
702.444038,0.9999219650448855
702.926154,0.9999192682589824
703.408271,0.9999174934038564
703.890388,0.9999165464824386
704.372504,0.9999159875292453
704.854621,0.9999153065866896
705.336738,0.999914334669484
705.818854,0.9999137517195968
706.300971,0.9999142376777982
706.783088,0.999915816543626
707.265204,0.999918538318183
707.747321,0.9999223780127423
708.229438,0.9999267766809581
708.711554,0.999931394353475
709.193671,0.9999361820364528
709.675788,0.999940871748144
710.157904,0.9999449305163797
710.640021,0.999947968353693
711.122138,0.9999505442229772
711.604254,0.9999534600830156
712.086371,0.999956521945198
712.568488,0.9999595118196685
713.050604,0.9999624517049549
713.532721,0.9999656115912949
714.014838,0.9999691354763192
714.496954,0.999972950365848
714.979071,0.9999769462657414
715.461188,0.9999809681811074
715.943304,0.9999845191198301
716.425421,0.9999873310802514
716.907538,0.9999895250548626
717.389654,0.9999914112368836
717.871771,0.9999931343235688
718.353888,0.9999945439148845
718.836004,0.9999953338108867
719.318121,0.999995734809096
719.800238,0.999996235407086
720.282355,0.9999969354046959
720.764471,0.9999976329028015
721.246588,0.9999982234015782
721.728705,0.9999987314008046
722.210821,0.9999991202203871
722.692938,0.9999993340902217
723.175055,0.9999995771200895
723.657171,0.9999998444600121
724.139288,0.9999998007100198
724.621405,0.9999995649700947
725.103521,0.9999995528201
725.585638,0.9999997739800256
726.067755,0.9999999125080038
726.549871,0.9999994774801365
727.031988,0.9999992441702856
727.514105,0.9999994191501687
727.996221,0.9999997326600357
728.478338,0.9999999659750006
728.960455,0.9999998371700133
729.442571,0.9999999319510023
729.924688,0.9999998687600086
730.406805,0.999999550390101
730.888921,0.9999994726201391
731.371038,0.9999997642600278
731.853155,0.9999999197990033
732.335271,0.9999997958500209
732.817388,0.9999997812700239
733.299505,0.9999997812700239
733.781621,0.9999994337301603
734.263738,0.9999991809803354
734.745855,0.9999994118601729
735.227971,0.9999996816300507
735.710088,0.9999996378800655
736.192205,0.9999993049302416
736.674321,0.9999988480006635
737.156438,0.999998566101028
737.638555,0.9999985151011025
738.120671,0.9999981214017646
738.602788,0.9999969645046072
739.084905,0.9999955890097284
739.567021,0.9999949741126298
740.049138,0.9999948404133107
740.531255,0.9999936253203183
741.013372,0.9999909543409122
741.495488,0.9999880820710191
741.977605,0.9999855471044441
742.459722,0.9999826091512226
742.941838,0.9999785992289998
743.423955,0.9999734853515195
743.906072,0.9999679935122185
744.388188,0.999962646697652
744.870305,0.9999570089241427
745.352422,0.9999511031954877
745.834538,0.9999454404884243
746.316655,0.9999398508090351
746.798772,0.9999337511945491
747.280888,0.9999268016791278
747.763005,0.9999197052237981
748.245122,0.9999138727091681
748.727238,0.9999091341285534
749.209355,0.9999026217415704
749.691472,0.9998946755470097
750.173588,0.999891295908718
750.655705,0.9998937056496449
751.137822,0.9998973252714107
751.619938,0.9999010178990514
752.102055,0.9999051484986882
752.584172,0.9999082352106459
753.066288,0.9999099850515886
753.548405,0.9999118558849208
754.030522,0.9999153305846573
754.512638,0.9999206291500325
754.994755,0.9999271656525499
755.476872,0.999934675133762
755.958988,0.9999428886309163
756.441105,0.9999511511931418
756.923222,0.9999584908615281
757.405338,0.9999647606209215
757.887455,0.9999706904295339
758.369572,0.999976280281317
758.851688,0.99998087318292
759.333805,0.9999844341211496
759.815922,0.9999875930769665
760.298039,0.999990546044689
760.780155,0.9999926871267392
761.262272,0.9999938561188737
761.744389,0.9999947408138296
762.226505,0.9999955865097395
762.708622,0.9999962111071778
763.190739,0.999996816305068
763.672855,0.9999973704034574
764.154972,0.9999976231028248
764.637089,0.9999978006024187
765.119205,0.9999984373012211
765.601322,0.9999994118601729
766.083439,0.9999997909900219
766.565555,0.9999994483201522
767.047672,0.9999997423900332
767.529789,0.9999994556101481
768.011905,0.9999987897007324
768.494022,0.9999988675006413
768.976139,0.9999995722600915
769.458255,0.9999998371700133
769.940372,0.9999999003570049
770.422489,0.9999995552500989
770.904605,0.9999990351604655
771.386722,0.9999986439009195
771.868839,0.9999984981011278
772.350955,0.9999987119008296
772.833072,0.9999989452005563
773.315189,0.9999989817005185
773.797305,0.9999990521704492
774.279422,0.9999992441702856
774.761539,0.999999353530209
775.243655,0.9999993219402299
775.725772,0.9999994726201391
776.207889,0.9999998396000128
776.690005,0.9999998930700057
777.172122,0.9999996281600692
777.654239,0.9999993316602234
778.136355,0.9999993583902058
778.618472,0.9999995455301033
779.100589,0.9999996281600692
779.582705,0.9999995601100967
780.064822,0.9999993583902058
780.546939,0.9999993268002266
781.029056,0.9999996305900682
781.511172,0.9999996986400455
781.993289,0.9999992927702501
782.475406,0.9999991226503848
782.957522,0.9999995625400957
783.439639,0.9999997472500319
783.921756,0.999999389990186
784.403872,0.9999996014300794
784.885989,0.9999998468900118
785.368106,0.9999996354500664
785.850222,0.999999910078004
786.332339,0.9999994993501253
786.814456,0.999999550390101
787.296572,0.9999994458901535
787.778689,0.9999991299403785
788.260806,0.9999989695005309
788.742922,0.9999988675006413
789.225039,0.9999985005011243
789.707156,0.9999980363019281
790.189272,0.9999978054024081
790.671389,0.9999977374025597
791.153506,0.9999977106026207
791.635622,0.9999977033026374
792.117739,0.9999975235030665
792.599856,0.999997103104196
793.081972,0.9999966316056731
793.564089,0.9999962524070223
794.046206,0.999995912208355
794.528322,0.9999956497094625
795.010439,0.9999955379099551
795.492556,0.9999954845101948
795.974672,0.9999952487112874
796.456789,0.9999947991135246
796.938906,0.9999941988168269
797.421022,0.9999934600213858
797.903139,0.9999926483270237
798.385256,0.9999918025335994
798.867372,0.999991124439388
799.349489,0.9999906481437288
799.831606,0.9999898560514502
800.313723,0.999988461066574
800.795839,0.9999870780834886
801.277956,0.9999862320947784
801.760073,0.9999854861053276
802.242189,0.9999843681221791
802.724306,0.9999831821414218
803.206423,0.9999820301614595
803.688539,0.9999806811866107
804.170656,0.9999792672149271
804.652773,0.9999780032419322
805.134889,0.9999768492679824
805.617006,0.9999754543012506
806.099123,0.9999737523444757
806.581239,0.9999720763898713
807.063356,0.9999705444338237
807.545473,0.9999689164831025
808.027589,0.9999672155374223
808.509706,0.99996539259885
808.991823,0.9999635456644754
809.473939,0.999962184715016
809.956056,0.9999613097484871
810.438173,0.9999603137875186
810.920289,0.9999589768414728
811.402406,0.9999579078858979
811.884523,0.9999578108899856
812.366639,0.9999586368554785
812.848756,0.9999597058118326
813.330873,0.9999606047760122
813.812989,0.9999616497353901
814.295106,0.9999629866850096
814.777223,0.9999644446321071
815.259339,0.9999660735755141
815.741456,0.9999681385075881
816.223573,0.9999705204345309
816.705689,0.9999732183586345
817.187806,0.9999761002856027
817.669923,0.9999789172222449
818.152039,0.9999817871658557
818.634156,0.9999849511132356
819.116273,0.999988026071688
819.598389,0.9999902811472283
820.080506,0.99999172233426
820.562623,0.9999928694254226
821.04474,0.9999939679181931
821.526856,0.9999948501132607
822.008973,0.9999954820102062
822.49109,0.9999960264078948
822.973206,0.9999965611059131
823.455323,0.9999971201041469
823.93744,0.9999976231028248
824.419556,0.9999980290019425
824.901673,0.9999983814013099
825.38379,0.9999985855010004
825.865906,0.9999984908011389
826.348023,0.9999983061014347
826.83014,0.9999982769014846
827.312256,0.9999986171009562
827.794373,0.9999988626006469
828.27649,0.999998605000973
828.758606,0.9999982502015309
829.240723,0.999998561201035
829.72284,0.9999992879102535
830.204956,0.9999996208700719
830.687073,0.9999994337301603
831.16919,0.9999990230104773
831.651306,0.9999987435007894
832.133423,0.9999989452005563
832.61554,0.9999994045701772
833.097656,0.9999996062900776
833.579773,0.9999995382401066
834.06189,0.9999998031400193
834.544006,0.9999996257300701
835.026123,0.999999375410195
835.50824,0.9999995965700814
835.990356,0.9999998979300052
836.472473,0.9999996451700629
836.95459,0.9999999052170044
837.436706,0.9999999270900026
837.918823,0.9999998541800106
838.40094,0.9999996597500579
838.883056,0.9999996111500756
839.365173,0.9999996062900776
839.84729,0.9999995941400823
840.329407,0.99999953095011
840.811523,0.9999996354500664
841.29364,0.999999776410025
841.775757,0.9999995431001044
842.257873,0.9999993729801966
842.73999,0.9999995722600915
843.222107,0.9999996864900491
843.704223,0.9999996427400638
844.18634,0.9999997132200411
844.668457,0.9999999829880002
845.150573,0.9999997375200345
845.63269,0.9999999149390036
846.114807,0.99999985904001
846.596923,0.9999993146502348
847.07904,0.9999993511002105
847.561157,0.9999999659750006
848.043273,0.9999997326600357
848.52539,0.999999703500044
849.007507,0.999999703500044
849.489623,0.9999998201600162
849.97174,0.9999999197990033
850.453857,0.9999998031400193
850.935973,0.9999995455301033
851.41809,0.9999993292302249
851.900207,0.9999992879102535
852.382323,0.9999994483201522
852.86444,0.999999703500044
853.346557,0.9999999441020015
853.828673,0.9999999684060005
854.31079,0.9999998760500077
854.792907,0.9999996524600604
855.275023,0.999999703500044
855.75714,0.9999999465330014
856.239257,0.9999995795500883
856.721373,0.9999994142901715
857.20349,0.9999996014300794
857.685607,0.9999999392420018
858.167723,0.9999997180800397
858.64984,0.9999998760500077
859.131957,0.9999998833400068
859.614073,0.9999995139301181
860.09619,0.9999990862004176
860.578307,0.9999988966006087
861.060424,0.9999992028503177
861.54254,0.9999998517500109
862.024657,0.9999998298800145
862.506774,0.9999998517500109
862.98889,0.9999993365202201
863.471007,0.9999993559602074
863.953124,0.9999998784800074
864.43524,0.9999990716204309
864.917357,0.999998955000546
865.399474,0.9999992052803158
865.88159,0.9999993608202042
866.363707,0.9999995795500883
866.845824,0.9999999465330014
867.32794,0.9999997399500338
867.810057,0.9999995625400957
868.292174,0.9999994580401469
868.77429,0.9999992611802729
869.256407,0.9999989744005259
869.738524,0.999998984100516
870.22064,0.9999991639703495
870.702757,0.9999988480006635
871.184874,0.9999983960012864
871.66699,0.9999983595013456
872.149107,0.9999984932011352
872.631224,0.9999987703007561
873.11334,0.9999991153603913
873.595457,0.9999992198603043
874.077574,0.9999993097902382
874.55969,0.9999993438102153
875.041807,0.999999018150482
875.523924,0.9999986196009527
876.00604,0.9999986439009195
876.488157,0.9999988772006303
876.970274,0.9999988262006889
877.45239,0.9999984665011759
877.934507,0.9999980800018432
878.416624,0.9999979853020295
878.89874,0.9999982818014761
879.380857,0.9999985151011025
879.862974,0.9999982988014471
880.345091,0.9999978078024029
880.827207,0.999997268303731
881.309324,0.9999970617043168
881.791441,0.9999974822031696
882.273557,0.9999977471025377
882.755674,0.9999970666043024
883.237791,0.9999961868072702
883.719907,0.9999958830084749
884.202024,0.9999957542090134
884.684141,0.9999955015101183
885.166257,0.9999952536112642
885.648374,0.9999948477132731
886.130491,0.9999943422160054
886.612607,0.9999940238178574
887.094724,0.9999936957198721
887.576841,0.9999931732233025
888.058957,0.9999925389278339
888.541074,0.9999917879337192
889.023191,0.9999910880397117
889.505307,0.99999066514357
889.987424,0.9999904172459149
890.469541,0.999989951050491
890.951657,0.9999890470599839
891.433774,0.9999879820722158
891.915891,0.9999870150843048
892.398007,0.9999859530986587
892.880124,0.999984635118041
893.362241,0.9999834301372816
893.844357,0.9999824891533167
894.326474,0.9999810681792092
894.808591,0.999978861223427
895.290707,0.9999765772743163
895.772824,0.9999745543237467
896.254941,0.9999723193831154
896.737057,0.9999697184584951
897.219174,0.9999671665390298
897.701291,0.9999650766098358
898.183407,0.9999632296760449
898.665524,0.9999608727654902
899.147641,0.9999576158982314
899.629757,0.9999547000260748
900.111874,0.9999531930954774
900.593991,0.9999522941379608
901.076108,0.9999513461836353
901.558224,0.9999506652170005
902.040341,0.9999503012350245
902.522458,0.9999496692666339
903.004574,0.999948988301141
903.486691,0.9999490862961466
903.968808,0.9999501552422912
904.450924,0.9999515161753786
904.933041,0.9999528771103182
905.415158,0.9999549180162232
905.897274,0.9999576648961558
906.379391,0.9999603617856148
906.861508,0.9999628406904243
907.343624,0.9999653685996808
907.825741,0.9999680175114507
908.307858,0.9999705444338237
908.789974,0.9999729993645238
909.272091,0.9999757482940774
909.754208,0.9999785842293208
910.236324,0.9999810821789442
910.718441,0.9999832721399122
911.200558,0.9999852091093863
911.682674,0.9999868370866319
912.164791,0.999988463066551
912.646908,0.9999902252477733
913.129024,0.9999915716355189
913.611141,0.9999922837297706
914.093258,0.9999927941259624
914.575374,0.9999934576214015
915.057491,0.9999941332172096
915.539608,0.9999947140139709
916.021724,0.9999951807116128
916.503841,0.9999955476099119
916.985958,0.999995936508256
917.468074,0.9999963958064951
917.950191,0.9999968430049834
918.432308,0.9999970472043596
918.914424,0.9999970058044826
919.396541,0.999996971804585
919.878658,0.9999969645046072
920.360775,0.999997020404439
920.842891,0.9999972148038787
921.325008,0.9999973169035995
921.807125,0.9999972975036517
922.289241,0.9999974311032996
922.771358,0.9999975308030484
923.253475,0.999997462703219
923.735591,0.9999976742027047
924.217708,0.999998240401548
924.699825,0.9999987241008139
925.181941,0.9999990254404749
925.664058,0.9999993583902058
926.146175,0.9999997788400244
926.628291,0.9999999246600029
927.110408,0.9999999756970003
927.592525,0.9999997812700239
928.074641,0.9999997521100307
928.556758,0.9999997618300284
929.038875,0.9999995844100864
929.520991,0.9999996962100461
930.003108,0.9999998420300125
930.485225,0.9999994288701631
930.967341,0.9999993049302416
931.449458,0.9999994240101658
931.931575,0.9999995892700844
932.413691,0.9999997375200345
932.895808,0.9999998371700133
933.377925,0.9999997909900219
933.860041,0.9999997107900418
934.342158,0.9999997107900418
934.824275,0.9999997326600357
935.306391,0.9999996646100563
935.788508,0.9999995552500989
936.270625,0.9999995917100833
936.752741,0.9999997472500319
937.234858,0.9999997909900219
937.716975,0.9999996864900491
938.199091,0.9999996062900776
938.681208,0.999999674340053
939.163325,0.9999998420300125
939.645441,0.9999999805570002
940.127558,0.9999999270900026
940.609675,0.99999985904001
941.091792,0.9999997934200213
941.573908,0.9999997496800314
942.056025,0.9999997059300433
942.538142,0.9999995844100864
943.020258,0.9999994604701455
943.502375,0.9999994993501253
943.984492,0.9999995965700814
944.466608,0.9999995066401217
944.948725,0.9999993170802332
945.430842,0.9999992879102535
945.912958,0.9999993875601876
946.395075,0.999999370550198
946.877192,0.9999992976402466
947.359308,0.9999992587502747
947.841425,0.9999991761203394
948.323542,0.9999990983504065
948.805658,0.9999991105003956
949.287775,0.9999990740504286
949.769892,0.9999989695005309
950.252008,0.9999989161005874
950.734125,0.9999988091007092
951.216242,0.9999987946007265
951.698358,0.9999990400204608
952.180475,0.9999991396603701
952.662592,0.9999987775007473
953.144708,0.9999983644013376
953.626825,0.9999983522013576
954.108942,0.9999985831010038
954.591058,0.9999986293009394
955.073175,0.9999984810011536
955.555292,0.9999984349012248
956.037408,0.999998449501202
956.519525,0.9999982745014887
957.001642,0.9999980655018711
957.483758,0.9999980193019616
957.965875,0.9999978662022766
958.447992,0.9999974870031576
958.930108,0.9999972124038854
959.412225,0.9999972076038988
959.894342,0.9999972003039191
960.376459,0.9999968552049449
960.858575,0.9999964274063817
961.340692,0.999996286506895
961.822809,0.9999962281071136
962.304925,0.999995912208355
962.787042,0.9999954237104712
963.269159,0.9999951685116717
963.751275,0.9999951393118132
964.233392,0.9999949182129123
964.715509,0.999994388415745
965.197625,0.9999938245190684
965.679742,0.9999933336222204
966.161859,0.9999927868260151
966.643975,0.9999921403308873
967.126092,0.9999914112368836
967.608209,0.9999907891424202
968.090325,0.9999903176468743
968.572442,0.9999896910531375
969.054559,0.9999887180636415
969.536675,0.9999875930769665
970.018792,0.9999864530917602
970.500909,0.9999853041079857
970.983025,0.9999841031263567
971.465142,0.9999828201475753
971.947259,0.999981410172793
972.429375,0.9999799402012004
972.911492,0.9999784112330408
973.393609,0.9999765672745506
973.875725,0.999974360328702
974.357842,0.9999720273912407
974.839959,0.9999697914562873
975.322075,0.9999676045247448
975.804192,0.999964979613228
976.286309,0.9999618687270154
976.768425,0.9999583938655592
977.250542,0.9999544810360195
977.732659,0.9999501312434877
978.214775,0.9999454894857521
978.696892,0.9999404827712205
979.179009,0.9999350151116093
979.661125,0.9999293284973483
980.143242,0.9999235939190932
980.625359,0.9999176883877866
981.107476,0.9999114669192846
981.589592,0.9999049785148273
982.071709,0.9998980551967247
982.553826,0.9998906459795868
983.035942,0.9998826268887626
983.518059,0.9998737279729836
984.000176,0.9998641092339867
984.482292,0.9998537306983976
984.964409,0.9998423324308379
985.446526,0.9998298144831983
985.928642,0.9998163568644653
986.410759,0.9998022395571748
986.892876,0.9997876625467887
987.374992,0.999772645848873
987.857109,0.9997571694881026
988.339226,0.9997414434315123
988.821342,0.9997258975729363
989.303459,0.999711071747809
989.785576,0.9996974657727115
990.267692,0.9996858093682175
990.749809,0.9996760924693746
991.231926,0.9996685549400539
991.714042,0.9996634566434244
992.196159,0.9996607875455584
992.678276,0.9996607875455584
993.160392,0.9996636965626828
993.642509,0.9996692846983655
994.124626,0.9996765723140142
994.606742,0.9996865391391248
995.088859,0.9996986854043637
995.570976,0.9997137509770715
996.053092,0.999731725991909
996.535209,0.9997521407221874
997.017326,0.9997743954525341
997.499442,0.9997969906091957
997.981559,0.9998191763505672
998.463676,0.9998404327322109
998.945792,0.9998601897743606
999.427909,0.99987792745146
999.910026,0.9998936056602793
1000.392143,0.9999073602913229
1000.874259,0.9999193652511561
1001.356376,0.9999297904648048
1001.838493,0.9999386118843275
1002.320609,0.9999460724541424
1002.802726,0.999952367134481
1003.284843,0.9999576398972145
1003.766959,0.9999619657233214
1004.249076,0.9999655145946352
1004.731193,0.9999685274952697
1005.213309,0.9999710554189025
1005.695426,0.9999731213612371
1006.177543,0.9999748463163592
1006.659659,0.9999763292801559
1007.141776,0.9999776242503409
1007.623893,0.9999787642254823
1008.106009,0.9999797512050096
1008.588126,0.999980628187636
1009.070243,0.9999814761715682
1009.552359,0.9999823221562549
1010.034476,0.9999830221441254
1010.516593,0.9999836151342334
1010.998709,0.9999843221228992
1011.480826,0.9999850001124995
1011.962943,0.999985554104343
1012.445059,0.9999861110964517
1012.927176,0.9999866020897528
1013.409293,0.9999870070844087
1013.891409,0.9999875350776878
1014.373526,0.9999883200682109
1014.855643,0.9999891070593285
1015.337759,0.9999896010540694
1015.819876,0.9999898780512273
1016.301993,0.9999902034479865
1016.784109,0.9999905339448034
1017.266226,0.9999907648426444
1017.748343,0.999990944641
1018.230459,0.9999911050395603
1018.712576,0.999991297037871
1019.194693,0.9999915546356622
1019.676809,0.9999918171334798
1020.158926,0.9999920407316751
1020.641043,0.9999921938304683
1021.12316,0.999992286129752
1021.605276,0.9999924004288769
1022.087393,0.9999925195279789
1022.56951,0.9999925340278705
1023.051626,0.9999925146280155
1023.533743,0.9999926628269172
1024.01586,0.9999929399249224
1024.497976,0.9999931246236355
1024.980093,0.9999930809239369
1025.46221,0.9999928330256829
1025.944326,0.9999926021273644
1026.426443,0.9999925924274362
1026.90856,0.9999926531269884
1027.390676,0.9999926240272026
1027.872793,0.9999926823267743
1028.35491,0.9999929861245973
1028.837026,0.9999932826225617
1029.319143,0.9999933117223666
1029.80126,0.999993127023619
1030.283376,0.9999929593247857
1030.765493,0.999992949624854
1031.24761,0.9999930298242918
1031.729726,0.999993110023736
1032.211843,0.999993105223769
1032.69396,0.9999929982245126
1033.176076,0.9999928719254049
1033.658193,0.9999928840253187
1034.14031,0.9999929836246149
1034.622426,0.9999929909245637
1035.104543,0.9999929448248879
1035.58666,0.9999930055244615
1036.068776,0.9999931416235188
1036.550893,0.9999932826225617
1037.03301,0.9999933701219778
1037.515126,0.9999932534227582
1037.997243,0.9999930444241901
1038.47936,0.9999930274243085
1038.961476,0.9999930614240721
1039.443593,0.9999929156250943
1039.92571,0.9999926677268812
1040.407827,0.9999925024281069
1040.889943,0.9999924393285821
1041.37206,0.999992385828988
1041.854177,0.9999922618299398
1042.336293,0.9999921695306583
1042.81841,0.9999921233310212
1043.300527,0.9999920747314051
1043.782643,0.9999920237318106
1044.26476,0.9999919337325325
1044.746877,0.9999915716355189
1045.228993,0.9999910442401031
1045.71111,0.9999907623426674
1046.193227,0.9999904999451258
1046.675343,0.9999901475485358
1047.15746,0.9999896710533439
1047.639577,0.9999892360579317
1048.121693,0.9999886670642182
1048.60381,0.9999876520762362
1049.085927,0.999986973084851
1049.568043,0.9999858411002381
1050.05016,0.9999848321150335
1050.532277,0.9999840471272484
1051.014393,0.9999835131359098
1051.49651,0.9999827111494539
1051.978627,0.9999818501647103
1052.460743,0.9999808681830156
1052.94286,0.999979831203393
1053.424977,0.999978698226886
1053.907093,0.9999776002508781
1054.38921,0.9999765402751837
1054.871327,0.9999753323042526
1055.353443,0.9999738983406542
1055.83556,0.9999723193831154
1056.317677,0.9999707874266955
1056.799793,0.9999693054710866
1057.28191,0.9999676775223826
1057.764027,0.9999657575862848
1058.246143,0.9999636676600354
1058.72826,0.9999615047409615
1059.210377,0.9999592928285594
1059.692493,0.9999569359272839
1060.17461,0.9999543840404396
1060.656727,0.9999516131706804
1061.138844,0.9999487213147967
1061.62096,0.9999456104791636
1062.103077,0.9999421596728162
1062.585194,0.9999382719052572
1063.06731,0.9999340921720163
1063.549427,0.999929644475066
1064.031544,0.9999247598306835
1064.51366,0.9999194382452724
1064.995777,0.9999135327385091
1065.477894,0.9999071173138638
1065.96001,0.9999001669836473
1066.442127,0.9998924857800681
1066.924244,0.9998840067277398
1067.40636,0.9998747478447062
1067.888477,0.9998647091526323
1068.370594,0.9998539206706244
1068.85271,0.9998424524119249
1069.334827,0.9998303743880512
1069.816944,0.9998179365755572
1070.29906,0.9998052489664451
1070.781177,0.999792451541162
1071.263294,0.9997797442598578
1071.74541,0.9997674670399807
1072.227527,0.999756029765579
1072.709644,0.9997453324332913
1073.19176,0.9997361048264585
1073.673877,0.9997278370430589
1074.155994,0.9997207989838601
1074.63811,0.9997154504918928
1075.120227,0.9997115616063542
1075.602344,0.9997093722404317
1076.08446,0.9997086424528563
1076.566577,0.9997101020285398
1077.048694,0.999713501048665
1077.53081,0.9997190894627555
1078.012927,0.9997268673075272
1078.495044,0.999736584699904
1078.97716,0.9997480117543726
1079.459277,0.9997608585988644
1079.941394,0.9997745354209593
1080.423511,0.9997884623772387
1080.905627,0.9998020895868501
1081.387744,0.9998150171114448
1081.869861,0.999826615032911
1082.351977,0.9998364733719368
1082.834094,0.999844792046001
1083.316211,0.9998515910137034
1083.798327,0.9998568902411786
1084.280444,0.9998608996753474
1084.762561,0.9998637692802473
1085.244677,0.9998652190837639
1085.726794,0.9998653190702909
1086.208911,0.9998642992081855
1086.691027,0.9998622294912283
1087.173144,0.9998590299372132
1087.655261,0.9998546805598929
1088.137377,0.9998492613622103
1088.619494,0.9998427923584166
1089.101611,0.999835213578774
1089.583727,0.9998266850207765
1090.065844,0.9998172566995914
1090.547961,0.9998069986271617
1091.030077,0.9997963307433996
1091.512194,0.9997856929670336
1091.994311,0.9997751252881092
1092.476427,0.9997647976644073
1092.958544,0.99975505000515
1093.440661,0.9997460622476504
1093.922777,0.9997380443163831
1094.404894,0.9997309961880154
1094.887011,0.999724927839286
1095.369127,0.9997200691879432
1095.851244,0.9997166601483197
1096.333361,0.9997144807683761
1096.815477,0.9997142308397872
1097.297594,0.9997159303554242
1097.779711,0.9997193393925591
1098.261827,0.9997246779080853
1098.743944,0.999731965927552
1099.226061,0.9997409635557346
1099.708177,0.9997511609655696
1100.190294,0.9997614384603306
1100.672411,0.9997715760927143
1101.154528,0.9997809539940803
1101.636644,0.9997891922230827
1102.118761,0.9997963307433996
1102.600878,0.9998025994860459
1103.082994,0.9998079784385004
1103.565111,0.99981236760516
1104.047228,0.9998157969674623
1104.529344,0.9998183764955461
1105.011461,0.9998203861325025
1105.493578,0.9998219258570827
1105.975694,0.9998228656901348
1106.457811,0.9998230156635758
1106.939928,0.9998224057717223
1107.422044,0.9998211659927078
1107.904161,0.9998194662981703
1108.386278,0.9998176666247507
1108.868394,0.9998158269619366
1109.350511,0.9998137573453169
1109.832628,0.9998114977687786
1110.314744,0.9998093381782758
1110.796861,0.9998075385230868
1111.278978,0.9998062987625076
1111.761094,0.9998056688847378
1112.243211,0.9998055889002875
1112.725328,0.9998060588090247
1113.207444,0.9998070786117248
1113.689561,0.9998088682679973
1114.171678,0.9998114777725489
1114.653794,0.9998147571595741
1115.135911,0.9998186164519852
1115.618028,0.9998231356423449
1116.100144,0.9998281947602108
1116.582261,0.9998336838320675
1117.064378,0.999839512879436
1117.546494,0.9998456819082618
1118.028611,0.9998522509159712
1118.510728,0.999858979944263
1118.992844,0.9998655190433746
1119.474961,0.9998717382262448
1119.957078,0.9998777174771173
1120.439195,0.9998834767893567
1120.921311,0.999888866175821
1121.403428,0.9998937956400824
1121.885545,0.9998982951722867
1122.367661,0.9999024027629202
1122.849778,0.9999064123795945
1123.331895,0.9999103010231938
1123.814011,0.9999138977070152
1124.296128,0.9999171774299784
1124.778245,0.9999202641790695
1125.260361,0.9999232049488909
1125.742478,0.9999259017454113
1126.224595,0.9999283565665134
1126.706711,0.9999307134004273
1127.188828,0.9999329982447178
1127.670945,0.9999351371036886
1128.153061,0.9999369839855925
1128.635178,0.9999385388888115
1129.117295,0.999939996800264
1129.599411,0.9999414547138421
1130.081528,0.9999427186406398
1130.563645,0.9999437395826767
1131.045761,0.9999445655365466
1131.527878,0.9999451735030274
1132.009995,0.9999455864804693
1132.492111,0.9999459514606749
1132.974228,0.9999462664436992
1133.456345,0.9999463884371512
1133.938461,0.9999463154410675
1134.420578,0.9999461944475707
1134.902695,0.9999459514606749
1135.384811,0.9999453924910443
1135.866928,0.9999446385325026
1136.349045,0.9999437155840272
1136.831161,0.9999425726490134
1137.313278,0.9999412367266288
1137.795395,0.9999397538148743
1138.277511,0.9999380289202867
1138.759628,0.9999361330395812
1139.241745,0.9999341161704348
1139.723861,0.9999318803202507
1140.205978,0.9999293044990447
1140.688095,0.9999264367059119
1141.170212,0.9999234229321734
1141.652328,0.9999202151829778
1142.134445,0.9999167164682659
1142.616562,0.999912827799717
1143.098678,0.9999085991773098
1143.580795,0.9999041035983539
1144.062912,0.9998994150590044
1144.545028,0.9998944555702053
1145.027145,0.9998890361569427
1145.509262,0.999883006844233
1145.991378,0.9998765276233414
1146.473495,0.9998695985030144
1146.955612,0.9998621595008746
1147.437728,0.9998542406239302
1147.919845,0.999845781892835
1148.401962,0.9998368633082375
1148.884078,0.9998273449066064
1149.366195,0.9998171567178707
1149.848312,0.9998062687683191
1150.330428,0.9997947310705502
1150.812545,0.9997825836383635
1151.294662,0.9997698064985907
1151.776778,0.999756269707055
1152.258895,0.9997421732430324
1152.741012,0.9997271072420042
1153.223128,0.9997115616063542
1153.705245,0.9996952864346116
1154.187362,0.9996782717656316
1154.669478,0.9996602977118926
1155.151595,0.9996415942426938
1155.633712,0.9996221514027681
1156.115828,0.9996022391278391
1156.597945,0.9995815875589101
1157.080062,0.9995609364166381
1157.562178,0.9995402857010144
1158.044295,0.9995198852919701
1158.526412,0.9995006946944028
1159.008528,0.9994827138386436
1159.490645,0.9994666822644872
1159.972762,0.9994525998781447
1160.454879,0.9994411762002146
1160.936995,0.999432441122507
1161.419112,0.9994266044540938
1161.901229,0.9994234462710138
1162.383345,0.9994232064094154
1162.865462,0.9994261247294388
1163.347579,0.9994319514007307
1163.829695,0.9994404566028268
1164.311812,0.999452350015026
1164.793929,0.9994671720032815
1165.276045,0.999484173084471
1165.758162,0.9995033633648204
1166.240279,0.9995247429704168
1166.722395,0.9995473324848685
1167.204512,0.9995708920931441
1167.686629,0.9995951919568945
1168.168745,0.9996194824151869
1168.650862,0.9996428038097547
1169.132979,0.9996649161531366
1169.615095,0.9996860492928406
1170.097212,0.9997052434492503
1170.579329,0.9997229783775774
1171.061445,0.9997387741254219
1171.543562,0.9997533504230096
1172.025679,0.9997661373501338
1172.507795,0.9997776247290467
1172.989912,0.9997877325319275
1173.472029,0.9997966506782766
1173.954145,0.999804569099107
1174.436262,0.9998116177461656
1174.918379,0.9998176966192812
1175.400495,0.9998228456936776
1175.882612,0.999827044958448
1176.364729,0.9998303543914439
1176.846845,0.9998328839654405
1177.328962,0.9998347036629451
1177.811079,0.9998357734866504
1178.293195,0.9998361834194016
1178.775312,0.9998360634390668
1179.257429,0.9998353335590069
1179.739545,0.9998340937639619
1180.221662,0.9998323240591822
1180.703779,0.9998300644406831
1181.185896,0.9998272949152405
1181.668012,0.9998241854571885
1182.150129,0.9998208060571528
1182.632246,0.999817186712386
1183.114362,0.999813397412429
1183.596479,0.9998095581363544
1184.078596,0.9998055689041759
1184.560712,0.9998013197395376
1185.042829,0.9997967506579467
1185.524946,0.9997917416887734
1186.007062,0.999786202857867
1186.489179,0.9997801041806306
1186.971296,0.9997732757058383
1187.453412,0.9997654775047008
1187.935529,0.9997567495901796
1188.417646,0.9997470320018012
1188.899762,0.9997358548924635
1189.381879,0.9997232283083533
1189.863996,0.9997091323102111
1190.346112,0.9996938268805589
1190.828229,0.9996768222331885
1191.310346,0.9996581084582378
1191.792462,0.9996379455575337
1192.274579,0.9996160837147245
1192.756696,0.9995930028458212
1193.238812,0.9995687130309745
1193.720929,0.9995439340297154
1194.203046,0.9995184259940029
1194.685162,0.9994929186092472
1195.167279,0.9994676617423157
1195.649396,0.9994433649787872
1196.131512,0.9994202880979134
1196.613629,0.9993991605763417
1197.095746,0.9993797324455022
1197.577862,0.9993617537658341
1198.059979,0.999345973968324
1198.542096,0.9993338219951647
1199.024212,0.9993265368781566
1199.506329,0.9993226495054892
1199.988446,0.9993214403258148
1200.470563,0.9993219299934405
1200.952679,0.9993238686798652
1201.434796,0.9993292150768643
1201.916913,0.9993374695702718
1202.399029,0.9993479127013941
1202.881146,0.9993600548522968
1203.363263,0.9993736562352006
1203.845379,0.999387987356185
1204.327496,0.9994025585392642
1204.809613,0.9994171299347929
1205.291729,0.9994312218156726
1205.773846,0.9994448241671653
1206.255963,0.9994579369692781
1206.738079,0.9994705701974432
1207.220196,0.9994827138386436
1207.702313,0.9994943778699736
1208.184429,0.999505552279583
1208.666546,0.9995164769349726
1209.148663,0.9995271718184933
1209.630779,0.9995368872698204
1210.112896,0.9995458731468284
1210.595013,0.999554129429839
1211.077129,0.9995616660963881
1211.559246,0.9995679833460803
1212.041363,0.9995730811557948
1212.523479,0.9995767296041994
1213.005596,0.9995784288860842
1213.487713,0.9995774592954784
1213.969829,0.9995738108444103
1214.451946,0.9995665239778899
1214.934063,0.9995558386688617
1215.416179,0.9995410153656893
1215.898296,0.9995220642476952
1216.380413,0.9994987456699486
1216.862529,0.9994705701974432
1217.344646,0.999438027965468
1217.826763,0.9994018289756628
1218.308879,0.9993620036063039
1218.790996,0.999319981317577
1219.273113,0.9992765118438576
1219.755229,0.9992330442610192
1220.237346,0.9991912672007942
1220.719463,0.9991526591961409
1221.20158,0.9991186686008584
1221.683696,0.9990900142883478
1222.165813,0.9990681644286643
1222.64793,0.9990531085848725
1223.130046,0.9990453359819231
1223.612163,0.999044856440277
1224.09428,0.9990516499683988
1224.576396,0.9990654869295715
1225.058513,0.9990863676164508
1225.54063,0.9991142924706737
1226.022746,0.9991485327041797
1226.504863,0.9991881097613785
1226.98698,0.9992325546369475
1227.469096,0.9992806388643738
1227.951213,0.9993309139379739
1228.43333,0.999382640644755
1228.915446,0.999434140159101
1229.397563,0.9994836933321831
1229.87968,0.9995298405596048
1230.361796,0.9995711419858984
1230.843913,0.9996068473047832
1231.32603,0.9996362461744708
1231.808146,0.9996595679601415
1232.290263,0.9996768222331885
1232.77238,0.9996882386076859
1233.254496,0.9996943067337108
1233.736613,0.9996952864346116
1234.21873,0.9996916375534752
1234.700846,0.9996836200586923
1235.182963,0.9996709841375939
1235.66508,0.9996542197957593
1236.147196,0.9996328474170116
1236.629313,0.9996070972065263
1237.11143,0.9995767296041994
1237.593546,0.9995417450308969
1238.075663,0.9995021539664825
1238.55778,0.999457697099402
1239.039896,0.9994081452151812
1239.522013,0.999353259227029
1240.00413,0.9992932698514767
1240.486247,0.999227938193209
1240.968363,0.9991572752920896
1241.45048,0.999081272288969
1241.932597,0.9989999004332549
1242.414713,0.9989134906791431
1242.89683,0.9988229932164846
1243.378947,0.9987290083948781
1243.861063,0.9986326356956255
1244.34318,0.9985355733207438
1244.825297,0.9984395188188859
1245.307413,0.9983460692534324
1245.78953,0.9982577195358361
1246.271647,0.9981769637529412
1246.753763,0.9981060957043602
1247.23588,0.9980472091818832
1247.717997,0.9980013998663135
1248.200113,0.9979734562183301
1248.68223,0.997966670021901
1249.164347,0.9979819390287599
1249.646463,0.9980185656380164
1250.12858,0.9980743564351738
1250.610697,0.9981469190785068
1251.092813,0.9982332625213072
1251.57493,0.9983302955101511
1252.057047,0.9984339275732361
1252.539163,0.9985416644063189
1253.02128,0.9986509108400758
1253.503397,0.9987586710869163
1253.985513,0.9988625473901834
1254.46763,0.9989603408204832
1254.949747,0.9990514101960315
1255.431863,0.9991354239614242
1255.91398,0.9992124003195774
1256.396097,0.9992825774706937
1256.878213,0.9993462138113866
1257.36033,0.9994030482466378
1257.842447,0.9994535693476368
1258.324563,0.9994985057902783
1258.80668,0.9995383465947411
1259.288797,0.999573321053363
1259.770913,0.999604178358064
1260.25303,0.9996311480426155
1260.735147,0.9996549495436061
1261.217264,0.9996763323916656
1261.69938,0.9996950365108211
1262.181497,0.9997122913960605
1262.663614,0.9997278370430589
1263.14573,0.9997421732430324
1263.627847,0.9997552999439436
1264.109964,0.9997675670167323
1264.59208,0.999779224374526
1265.074197,0.9997902619980906
1265.556314,0.9998007298569329
1266.03843,0.9998107179161144
1266.520547,0.9998202161630513
1267.002664,0.9998292645769515
1267.48478,0.9998379131374951
1267.966897,0.9998461018435364
1268.449014,0.9998538306837756
1268.93113,0.9998612396281111
1269.413247,0.9998683086720643
1269.895364,0.999874967817175
1270.37748,0.9998812170552527
1270.859597,0.9998870663774817
1271.341714,0.999892515776843
1271.82383,0.9998974952539705
1272.305947,0.9999021107914613
1272.788064,0.9999063393864291
1273.27018,0.9999101790341445
1273.752297,0.999913653728054
1274.234414,0.9999169104521277
1274.71653,0.999919972202395
1275.198647,0.9999228159788398
1275.680764,0.9999253427869884
1276.16288,0.9999275786225545
1276.644997,0.9999295474818952
1277.127114,0.9999312723618523
1277.60923,0.9999327552610289
1278.091347,0.9999341161704348
1278.573464,0.9999353070926764
1279.05558,0.999936376024091
1279.537697,0.9999372999657293
1280.019814,0.9999379799233244
1280.501931,0.9999383928977955
1280.984047,0.9999386118843275
1281.466164,0.9999387088783775
1281.948281,0.9999386848798488
1282.430397,0.9999385388888115
1282.912514,0.9999383199022954
1283.394631,0.9999380289202867
1283.876747,0.9999375429505227
1284.358864,0.9999368619932878
1284.840981,0.9999361330395812
1285.323097,0.9999353800879565
1285.805214,0.9999345051448817
1286.287331,0.9999335812058258
1286.769447,0.999932731262643
1287.251564,0.9999317583285688
1287.733681,0.9999306654037542
1288.215797,0.999929644475066
1288.697914,0.9999286725439239
1289.180031,0.9999277976067182
1289.662147,0.9999268736738601
1290.144264,0.9999258287508231
1290.626381,0.9999246628379865
1291.108497,0.9999235449228384
1291.590614,0.9999224760051402
1292.072731,0.9999212850981805
1292.554847,0.9999199242062375
1293.036964,0.9999183933300054
1293.519081,0.9999165704804359
1294.001197,0.9999143586674283
1294.483314,0.9999117098978005
1294.965431,0.9999085751795036
1295.447547,0.9999048815240491
1295.929664,0.9999005799425015
1296.411781,0.9998956754421852
1296.893897,0.9998901560332903
1297.376014,0.9998839567335408
1297.858131,0.999876837585113
1298.340247,0.9998687486142169
1298.822364,0.9998599698051431
1299.304481,0.9998505911626122
1299.786597,0.9998405827082871
1300.268714,0.9998300644406831
1300.750831,0.9998193263234548
1301.232948,0.9998084383502763
1301.715064,0.9997975304997163
1302.197181,0.9997869027084539
1302.679298,0.9997768449028036
1303.161414,0.9997674170516085
1303.643531,0.9997588190887932
1304.125648,0.999751410903391
1304.607764,0.9997450924944403
1305.089881,0.999740713620525
1305.571998,0.9997378043792813
1306.054114,0.9997370745709505
1306.536231,0.9997382842535426
1307.018348,0.9997416933669044
1307.500464,0.9997470320018012
1307.982581,0.9997540802432218
1308.464698,0.9997622482674237
1308.946814,0.999771376138419
1309.428931,0.9997812939196624
1309.911048,0.9997918416679525
1310.393164,0.999802849436727
1310.875281,0.9998139473099488
1311.357398,0.9998248353431203
1311.839514,0.9998355335260936
1312.321631,0.9998459818620115
1312.803748,0.9998559903703823
1313.285864,0.999865369063558
1313.767981,0.9998739179490099
1314.250098,0.9998815970101873
1314.732214,0.9998884762192393
1315.214331,0.9998946955449034
1315.696448,0.9999001909812516
1316.178564,0.9999048575263323
1316.660681,0.9999088421551289
1317.142798,0.9999122688486025
1317.624914,0.999915136601102
1318.107031,0.9999174694058369
1318.589148,0.9999193162551084
1319.071264,0.9999208231346535
1319.553381,0.9999220620373208
1320.035498,0.9999231319544997
1320.517615,0.9999240548839763
1320.999731,0.9999248818215116
1321.481848,0.9999255857688762
1321.963965,0.9999262427202019
1322.446081,0.9999268256773713
1322.928198,0.9999273356401825
1323.410315,0.9999278216049857
1323.892431,0.999928283571746
1324.374548,0.9999285995491335
1324.856665,0.9999288915283272
1325.338781,0.9999292075059069
1325.820898,0.999929474487041
1326.303015,0.9999295714802047
1326.785131,0.9999296204767548
1327.267248,0.9999295474818952
1327.749365,0.9999293044990447
1328.231481,0.9999288665301053
1328.713598,0.999928210576984
1329.195715,0.9999273606383662
1329.677831,0.9999261937238172
1330.159948,0.9999247598306835
1330.642065,0.9999230829582674
1331.124181,0.9999210901135489
1331.606298,0.9999187573003668
1332.088415,0.999916060523115
1332.570531,0.9999129007933562
1333.052648,0.9999091581263729
1333.534765,0.9999048325287111
1334.016881,0.9999001189884404
1334.498998,0.9998949455186086
1334.981115,0.9998892761303402
1335.463231,0.9998832068208544
1335.945348,0.9998767675937369
1336.427465,0.99986988846524
1336.909581,0.9998625994403216
1337.391698,0.9998549405221436
1337.873815,0.9998471216870805
1338.355931,0.9998392229260192
1338.838048,0.9998312242442307
1339.320165,0.9998230856511894
1339.802281,0.9998150671021969
1340.284398,0.9998073185654525
1340.766515,0.9997997600506954
1341.248632,0.9997925715162633
1341.730748,0.9997859829049266
1342.212865,0.9997801041806306
1342.694982,0.9997749753218517
1343.177098,0.9997706762987006
1343.659215,0.999767247091162
1344.141332,0.9997649876197369
1344.623448,0.9997639678599696
1345.105565,0.9997639478646904
1345.587682,0.9997649176361901
1346.069798,0.9997670571354031
1346.551915,0.9997705263331105
1347.034032,0.9997753852296756
1347.516148,0.9997816638388096
1347.998265,0.9997891922230827
1348.480382,0.999797700465311
1348.962498,0.9998065887063763
1349.444615,0.9998151470874055
1349.926732,0.9998235255734439
1350.408848,0.9998326640022301
1350.890965,0.9998428223537007
1351.373082,0.9998533907481869
1351.855198,0.9998638592679906
1352.337315,0.9998739679427071
1352.819432,0.9998836667672354
1353.301548,0.9998929257328586
1353.783665,0.9999018438176334
1354.265782,0.9999103010231938
1354.747898,0.9999181503498654
1355.230015,0.9999252457942349
1355.712132,0.9999315643418265
1356.194248,0.9999372019718787
1356.676365,0.9999421596728162
1357.158482,0.9999463154410675
1357.640598,0.9999495962703107
1358.122715,0.999952221141446
1358.604832,0.9999544320382511
1359.086948,0.9999562069589433
1359.569065,0.9999575918992489
1360.051182,0.9999586848534942
1360.533299,0.9999595598177262
1361.015415,0.9999601677933234
1361.497532,0.9999605317788908
1361.979649,0.9999608727654902
1362.461765,0.9999613827456654
1362.943882,0.9999618687270154
1363.425999,0.9999623547086017
1363.908115,0.9999630836814241
1364.390232,0.9999640076477403
1364.872349,0.9999650036123878
1365.354465,0.9999659515796606
1365.836582,0.9999669725454184
1366.318699,0.9999681875060281
1366.800815,0.9999694994651508
1367.282932,0.9999707874266955
1367.765049,0.9999721973864998
1368.247165,0.9999736553470264
1368.729282,0.9999750893102763
1369.211399,0.9999765912739885
1369.693515,0.9999782172372478
1370.175632,0.999979887202265
1370.657749,0.9999814251725142
1371.139865,0.9999828271474551
1371.621982,0.9999840981264362
1372.104099,0.99998510511093
1372.586215,0.9999859280990101
1373.068332,0.999986709088325
1373.550449,0.9999874400788765
1374.032565,0.9999881910697259
1374.514682,0.9999888840617825
1374.996799,0.9999892600576736
1375.478915,0.999989484055293
1375.961032,0.9999898700513082
1376.443149,0.9999902957470865
1376.925265,0.9999905776443907
1377.407382,0.9999907623426674
1377.889499,0.9999908352419966
1378.371615,0.9999908279420636
1378.853732,0.9999909179412422
1379.335849,0.9999911852388502
1379.817965,0.9999915011361156
1380.300082,0.9999917393341194
1380.782199,0.9999918851329257
1381.264316,0.9999919605323166
1381.746432,0.999992038231695
1382.228549,0.9999921525307915
1382.710666,0.9999922230302408
1383.192782,0.9999922594299584
1383.674899,0.9999923445293033
1384.157016,0.9999924976281429
1384.639132,0.9999926337271311
1385.121249,0.999992777126085
1385.603366,0.9999930079244447
1386.085482,0.9999932170230045
1386.567599,0.9999932364228731
1387.049716,0.9999931003238028
1387.531832,0.9999930104244272
1388.013949,0.9999929642247511
1388.496066,0.9999929423249055
1388.978182,0.9999929812246318
1389.460299,0.9999930930238533
1389.942416,0.9999932874225295
1390.424532,0.9999934746212904
1390.906649,0.9999934770212747
1391.388766,0.9999933360222044
1391.870882,0.9999933360222044
1392.352999,0.9999935305209272
1392.835116,0.9999937055198104
1393.317232,0.9999937176197342
1393.799349,0.9999936301202877
1394.281466,0.9999935645207078
1394.763582,0.9999935961205049
1395.245699,0.9999937298196576
1395.727816,0.999993902318591
1396.209932,0.9999939947180317
1396.692049,0.9999939995180029
1397.174166,0.9999940457177268
1397.656282,0.9999940870174817
1398.138399,0.9999941162173095
1398.620516,0.9999941648170247
1399.102632,0.9999941891168832
1399.584749,0.9999941186172954
1400.066866,0.9999940627176257
1400.548983,0.9999939825181051
1401.031099,0.9999938391189783
1401.513216,0.9999937978192336
1401.995333,0.9999938926186501
1402.477449,0.9999939971180174
1402.959566,0.9999940044179736
1403.441683,0.9999938950186354
1403.923799,0.9999937711193996
1404.405916,0.9999938245190684
1404.888033,0.9999940579176543
1405.370149,0.9999943130161709
1405.852266,0.999994381115786
1406.334383,0.9999942766163786
1406.816499,0.999994252316518
1407.298616,0.9999943568159229
1407.780733,0.9999944102156229
1408.262849,0.999994373815827
1408.744966,0.9999942814163512
1409.227083,0.9999941308172238
1409.709199,0.999994079717525
1410.191316,0.9999941405171668
1410.673433,0.9999940603176399
1411.155549,0.9999938610188436
1411.637666,0.99999376621943
1412.119783,0.9999937298196576
1412.601899,0.9999936301202877
1413.084016,0.999993503721101
1413.566133,0.9999933676219943
1414.048249,0.9999932170230045
1414.530366,0.9999930663240381
1415.012483,0.9999929545248195
1415.494599,0.9999927795260678
1415.976716,0.9999925365278518
1416.458833,0.9999923518292474
1416.940949,0.999992184130544
1417.423066,0.9999919653322781
1417.905183,0.9999917588339586
1418.387299,0.9999915789354573
1418.869416,0.9999914039369464
1419.351533,0.9999911487391726
1419.833649,0.9999908012423089
1420.315766,0.999990426945822
1420.797883,0.9999900600494016
1421.28,0.999989620053872
1421.762116,0.9999890300601703
1422.244233,0.9999883710676165
1422.72635,0.9999877320752516
1423.208466,0.9999871100830757
1423.690583,0.9999864270921127
1424.1727,0.9999856641027599
1424.654816,0.9999848401149122
1425.136933,0.9999839621286081
1425.61905,0.9999829831447883
1426.101166,0.9999819481629364
1426.583283,0.9999809321817932
1427.0654,0.9999799472010601
1427.547516,0.9999789172222449
1428.029633,0.9999778942443358
1428.51175,0.999977002264452
1428.993866,0.9999762852811984
1429.475983,0.9999758012927934
1429.9581,0.9999755272994614
1430.440216,0.9999754543012506
1430.922333,0.9999756722959234
1431.40445,0.9999761002856027
1431.886566,0.9999766232732399
1432.368683,0.9999771872602145
1432.8508,0.9999778822446012
1433.332916,0.9999787882249729
1433.815033,0.9999798402032114
1434.29715,0.9999810021804608
1434.779266,0.9999823051565556
1435.261383,0.99998360313443
1435.7435,0.9999847591161435
1436.225616,0.9999858770997291
1436.707733,0.9999871140830241
1437.18985,0.9999884730664356
1437.671966,0.9999897370526644
1438.154083,0.9999907672426221
1438.6362,0.9999916178351306
1439.118316,0.9999923979288959
1439.600433,0.9999930687240214
1440.08255,0.9999935426208489
1440.564667,0.99999388771868
1441.046783,0.9999942061167846
1441.5289,0.9999944880151911
1442.011017,0.9999947359138553
1442.493133,0.9999949303128509
1442.97525,0.9999950664121702
1443.457367,0.999995173411648
1443.939483,0.9999952366113449
1444.4216,0.9999952997110464
1444.903717,0.99999538481065
1445.385833,0.999995479610217
1445.86795,0.9999956035096645
1446.350067,0.999995734809096
1446.832183,0.9999957591089926
1447.3143,0.9999956983092523
1447.796417,0.9999956959092626
1448.278533,0.9999958247087165
1448.76065,0.9999960118079528
1449.242767,0.9999961406074475
1449.724883,0.9999962063071961
1450.207,1.0
