nu,[0]Peroxynitricacid-HITRAN(x-sec)-X=0.01-T=220.0K-P=0.0001atm-L=15cm
780,0.9999845281196907
780.060265,0.9999799452011001
780.12053,0.999983199141136
780.180795,0.999973344355268
780.24106,0.9999771992599408
780.301325,0.9999866360892978
780.36159,0.9999855661041697
780.421855,0.9999855361046032
780.48212,0.999979975200499
780.542385,0.9999813481739475
780.60265,0.9999816611681585
780.662915,0.9999814141727186
780.72318,0.9999711594158976
780.783445,0.9999787642254823
780.84371,0.9999750023124474
780.903975,0.9999818881640212
780.96424,0.9999666635556717
781.024505,0.9999730863621784
781.08477,0.9999617947298399
781.145035,0.9999823311560959
781.2053,0.9999826381507186
781.265565,0.9999704174375726
781.32583,0.9999773832557625
781.386095,0.9999849631130551
781.44636,0.9999713084116115
781.506625,0.9999774552541366
781.56689,0.9999745553237213
781.627155,0.9999744543262963
781.68742,0.9999808771828435
781.747685,0.9999774012553555
781.80795,0.9999772112596673
781.868215,0.9999678995152316
781.92848,0.9999832491402972
781.988745,0.9999725733761168
782.04901,0.999971817397137
782.109275,0.9999630416829755
782.16954,0.9999721333882813
782.229805,0.9999678975152958
782.29007,0.9999647476213797
782.350335,0.9999709474220343
782.4106,0.9999719703928368
782.470865,0.9999748813154794
782.53113,0.9999783012354216
782.591395,0.9999608807651772
782.65166,0.9999794322115199
782.711925,0.9999712114143993
782.77219,0.9999716074030774
782.832455,0.9999786972269072
782.89272,0.999963590662836
782.952985,0.9999696794596769
783.01325,0.999966311567468
783.073515,0.9999742723309621
783.13378,0.9999643856342065
783.194045,0.9999730553630133
783.25431,0.999958812848214
783.314575,0.9999752463063777
783.37484,0.9999663245670302
783.435105,0.9999670415431419
783.49537,0.9999657795855318
783.555635,0.9999672665357515
783.6159,0.9999576378972992
783.676165,0.9999655185944973
783.73643,0.9999649016159627
783.796695,0.9999656955884098
783.85696,0.9999702984411001
783.917225,0.9999679795126667
783.97749,0.9999616407357353
784.037755,0.9999587598503984
784.09802,0.9999754323017909
784.158285,0.9999670285435704
784.21855,0.9999519121562574
784.278815,0.999961178753564
784.33908,0.9999594878206405
784.399345,0.9999594918204785
784.45961,0.9999618707269392
784.519875,0.9999601307947978
784.58014,0.9999600937962737
784.640405,0.9999644216329251
784.70067,0.9999607287711348
784.760935,0.9999635346648765
784.8212,0.999951437179212
784.881465,0.9999534420838534
784.94173,0.9999686094926923
785.001995,0.9999647816201817
785.06226,0.9999511701922139
785.122525,0.9999441945571816
785.18279,0.9999527181178234
785.243055,0.9999520451498706
785.30332,0.9999462554442904
785.363585,0.9999374639554599
785.42385,0.9999509962007254
785.484115,0.9999587448510171
785.54438,0.9999528021138553
785.604645,0.9999418226923652
785.66491,0.9999317343302069
785.725175,0.999942055678837
785.78544,0.9999557579787071
785.845705,0.9999521131466119
785.90597,0.999929281500671
785.966235,0.9999521731437405
786.0265,0.9999560379663586
786.086765,0.9999560809644691
786.14703,0.9999555049899324
786.207295,0.999926781680592
786.26756,0.9999557719780878
786.327825,0.9999357510640513
786.38809,0.999959546818252
786.448355,0.9999427576384065
786.50862,0.9999311573697627
786.568885,0.9999506592172964
786.62915,0.9999447165281875
786.689415,0.9999394008362035
786.74968,0.9999274886290765
786.809945,0.9999340471749832
786.87021,0.9999550350109554
786.930475,0.9999379349261164
786.99074,0.9999341471683929
787.051005,0.9999343671539295
787.11127,0.9999424876538984
787.171535,0.9999415997053636
787.2318,0.9999471713954798
787.292065,0.9999389938609502
787.35233,0.9999361000416893
787.412595,0.9999400167990642
787.47286,0.9999378819294072
787.533125,0.9999048945228126
787.59339,0.9999342441620099
787.653655,0.9999321073048133
787.71392,0.9999154295762799
787.774185,0.9999185223194865
787.83445,0.999932857254175
787.894715,0.9999385848859853
787.95498,0.9999320723071902
788.015245,0.9999349761141445
788.07551,0.9999228179786854
788.135775,0.9999153495830487
788.19604,0.9999004129591186
788.256305,0.9999241268785108
788.31657,0.9999343721536014
788.376835,0.9999260447348255
788.4371,0.9998841767080354
788.497365,0.9999304654176412
788.55763,0.9999003829621067
788.617895,0.9999233509376895
788.67816,0.9999307983945416
788.738425,0.9999111469476663
788.79869,0.9999267386837413
788.858955,0.9999026967342699
788.91922,0.9999334612138032
788.979485,0.9999220230403612
789.03975,0.9999086791700009
789.100015,0.999918943285273
789.16028,0.9999041725917395
789.220545,0.999915544566561
789.28081,0.9999298604598925
789.341075,0.999858779972487
789.40134,0.9998494113396107
789.461605,0.9999208731306959
789.52187,0.9999117438947992
789.582135,0.9998792472911953
789.6424,0.9998827568735126
789.702665,0.9999057244442195
789.76293,0.999893905628406
789.823195,0.9999078162491831
789.88346,0.9999114849176911
789.943725,0.9998812770481275
790.00399,0.9999049695156825
790.064255,0.9999059244253844
790.12452,0.9999198492122461
790.184785,0.9999203971684736
790.24505,0.9998894561104261
790.305315,0.9999289605234232
790.36558,0.9998574601597685
790.425845,0.9998690785709584
790.48611,0.9998816070090034
790.546375,0.9998564902985025
790.60664,0.9998907059730274
790.666905,0.9999044065693432
790.72717,0.999854750549723
790.787435,0.9998816170078195
790.8477,0.9998987851225714
790.907965,0.9999154085780562
790.96823,0.9998850166110966
791.028495,0.9998625294499421
791.08876,0.9998893561214854
791.149025,0.9998933456879756
791.20929,0.9998295345308894
791.269555,0.9998987451266208
791.32982,0.9998184564810193
791.390085,0.9998942855881623
791.45035,0.999882416913433
791.510615,0.9998777874685599
791.57088,0.9998517609884883
791.631145,0.9998325540206432
791.69141,0.9998571801997188
791.751675,0.9998305943507577
791.81194,0.999837733166687
791.872205,0.9998917158631504
791.93247,0.9998574801569179
791.992735,0.999842032478183
792.053,0.999826015137122
792.113265,0.9998836867649089
792.17353,0.9998449220258323
792.233795,0.9998870663774817
792.29406,0.9998095181439728
792.354325,0.999835373552421
792.41459,0.9998785673735383
792.474855,0.999797710463288
792.53512,0.9998060488109641
792.595385,0.9998834367940185
792.65565,0.9998170667343307
792.715915,0.9998172467014189
792.77618,0.9998418925003083
792.836445,0.9998747978384449
792.89671,0.999878457386902
792.956975,0.9997698264939869
793.01724,0.9998258751614897
793.077505,0.9998796972369578
793.13777,0.9998567402626564
793.198035,0.9998790873105285
793.2583,0.9998446820630799
793.318565,0.999845631915979
793.37883,0.9998493013561816
793.439095,0.9998635193143363
793.49936,0.999878577372324
793.559625,0.9998076684980752
793.61989,0.999855200484462
793.680155,0.9998389529694655
793.74042,0.9998557004121872
793.800685,0.9998320341078503
793.86095,0.999827864816961
793.921215,0.9998517409914532
793.98148,0.9998847666398737
794.041745,0.999872658108667
794.10201,0.9998180465555362
794.162275,0.999821365956961
794.22254,0.9998440221658075
794.282805,0.9998647791431643
794.34307,0.9998470616962549
794.403335,0.9998238555152618
794.4636,0.9998069486368131
794.523865,0.9997265973813095
794.58413,0.9998273449066064
794.644395,0.9997410135427841
794.70466,0.999705323425673
794.764925,0.9998062987625076
794.82519,0.9998526708540048
794.885455,0.9997779946468363
794.94572,0.999820436123523
795.005985,0.9997660673665065
795.06625,0.9998627594183503
795.126515,0.9998093981668379
795.18678,0.9998664989120635
795.247045,0.9998227457113981
795.30731,0.9998619295326044
795.367575,0.9998160769159247
795.42784,0.9998429323364173
795.488105,0.9998594298809051
795.54837,0.999862669430706
795.608635,0.9998331039286991
795.6689,0.9997887823095979
795.729165,0.9998325040290167
795.78943,0.9997795243083383
795.849695,0.9998170967288432
795.90996,0.9998569502325938
795.970225,0.9997878225128276
796.03049,0.999804429126477
796.090755,0.9997829535579879
796.15102,0.999778794469552
796.211285,0.9997806740554523
796.27155,0.9998119076915767
796.331815,0.9997959608188257
796.39208,0.999873527998258
796.452345,0.9998043491421259
796.51261,0.9998101880165744
796.572875,0.9998654190568277
796.63314,0.9997832734885842
796.693405,0.999791461747125
796.75367,0.9998263150849716
796.813935,0.9998592299090392
796.8742,0.9997928114665093
796.934465,0.9998148571410549
796.99473,0.9998326040122721
797.054995,0.9998141672690414
797.11526,0.9997660673665065
797.175525,0.9998383130727404
797.23579,0.9998662589441325
797.296055,0.999874287902428
797.35632,0.999829484539414
797.416585,0.9998105379502015
797.47685,0.999780704048873
797.537115,0.9998706483666441
797.59738,0.9997043337178927
797.657645,0.9998296345138479
797.71791,0.9997936312969509
797.778175,0.9998270549567185
797.83844,0.9998573901697487
797.898705,0.9998813970338879
797.95897,0.9998298244814965
798.019235,0.9998357534899351
798.0795,0.9997947710623402
798.139765,0.9998455219329655
798.20003,0.9998144372189031
798.260295,0.99982639507108
798.32056,0.9998915858772358
798.380825,0.999873238034977
798.44109,0.9998218058784588
798.501355,0.9998511910731469
798.56162,0.9998708883356284
798.621885,0.9998814270303303
798.68215,0.9998810170790293
798.742415,0.9998545005860666
798.80268,0.9998352835672415
798.862945,0.9998812870469403
798.92321,0.9998824769063799
798.983475,0.9998562603315362
799.04374,0.9998735379969933
799.104005,0.9998718082172688
799.16427,0.9998763876406374
799.224535,0.9998492613622103
799.2848,0.9998894561104261
799.345065,0.9998902860190191
799.40533,0.9999056304530859
799.465595,0.9998374932056598
799.52586,0.9998850466076475
799.586125,0.9998741679175207
799.64639,0.999905536461961
799.706655,0.9998598798177498
799.76692,0.9998977452283756
799.827185,0.9998733380223057
799.88745,0.9998843366895165
799.947715,0.9998936956507078
800.00798,0.9998819669664467
800.068245,0.9998759976889222
800.12851,0.9998717282275273
800.188775,0.9999115969077836
800.24904,0.9998565002970675
800.309305,0.9998907459686565
800.36957,0.9998636492966022
800.429835,0.9998965653497324
800.4901,0.9999021217903845
800.550365,0.9998611396419921
800.61063,0.9998585600035795
800.670895,0.9998586799866139
800.73116,0.9998844266791109
800.791425,0.9998849066237508
800.85169,0.9998844666744887
800.911955,0.9998791673008587
800.97222,0.9998696185004066
801.032485,0.9998989751033586
801.09275,0.9998911659228579
801.153015,0.9998806871183481
801.21328,0.999867948719538
801.273545,0.9999067413488584
801.33381,0.9999026877351457
801.394075,0.9998857365285678
801.45434,0.9999158085442995
801.514605,0.9998825069028546
801.57487,0.9998122376295607
801.635135,0.9998580900701668
801.6954,0.9998845266675586
801.755665,0.9998800871901158
801.81593,0.9998669488520892
801.876195,0.9998574901554927
801.93646,0.9998630993717463
801.996725,0.9998905059949061
802.05699,0.9998902760201163
802.117255,0.999890256022311
802.17752,0.999872318152021
802.237785,0.9998796472429742
802.29805,0.9998963653704392
802.358315,0.9998859865000331
802.41858,0.9998591599188955
802.478845,0.9998231956317348
802.53911,0.9995783589155965
802.599375,0.9992779508030707
802.65964,0.9995000150341615
802.719905,0.9995383166085912
802.78017,0.999324488260856
802.840435,0.9995950020338261
802.9007,0.9996243905588951
802.960965,0.9995958416939804
803.02123,0.9995801881456671
803.081495,0.9996421240528792
803.14176,0.9996731334325203
803.202025,0.9996676452420828
803.26229,0.9997035739428878
803.322555,0.9998111978253742
803.38282,0.9998157169822017
803.443085,0.9997507210751555
803.50335,0.9998301644236947
803.563615,0.9998147371632792
803.62388,0.9998866264272693
803.684145,0.9998724581341554
803.74441,0.9998923657929769
803.804675,0.999879987202112
803.86494,0.9998850166110966
803.925205,0.999877417513847
803.98547,0.9998780874319412
804.045735,0.9998536807057122
804.106,0.9998772275371557
804.166265,0.999880827101654
804.22653,0.9998947855354301
804.286795,0.9998888861735985
804.34706,0.9998881062605715
804.407325,0.999882416913433
804.46759,0.9998208960410294
804.527855,0.9998881662538597
804.58812,0.9998891061491777
804.648385,0.9998791573020671
804.70865,0.999861439600379
804.768915,0.9998943955765397
804.82918,0.9998870163831296
804.889445,0.9998957454348849
804.94971,0.9999070823171153
805.009975,0.9998762976517666
805.07024,0.999880167180526
805.130505,0.9998187064356647
805.19077,0.9998896360905444
805.251035,0.9998712382905006
805.3113,0.9998730480590797
805.371565,0.9998794972610384
805.43183,0.9998566102812886
805.492095,0.999879537256219
805.55236,0.9998866264272693
805.612625,0.9998884762192393
805.67289,0.9998758577062923
805.733155,0.9998501312314461
805.79342,0.9998329039620983
805.853685,0.999849271360703
805.91395,0.9998664489187398
805.974215,0.9998628094114895
806.03448,0.9998020595927879
806.094745,0.9998673987923173
806.15501,0.9998308243118209
806.215275,0.999878577372324
806.27554,0.999811297806499
806.335805,0.9998775075028187
806.39607,0.9998052489664451
806.456335,0.9997666672263269
806.5166,0.9998839567335408
806.576865,0.9998366633408848
806.63713,0.9998139173155308
806.697395,0.9997290167226026
806.75766,0.9998670388401186
806.817925,0.9998616295740705
806.87819,0.9997320758980743
806.938455,0.9998071685943659
806.99872,0.9998461818312278
807.058985,0.9997787344828261
807.11925,0.9997488615405438
807.179515,0.9998070686136541
807.23978,0.999811447778205
807.300045,0.9998253052609033
807.36031,0.9998472216717976
807.420575,0.9998312442408553
807.48084,0.999810947872606
807.541105,0.9998421624576558
807.60137,0.9998619195339852
807.661635,0.9998696284991029
807.7219,0.999859049934394
807.782165,0.999833823808793
807.84243,0.9998683886615322
807.902695,0.9998631193690085
807.96296,0.9998017596522151
808.023225,0.999796010808625
808.08349,0.9997539902653586
808.143755,0.9998444421003849
808.20402,0.9997585491539485
808.264285,0.9997253977101125
808.32455,0.9998347436563341
808.384815,0.9997849031366481
808.44508,0.9997211588834125
808.505345,0.9998287246692945
808.56561,0.999837943132633
808.625875,0.9998512810597582
808.68614,0.999890236024506
808.746405,0.9998326140105982
808.80667,0.9998361134308712
808.866935,0.9997734756605134
808.9272,0.9998248253448719
808.987465,0.9998527408436941
809.04773,0.9998652290824162
809.107995,0.9998477315940106
809.16826,0.9997872026445698
809.228525,0.9998141572708998
809.28879,0.9998118577009826
809.349055,0.999872158172463
809.40932,0.9997867027510934
809.469585,0.9998445220879435
809.52985,0.9998467517437138
809.590115,0.9997652275633626
809.65038,0.9997725158784375
809.710645,0.9996508309736983
809.77091,0.999806878650329
809.831175,0.999825225274882
809.89144,0.9998715982442111
809.951705,0.9997826436253203
810.01197,0.999873418012176
810.072235,0.9997553499317099
810.1325,0.9998523908952961
810.192765,0.9998123176145429
810.25303,0.9998394728858562
810.313295,0.9998197462476601
810.37356,0.9998073785538933
810.433825,0.9998178965828405
810.49409,0.9998245553922055
810.554355,0.9998448320397935
810.61462,0.9997307562526051
810.674885,0.9998640092475808
810.73515,0.9997686467662877
810.795415,0.9997894121767291
810.85568,0.9997569995293982
810.915945,0.9997822837036333
810.97621,0.9997818038082523
811.036475,0.9998363533915673
811.09674,0.9997620283197532
811.157005,0.9998760776790052
811.21727,0.9997742354886436
811.277535,0.9998639792516609
811.3378,0.9998210560123856
811.398065,0.9998415525541227
811.45833,0.9998350536051527
811.518595,0.9997178398146747
811.57886,0.9998587299795493
811.639125,0.999862669430706
811.69939,0.9997549600271994
811.759655,0.9998022395571748
811.81992,0.9998653490662508
811.880185,0.9998154270356858
811.94045,0.9998431223065924
812.000715,0.9998536807057122
812.06098,0.9997608585988644
812.121245,0.9997839833349603
812.18151,0.9998519109662636
812.241775,0.9998319341246519
812.30204,0.9998542306253879
812.362305,0.9997869327020615
812.42257,0.9997367046683013
812.482835,0.9998275548703709
812.5431,0.9998367133327193
812.603365,0.9998330639353757
812.66363,0.9997855729927576
812.723895,0.9997992401549552
812.78416,0.9998165468295912
812.844425,0.9998045191088797
812.90469,0.9998236455522741
812.964955,0.9998428523489858
813.02522,0.9998622994815868
813.085485,0.9997848531474042
813.14575,0.9998587899710748
813.206015,0.9998749978134245
813.26628,0.9998281047756773
813.326545,0.9998857365285678
813.38681,0.99988984606739
813.447075,0.9998632893457533
813.50734,0.9998277348393471
813.567605,0.9998700984379386
813.62787,0.9998420424766035
813.688135,0.9998734780045828
813.7484,0.9998695985030144
813.808665,0.9998226957202621
813.86893,0.9998582900418048
813.929195,0.9998598698191511
813.98946,0.9998232256264312
814.049725,0.9998085383311252
814.10999,0.9998634993170661
814.170255,0.9998371532609699
814.23052,0.999887826291941
814.290785,0.9997602187521196
814.35105,0.9998682286826028
814.411315,0.9998770775555829
814.47158,0.9998208760446117
814.531845,0.9998540606501831
814.59211,0.9998203561378913
814.652375,0.9998324640357173
814.71264,0.9998871763650651
814.772905,0.9998491713757808
814.83317,0.9998479515605359
814.893435,0.9998702284210599
814.9537,0.9999029137131786
815.013965,0.9998375132024099
815.07423,0.9998600497939438
815.134495,0.9998500112494375
815.19476,0.9998761276728103
815.255025,0.9998463318081663
815.31529,0.9998187564266013
815.375555,0.9998750678046767
815.43582,0.9998539106720853
815.496085,0.9998791573020671
815.55635,0.9998614296017646
815.616615,0.99986882860372
815.67688,0.9998324440390682
815.737145,0.9998467117498446
815.79741,0.9999043305766112
815.857675,0.99988216694286
815.91794,0.999871558249348
815.978205,0.999894425573372
816.03847,0.9999050675063744
816.098735,0.9998778774575648
816.159,0.9998578101099408
816.219265,0.9998563903128584
816.27953,0.9998686986207808
816.339795,0.9998918958436754
816.40006,0.9998635293129715
816.460325,0.9998844866721782
816.52059,0.9999089541449254
816.580855,0.9998951654955207
816.64112,0.9998715782467794
816.701385,0.999889736079513
816.76165,0.9998722481609612
816.821915,0.999891295908718
816.88218,0.999871558249348
816.942445,0.9998698184743503
817.00271,0.9998696085017105
817.062975,0.9999192612595476
817.12324,0.9998943455818212
817.183505,0.9999123058453572
817.24377,0.9998955254578451
817.304035,0.9998810270778394
817.3643,0.9999070053242729
817.424565,0.9998980251997834
817.48483,0.9998769775678801
817.545095,0.9999015788436798
817.60536,0.99989199583287
817.665625,0.9998984351580578
817.72589,0.9998987651245959
817.786155,0.9999249538161058
817.84642,0.9999059144263253
817.906685,0.9998996050399114
817.96695,0.9999044045695343
818.027215,0.9998919158415136
818.08748,0.9999192292621317
818.147745,0.9998992150791414
818.20801,0.9999165504821047
818.268275,0.9998971452899085
818.32854,0.9999197392210687
818.388805,0.9999233739359268
818.44907,0.9998988051205473
818.509335,0.9998991050902338
818.5696,0.9999137477199418
818.629865,0.9999041985892483
818.69013,0.9999140866907598
818.750395,0.9999287755365825
818.81066,0.9999310353781689
818.870925,0.9999198462124865
818.93119,0.999913799715458
818.991455,0.9999293804936747
819.05172,0.9999121108624766
819.111985,0.9999302074356143
819.17225,0.9999139137056378
819.232515,0.9999412037285685
819.29278,0.9999363970227552
819.353045,0.9999171034361101
819.41331,0.9999379509251235
819.473575,0.9999261557266226
819.53384,0.9999233309392227
819.594105,0.9999238978959121
819.65437,0.9999284975564215
819.714635,0.9999289565237073
819.7749,0.9999250298104051
819.835165,0.9999228219783768
819.89543,0.9999249058197092
819.955695,0.9999252797916939
820.01596,0.9999343581545203
820.076225,0.999940140791634
820.13649,0.999933707197465
820.196755,0.9999426926421293
820.25702,0.9999387318769681
820.317285,0.9999356690693231
820.37755,0.9999478923576504
820.437815,0.9999339371822441
820.49808,0.9999500732463819
820.558345,0.9999454114900069
820.61861,0.9999314253513487
820.678875,0.999948202341545
820.73914,0.9999501532423909
820.799405,0.9999372899663563
820.85967,0.9999397578146333
820.919935,0.9999495562723276
820.9802,0.9999333882186633
821.040465,0.9999466574227659
821.10073,0.9999437015848153
821.160995,0.9999348871199356
821.22126,0.9999422876654208
821.281525,0.9999434505989777
821.34179,0.9999397608144526
821.402055,0.9999272546460716
821.46232,0.9999381349137234
821.522585,0.9999525171273472
821.58285,0.999958400865268
821.643115,0.9999585998570095
821.70338,0.9999476773688766
821.763645,0.9999466754218058
821.82391,0.9999517001664745
821.884175,0.9999464854319556
821.94444,0.9999424096583874
822.004705,0.9999477973626051
822.06497,0.9999562309578924
822.125235,0.9999561869598192
822.1855,0.9999575828996307
822.245765,0.9999511651924581
822.30603,0.9999527211176816
822.366295,0.9999500822459325
822.42656,0.9999705064349438
822.486825,0.9999582778703923
822.54709,0.9999467054202066
822.607355,0.9999587908491204
822.66762,0.9999575719000973
822.727885,0.9999444885408181
822.78815,0.9999683095021544
822.848415,0.999961444743273
822.90868,0.9999438805747538
822.968945,0.9999629506863428
823.02921,0.9999583008694329
823.089475,0.9999579008861925
823.14974,0.9999515741725682
823.210005,0.9999649956126678
823.27027,0.9999666645556383
823.330535,0.9999672835351953
823.3908,0.999939470831964
823.451065,0.99995121718992
823.51133,0.9999747613185008
823.571595,0.9999427486389217
823.63186,0.9999630646821257
823.692125,0.9999557039810976
823.75239,0.9999652256046433
823.812655,0.9999519091564016
823.87292,0.9999577118941672
823.933185,0.999956402950379
823.99345,0.9999686754906227
824.053715,0.9999699734508058
824.11398,0.9999594738212078
824.174245,0.9999662135707743
824.23451,0.9999632976735469
824.294775,0.9999606357747914
824.35504,0.9999654035984693
824.415305,0.9999604837807864
824.47557,0.9999659515796606
824.535835,0.999966790551446
824.5961,0.9999658325837195
824.656365,0.999967376532157
824.71663,0.9999656935884784
824.776895,0.999958675853866
824.83716,0.999971669401319
824.897425,0.9999859030993622
824.95769,0.9999556759823383
825.017955,0.9999686024929121
825.07822,0.9999719523933415
825.138485,0.9999819341631891
825.19875,0.9999518261603967
825.259015,0.999972888367527
825.31928,0.9999517481641573
825.379545,0.9999690834779256
825.43981,0.9999767502702791
825.500075,0.9999676795223179
825.56034,0.999960378784941
825.620605,0.9999571819167203
825.68087,0.999963081681498
825.741135,0.9999643286362382
825.8014,0.9999659415800012
825.861665,0.9999649146155065
825.92193,0.9999707394280989
825.982195,0.9999702754417834
826.04246,0.9999696454607083
826.102725,0.9999689854809601
826.16299,0.9999722933838354
826.223255,0.9999685634941373
826.28352,0.9999750253118728
826.343785,0.9999748573160826
826.40405,0.9999658045846765
826.464315,0.9999609047642386
826.52458,0.9999779552429893
826.584845,0.9999800131997387
826.64511,0.9999709064232263
826.705375,0.9999637746561536
826.76564,0.9999805941882952
826.825905,0.9999766802719091
826.88617,0.9999812741753304
826.946435,0.9999692684722231
827.0067,0.9999846561177186
827.066965,0.9999811881769446
827.12723,0.9999753033049684
827.187495,0.9999721613875013
827.24776,0.9999754443014961
827.308025,0.9999772672583926
827.36829,0.9999818871640394
827.428555,0.9999675475265929
827.48882,0.9999742473316057
827.549085,0.9999821851586862
827.60935,0.9999734443526075
827.669615,0.9999688964837244
827.72988,0.999971796397729
827.790145,0.999971134416619
827.85041,0.9999782592363339
827.910675,0.9999901954480649
827.97094,0.9999808411835325
828.031205,0.9999734693519439
828.09147,0.999976403278407
828.151735,0.9999755842980681
828.212,0.999991352137393
828.272265,0.9999776792491116
828.33253,0.9999751983075671
828.392795,0.9999802371952868
828.45306,0.9999831211424495
828.513325,0.9999823731553547
828.57359,0.9999780482409434
828.633855,0.9999810391797587
828.69412,0.9999768802672652
828.754385,0.9999840081278714
828.81465,0.9999794582109854
828.874915,0.999985035111975
828.93518,0.9999755672984834
828.995445,0.9999871140830241
829.05571,0.9999773022575976
829.115975,0.9999803071939058
829.17624,0.999976465276946
829.236505,0.9999825061530191
829.29677,0.999978765225461
829.357035,0.9999788782230679
829.4173,0.9999852311090611
829.477565,0.9999824491540179
829.53783,0.9999829791448563
829.598095,0.9999844961201864
829.65836,0.9999790232200158
829.718625,0.9999824781535094
829.77889,0.9999829991445162
829.839155,0.9999896250538202
829.89942,0.9999867410879002
829.959685,0.999976242282219
