nu,[0]HFE-449s1-HITRAN(x-sec)-X=0.01-T=298.0K-P=0.0atm-L=15cm
700,0.9998710083201422
700.241054,0.9999146146455369
700.482108,1.0
700.723162,1.0
700.964216,0.9999620527200163
701.20527,0.9999863470932018
701.446324,0.9999905723444407
701.687378,0.999991073439842
701.928432,1.0
702.169486,0.9999323972851665
702.41054,0.9998718782082978
702.651594,0.9998917958544908
702.892648,1.0
703.133702,0.9999939864180817
703.374756,0.9999295784797116
703.61581,0.9999666195571394
703.856864,1.0
704.097918,0.9999503752313496
704.338972,0.9998125575695279
704.580026,0.9999936018204685
704.82108,0.9999969391046846
705.062134,0.9999989293005732
705.303188,0.9999538510648949
705.544242,0.9999290975137001
705.785296,0.9999945678147544
706.02635,1.0
706.267404,0.9999315403434692
706.508458,0.9999545600324266
706.749512,1.0
706.990566,1.0
707.23162,0.9999366720053021
707.472674,0.9999955391099498
707.713728,0.9998978852140697
707.954782,0.9999863610930108
708.195836,0.9998737079755092
708.43689,0.9998550605047437
708.677944,0.9999349381166162
708.918998,1.0
709.160052,0.9999791472174223
709.401106,0.9999982508015298
709.64216,1.0
709.883214,1.0
710.124268,0.9999210851139434
710.365322,1.0
710.606376,0.99987136827377
710.84743,0.9999473303870927
711.088484,1.0
711.329538,1.0
711.570592,0.9999767422704652
711.811646,0.999892515776843
712.0527,0.9999636856593817
712.293754,1.0
712.534808,0.9999608957645906
712.775862,1.0
713.016916,0.9999548300201943
713.25797,1.0
713.499024,0.9999738803411242
713.740078,1.0
713.981132,0.9999277726085236
714.222186,0.9999808781828243
714.46324,1.0
714.704294,0.9999052884854187
714.945348,0.9999988564006539
715.186402,0.9999993943401834
715.427456,0.9998727680946655
715.66851,1.0
715.909564,1.0
716.150618,0.9999709074231973
716.391672,0.9999540450559607
716.632726,0.9999951415118025
716.87378,0.9999465814268228
717.114834,0.9999931987231288
717.355888,1.0
717.596942,1.0
717.837996,0.9999209101277688
718.07905,0.9999515061758635
718.320104,0.9999599508019905
718.561158,0.9999568239321133
718.802212,1.0
719.043266,1.0
719.28432,1.0
719.525374,0.9999930992238104
719.766428,0.9999436955851531
720.007482,0.9999394788314798
720.248536,1.0
720.48959,0.9999478863579631
720.730644,0.9999876080767806
720.971698,0.9999878410739204
721.212752,0.9999561949594689
721.453806,0.9999699224523385
721.69486,0.999941424715599
721.935914,0.9999416257038455
722.176968,1.0
722.418022,0.9999126378162978
722.659076,0.9999398178110206
722.90013,0.9999503562322927
723.141184,1.0
723.382238,0.9999729783650909
723.623292,0.999988229069278
723.864346,0.9998842067045612
724.1054,0.999985917099165
724.346454,0.9999564569480263
724.587508,0.9999633786705773
724.828562,0.9999434016017498
725.069616,0.9999231519529624
725.31067,0.9998988051205473
725.551724,0.9999101900331565
725.792778,0.9999596198153016
726.033832,0.9999229809661181
726.274886,0.9998951055018126
726.51594,0.9999170364416664
726.756994,0.9999498272586941
726.998048,0.9999020687955735
727.239102,0.9999000649938354
727.480156,0.9999171304338722
727.72121,0.9998893761192728
727.962264,0.999915026610443
728.203318,0.9999508952056799
728.444372,0.9999202231823395
728.685426,0.9999228919729768
728.92648,0.9999465194301367
729.167534,0.9998813970338879
729.408588,0.9998688985945404
729.649642,0.9999269186705705
729.890696,0.9998996350368999
730.13175,0.9999049795147323
730.372804,0.9998449020289341
730.613858,0.9998685986339159
730.854912,0.9999283435674449
731.095966,0.9998972052837389
731.33702,0.9998674187896656
731.578074,0.9998923557940533
731.819128,0.9998511710761233
732.060182,0.9998907259708417
732.301236,0.9999384698930547
732.54229,0.9998979752048834
732.783344,0.9999217580610602
733.024398,0.9999111349487326
733.265452,0.9998165368314258
733.506506,0.9999017718247032
733.74756,0.9999285055558496
733.988614,0.9999425516502196
734.229668,0.9998776674832326
734.470722,0.9998619295326044
734.711776,0.9998944855670394
734.95283,0.9999184763232356
735.193884,0.9998977552273531
735.434938,0.999803559297002
735.675992,0.9999469314081876
735.917046,0.9998799572057129
736.1581,0.9998951654955207
736.399154,0.9999103290206827
736.640208,0.9999166064774332
736.881262,0.9999137047236516
737.122316,0.9999114719188419
737.36337,0.9999199442046363
737.604424,0.9998996250379036
737.845478,0.999933307224062
738.086532,0.9999278925998636
738.327586,0.9999510551978359
738.56864,0.9999776382500276
738.809694,0.9998407826764236
739.050748,0.999896575348698
739.291802,0.9999351741012894
739.532856,0.9999456914747613
739.77391,0.9999105849977596
740.014964,0.9998960554026141
740.256018,0.9999121668575564
740.497072,0.9999367210022002
740.738126,0.9999612757498031
740.97918,0.9999066063614575
741.220234,0.9999066473576291
741.461288,0.9999327492614323
741.702342,0.9999272366473811
741.943396,0.9998952254892325
742.18445,0.9999456424774237
742.425504,0.999905655450727
742.666558,0.9998968853166844
742.907612,0.9999280785864689
743.148666,0.9999415507082264
743.38972,0.9999320843063751
743.630774,0.9999288325325244
743.871828,0.9998798772153196
744.112882,0.9999205041599618
744.353936,0.9999181703482286
744.59499,0.9999557359796807
744.836044,0.9999451235057699
745.077098,0.9999479983521325
745.318152,0.9999281415819398
745.559206,0.9998890561547237
745.80026,0.9999300614458148
746.041314,0.9999235799201631
746.282368,0.9999228519760619
746.523422,0.9999316023392266
746.764476,0.9998591199245299
747.00553,0.999883006844233
747.246584,0.9998930857157395
747.487638,0.9999329172501483
747.728692,0.9998990250983086
747.969746,0.9999502342383566
748.2108,0.9999461194516089
748.451854,0.9999030766973668
748.692908,0.9999134697439586
748.933962,0.9999095390918348
749.175016,0.9998846866490956
749.41607,0.999867008844108
749.657124,0.9999269966648732
749.898178,0.9999373259640995
750.139232,0.9999280935853901
750.380286,0.9999012808730537
750.62134,0.9999033736686247
750.862394,0.9998813670374465
751.103448,0.9999487733121316
751.344502,0.9999665525593782
751.585556,0.9999391998484042
751.82661,0.9999448945183629
752.067664,0.9999085831787723
752.308718,0.9999094411007047
752.549772,0.9999348211242353
752.790826,0.9999159695307577
753.03188,0.9999389198654673
753.272934,0.9999237659059662
753.513988,0.999916918451463
753.755042,0.999969402468114
753.996096,0.9999380479191095
754.23715,0.9999157085527237
754.478204,0.9999375129523969
754.719258,0.999968518495553
754.960312,0.9999541640504992
755.201366,0.9999971606040311
755.44242,0.9999678585165486
755.683474,0.9999157095526394
755.924528,0.999968273503296
756.165582,0.9999551720048047
756.406636,0.9999911532391328
756.64769,0.9999501702415436
756.888744,0.999950818209464
757.129798,0.9999546850267544
757.370852,0.9999629746854539
757.611906,0.9999832831397283
757.85296,0.9999766362729361
758.094014,0.9999820701607415
758.335068,0.9999747123197388
758.576122,0.9999881900697378
758.817176,0.9999646356253342
759.05823,0.9999307124004966
759.299284,0.999973092362017
759.540338,0.9999952071114859
759.781392,0.9999972286038403
760.022446,0.9999709374223249
760.2635,0.9999646136261126
760.504554,1.0
760.745608,0.9999813821733139
760.986662,0.9999801571968711
761.227716,0.9999500552472806
761.46877,0.9999709984205539
761.709824,0.9999951177119184
761.950878,1.0
762.191932,1.0
762.432986,0.9999795262095909
762.67404,0.9999904619454876
762.915094,0.9999517331648812
763.156148,0.9999751733081874
763.397202,0.9999812281761928
763.638256,0.9999665645589768
763.87931,0.9999939794181237
764.120364,0.9999959728081091
764.361418,0.9999920559315543
764.602472,0.9999599708011898
764.843526,0.9999701574452979
765.08458,0.9999494182792984
765.325634,1.0
765.566688,1.0
765.807742,1.0
766.048796,0.9999461184516628
766.28985,0.9999992642802706
766.530904,0.9999957830088916
766.771958,0.9999964398063375
767.013012,1.0
767.254066,0.9999821831587218
767.49512,0.9999975694029539
767.736174,0.9999716234026232
767.977228,1.0
768.218282,0.9999994478601524
768.459336,0.9999992329802941
768.70039,0.9999986149009592
768.941444,1.0
769.182498,0.999976246282124
769.423552,0.9999979438021139
769.664606,0.9999760932857701
769.90566,0.9999817121672244
770.146714,0.9999960215079142
770.387768,0.9999822311578678
770.628822,0.9999734683519704
770.869876,0.9999777852467513
771.11093,1.0
771.351984,1.0
771.593038,0.9999882790686907
771.834092,1.0
772.075146,0.9999850141122896
772.3162,0.9999835651350538
772.557254,0.999982447154053
772.798308,0.9999668695488255
773.039362,1.0
773.280416,0.9999945807146844
773.52147,0.999999612740075
773.762524,0.9999523831337189
774.003578,0.9999705984322346
774.244632,0.9999987912007307
774.485686,0.999998475501162
774.72674,1.0
774.967794,0.9999963474066708
775.208848,0.9999487033157199
775.449902,0.9999840671269296
775.690956,0.9999914234367789
775.93201,0.9999882090695136
776.173064,0.9999719443935658
776.414118,0.9999752333066996
776.655172,0.9999986944008523
776.896226,0.9999869820847338
777.13728,0.9999878820734227
777.378334,1.0
777.619388,1.0
777.860442,1.0
778.101496,0.9999827071495231
778.34255,1.0
778.583604,0.9999670145440321
778.824658,1.0
779.065712,0.9999766912716527
779.306766,1.0
779.54782,1.0
779.788874,0.9999216140723374
780.029928,0.9999902657473781
780.270982,1.0
780.512036,1.0
780.75309,0.999979906201883
780.994144,0.9999707614274554
781.235198,0.9999553499968411
781.476252,0.9999990838704197
781.717306,0.9999829821448053
781.95836,1.0
782.199414,0.9999597728091352
782.440468,0.9999570189237129
782.681522,0.9999997414800335
782.922576,1.0
783.16363,0.9999791652170471
783.404684,0.9999879080731079
783.645738,0.9999747233194607
783.886792,0.9999900937490672
784.127846,0.999977576251416
784.3689,0.9999952214114175
784.609954,0.9999802101958207
784.851008,0.999984807115413
785.092062,0.9999788272241463
785.333116,1.0
785.57417,0.999981743166658
785.815224,0.999993870418786
786.056278,0.9999947376138464
786.297332,0.9999994287401631
786.538386,0.999977431254678
786.77944,0.9999796132078135
787.020494,0.9999908337420104
787.261548,0.9999815511701817
787.502602,1.0
787.743656,1.0
787.98471,0.9999726263746646
788.225764,0.9999820671607953
788.466818,0.9999885310657687
788.707872,0.9999784682318118
788.948926,0.9999737373448696
789.18998,1.0
789.431034,0.9999929013251957
789.672088,0.9999798882022449
789.913142,0.9999895910541734
790.154196,0.9999975699029527
790.39525,1.0
790.636304,0.9999799552008997
790.877358,0.9999497732614049
791.118412,0.9999771912601233
791.359466,0.9999750523111988
791.60052,0.9999779382433641
791.841574,1.0
792.082628,0.9999543020441833
792.323682,1.0
792.564736,0.9999779492431216
792.80579,1.0
793.046844,0.999995714209184
793.287898,1.0
793.528952,0.9999911261393729
793.770006,0.9999543400424475
794.01106,0.9999458384667888
794.252114,0.9999911023395844
794.493168,0.9999886170647861
794.734222,1.0
794.975276,0.9999605117796803
795.21633,0.9999473243874089
795.457384,0.9999870020844737
795.698438,0.999979918201642
795.939492,0.9999900819491842
796.180546,1.0
796.4216,0.9999850881111834
796.662654,0.9999763292801559
796.903708,0.999989639053675
797.144762,0.9999887070637656
797.385816,0.999947139397171
797.62687,0.9999666335566721
797.867924,0.9999743383292663
798.108978,1.0
798.350032,0.9999727583710599
798.591086,0.999976800269118
798.83214,0.9999954884101773
799.073194,0.9999672885350316
799.314248,0.9999747673183494
799.555302,0.999991230538452
799.796356,0.9999719663929489
800.03741,0.9999658105844714
800.278464,0.9999538760637414
800.519518,0.9999922595299576
800.760572,0.9999817201670782
801.001626,0.9999449485153886
801.24268,0.9999696074618626
801.483734,0.9999726283746098
801.724788,0.9999613037487193
801.965842,0.9999647296220144
802.206896,0.9999838771299748
802.44795,0.999964188641242
802.689004,0.9999890000604997
802.930058,0.9999785032310589
803.171112,0.9999647006230377
803.412166,0.9999995921800832
803.65322,0.999995253211266
803.894274,0.9999659465798308
804.135328,0.9999954817102075
804.376382,0.9999277536098962
804.617436,0.9999791112181736
804.85849,0.9999868850860012
805.099544,0.9999665855582749
805.340598,1.0
805.581652,0.9999515731726166
805.822706,0.9999702184434793
806.06376,0.9999622187137308
806.304814,0.9999709334224411
806.545868,0.9999891670586767
806.786922,0.9999725813758974
807.027976,1.0
807.26903,0.999971100417601
807.510084,1.0
807.751138,0.9999495022750531
807.992192,0.9999579518840468
808.233246,0.9999627256947042
808.4743,0.9999970513043475
808.715354,0.9999555629873533
808.956408,0.9999677135212196
809.197462,0.9999657055880667
809.438516,0.999981911163605
809.67957,0.9999964734062184
809.920624,0.9999934678213348
810.161678,0.99997853623035
810.402732,0.9999642236399893
810.643786,0.9999707754270462
810.88484,0.9999847381164637
811.125894,0.9999781362390155
811.366948,0.9999879660724083
811.608002,0.9999928489255691
811.849056,0.9999621677156589
812.09011,0.9999905686444756
812.331164,0.9999614867416545
812.572218,0.999979239215508
812.813272,0.9999750803105006
813.054326,0.9999769812649352
813.29538,0.999988051071389
813.536434,0.9999996163600736
813.777488,0.9999845801188876
814.018542,0.9999610797574123
814.259596,0.9999924844282421
814.50065,0.9999971065041862
814.741704,0.9999866160895653
814.982758,0.999980026199479
815.223812,0.9999747193195618
815.464866,0.9999999829830002
815.70592,0.9999887570632023
815.946974,0.9999734753517847
816.188028,0.9999714234083186
816.429082,0.9999720103917163
816.670136,0.9999998870100064
816.91119,0.9999636066622536
817.152244,0.9999920959312373
817.393298,0.999968724489089
817.634352,1.0
817.875406,0.9999877520750065
818.11646,0.9999651436074982
818.357514,0.9999924645283919
818.598568,0.9999729883648207
818.839622,1.0
819.080676,0.9999908053422711
819.32173,0.9999998746200078
819.562784,0.9999751553086345
819.803838,0.9999937991192256
820.044892,0.9999991603203525
820.285946,0.9999752613060066
820.527,0.9999879310728301
820.768054,0.9999788472237231
821.009108,0.9999832361405151
821.250162,0.9999854821053856
821.491216,0.999997186103959
821.73227,0.9999832931395611
821.973324,0.9999626146988478
822.214378,0.9999758442917538
822.455432,0.9999879140730354
822.696486,0.9999971105041746
822.93754,0.9999848201152156
823.178594,0.9999849961125594
823.419648,0.9999896710533439
823.660702,0.999999494090128
823.901756,0.999990091249092
824.14281,1.0
824.383864,0.9999844791204501
824.624918,0.9999927896259949
824.865972,1.0
825.107026,0.999995277511151
825.34808,0.9999880540713532
825.589134,0.999990764342649
825.830188,0.9999972040039088
826.071242,0.9999942477165444
826.312296,0.9999826941497479
826.55335,0.9999995124701189
826.794404,0.9999750743106501
827.035458,0.9999881170706025
827.276512,0.9999976863026766
827.517566,1.0
827.75862,0.9999622757115789
827.999674,0.9999801251975065
828.240728,0.9999901041489643
828.481782,0.9999987196008198
828.722836,0.9999921972304417
828.96389,0.9999805171897924
829.204944,0.9999909440410054
829.445998,0.999999566440094
829.687052,0.9999901696483182
829.928106,0.9999952221114141
830.16916,0.9999938689187952
830.410214,0.9999939085185532
830.651268,0.9999868420865661
830.892322,0.9999864950911921
831.133376,1.0
831.37443,0.9999897360526747
831.615484,0.9999803291934729
831.856538,0.9999954293104456
832.097592,0.9999969009048022
832.338646,0.9999994429901551
832.5797,0.9999809011823847
832.820754,0.9999873260803148
833.061808,0.9999938192191011
833.302862,1.0
833.543916,0.9999911874388309
833.78497,0.9999937255196847
834.026024,0.9999840671269296
834.267078,1.0
834.508132,0.9999964155064243
834.749186,1.0
834.99024,0.9999763032807717
835.231294,1.0
835.472348,1.0
835.713402,1.0
835.954456,0.9999876800758909
836.19551,0.999999208800313
836.436564,0.9999969851045448
836.677618,0.9999894930551984
836.918672,0.9999927238264715
837.159726,0.999990079049213
837.40078,0.9999910823397625
837.641834,0.9999968565049407
837.882888,0.9999924277286698
838.123942,0.9999920280317763
838.364996,0.9999764592770871
838.60605,0.999999478310136
838.847104,1.0
839.088158,0.9999917281342121
839.329212,0.9999756422966537
839.570266,0.9999993449902145
839.81132,0.9999921200310471
840.052374,0.9999969928045216
840.293428,1.0
840.534482,0.9999948462132808
840.775536,1.0
841.01659,0.9999873000806446
841.257644,0.9999910548400082
841.498698,0.9999922748298393
841.739752,0.9999999288410025
841.980806,0.9999790822187798
842.22186,0.9999938577188638
842.462914,0.9999916391349523
842.703968,0.9999961011076007
842.945022,0.9999910387401524
843.186076,0.9999741253347549
843.42713,0.9999932782225912
843.668184,1.0
843.909238,0.9999863470932018
844.150292,0.9999963367067098
844.391346,0.9999892970572769
844.6324,0.999998996000504
844.873454,0.999993980718116
845.114508,0.9999789602213393
845.355562,0.9999972681037317
845.596616,0.9999922418300947
845.83767,0.99999241582876
846.078724,1.0
846.319778,0.9999909431410136
846.560832,0.9999868650862638
846.801886,0.9999820111618011
847.04294,0.9999993234002289
847.283994,0.9999929614247709
847.525048,0.9999970017044949
847.766102,0.9999989058005987
848.007156,0.9999815421703478
848.24821,0.9999873360801881
848.489264,0.9999848801143066
848.730318,1.0
848.971372,0.9999913373375211
849.212426,0.999990456345541
849.45348,0.9999999303600025
849.694534,0.9999832471403307
849.935588,0.9999939362183848
850.176642,0.9999906241439536
850.417696,0.9999881900697378
850.65875,0.9999999630490006
850.899804,0.9999988928006129
851.140858,0.999999192490326
851.381912,0.9999935004211223
851.622966,0.99999066514357
851.86402,0.999993665020066
852.105074,0.9999851171107513
852.346128,0.9999885120659868
852.587182,0.9999925868274777
852.828236,1.0
853.06929,0.999980857183226
853.310344,0.9999803151937483
853.551398,0.9999967438053015
853.792452,1.0
854.033506,0.9999937005198418
854.27456,0.9999891040593611
854.515614,0.9999763882787611
854.756668,0.9999771352614021
854.997722,0.9999887260635513
855.238776,0.9999846131183793
855.47983,0.9999876030768425
855.720884,0.9999988902006158
855.961938,0.999984038127392
856.202992,0.9999877900745417
856.444046,0.9999927644261769
856.6851,0.9999962091071855
856.926154,0.9999696194614979
857.167208,0.9999838221308631
857.408262,0.9999902245477801
857.649316,0.9999853241076919
857.89037,0.9999610867571399
858.131424,0.9999844561208073
858.372478,0.9999690554787916
858.613532,0.999988746063326
858.854586,0.9999688284858418
859.09564,0.9999814251725142
859.336694,0.9999720943893688
859.577748,0.9999786062288499
859.818802,0.9999867860873045
860.059856,0.9999615197403842
860.30091,0.99998898006072
860.541964,0.9999634666673585
860.783018,0.9999775962509677
861.024072,0.9999711824152345
861.265126,0.9999771592608536
861.50618,0.9999788062245912
861.747234,0.9999682615036767
861.988288,0.9999733933539631
862.229342,0.9999831341422302
862.470396,0.999967397531472
862.71145,0.9999690404792558
862.952504,0.999967765519542
863.193558,0.9999583348680158
863.434612,0.9999605847768003
863.675666,0.99995690792849
863.91672,0.9999721123888666
864.157774,0.999978877223089
864.398828,0.99997782224593
864.639882,0.999960559777786
864.880936,0.9999679355140766
865.12199,0.9999621457164914
865.363044,0.9999671815385375
865.604098,0.9999609637619338
865.845152,0.999967749520058
866.086206,0.9999592508302699
866.32726,0.9999601617935624
866.568314,0.9999591188356576
866.809368,0.9999733163560147
867.050422,0.9999713804095482
867.291476,0.9999665605591106
867.53253,0.9999667745519775
867.773584,0.9999659505796946
868.014638,0.9999479513545777
868.255692,0.9999683275015842
868.496746,0.9999729613655505
868.7378,0.9999589218437306
868.978854,0.9999595418184543
869.219908,0.9999622257134664
869.460962,0.9999766172733802
869.702016,0.9999647616208863
869.94307,0.9999663815651122
870.184124,0.9999640826450437
870.425178,0.999969945451647
870.666232,0.999966671555405
870.907286,0.9999628756891242
871.14834,0.999980361192844
871.389394,0.9999638976517055
871.630448,0.9999838891297814
871.871502,0.999977167260671
872.112556,0.9999886760641162
872.35361,0.9999721123888666
872.594664,0.9999725673762813
872.835718,0.9999833951378623
873.076772,0.9999830971428549
873.317826,0.9999688574849382
873.55888,0.9999854121064043
873.799934,0.9999783372346411
874.040988,0.9999915899353647
874.282042,0.9999824591538424
874.523096,0.9999746033225011
874.76415,0.9999793932123228
875.005204,0.9999781732382073
875.246258,0.9999912640381587
875.487312,0.9999778312457305
875.728366,0.9999763512796354
875.96942,0.9999868910859225
876.210474,0.9999780622406361
876.451528,0.9999912827379955
876.692582,0.9999695884624402
876.933636,0.999995289811093
877.17469,0.9999790272199318
877.415744,0.9999837051327628
877.656798,0.9999815521701633
877.897852,0.999983337138827
878.138906,0.99998082618382
878.37996,0.9999849321135218
878.621014,0.9999819201634422
878.862068,0.9999737933434004
879.103122,0.9999911838388625
879.344176,0.9999822011584013
879.58523,0.9999932136230275
879.826284,0.9999833651383608
880.067338,0.99998307614321
880.308392,1.0
880.549446,0.9999859760983358
880.7905,0.9999879680723842
881.031554,0.9999887670630899
881.272608,0.9999989607005401
881.513662,0.9999823221562549
881.754716,0.9999947486137886
881.99577,1.0
882.236824,0.9999801281974469
882.477878,0.9999810741790957
882.718932,0.9999908350419985
882.959986,0.9999861250962574
883.20104,0.9999857251018873
883.442094,0.9999711454163015
883.683148,0.9999911305393339
883.924202,0.9999868290867372
884.165256,0.9999834521369174
884.40631,0.9999883620677212
884.647364,0.9999818431648373
884.888418,0.999980420191687
885.129472,0.9999888650619939
885.370526,0.9999903384466731
885.61158,1.0
885.852634,0.9999823241562196
886.093688,0.9999870810834499
886.334742,0.9999960514077957
886.575796,1.0
886.81685,0.9999847741159149
887.057904,0.999981358173761
887.298958,0.9999820671607953
887.540012,0.9999887770629776
887.781066,0.9999980115019771
888.02212,0.9999969844045469
888.263174,0.9999876610761251
888.504228,0.9999871220829211
888.745282,0.9999740463368021
888.986336,0.9999801821963753
889.22739,0.9999970309044077
889.468444,0.9999882780687024
889.709498,0.9999859880981676
889.950552,0.9999949740126303
890.191606,0.9999946862141182
890.43266,0.9999855791039821
890.673714,0.9999919625323006
890.914768,0.9999877610748963
891.155822,0.9999877340752271
891.396876,0.9999797852043217
891.63793,0.9999928253257381
891.878984,0.9999615267401148
892.120038,0.9999910459400878
892.361092,0.9999974352032891
892.602146,0.999981564169942
892.8432,0.9999878230741394
893.084254,0.999973665346763
893.325308,0.9999854081064627
893.566362,0.9999820741606698
893.807416,0.9999823961549495
894.04847,1.0
894.289524,0.9999633056732533
894.530578,0.9999797112058204
894.771632,0.9999852151092976
895.012686,0.9999906336438645
895.25374,0.9999872830808607
895.494794,0.9999703164405656
895.735848,0.9999798602028085
895.976902,0.9999786952269499
896.217956,0.9999852131093272
896.45901,0.999972370381705
896.700064,0.9999748933151781
896.941118,0.9999715824037876
897.182172,0.9999799532009398
897.423226,0.9999832341405486
897.66428,0.9999641366431056
897.905334,0.999967818517835
898.146388,0.9999630896812026
898.387442,0.9999728253692369
898.628496,0.9999700624481375
898.86955,0.9999711834152057
899.110604,0.9999682405043434
899.351658,0.9999719293939868
899.592712,0.9999547490238563
899.833766,0.9999450335107128
900.07482,0.9999462074468712
900.315874,0.9999607937685844
900.556928,0.9999537120713192
900.797982,0.9999530911002569
901.039036,0.9999440725639973
901.28009,0.9999363600251091
901.521144,0.9999472263925758
901.762198,0.9999411467319216
902.003252,0.9999478393604134
902.244306,0.9999325692735537
902.48536,0.9999339351823762
902.726414,0.9999494722765684
902.967468,0.9999259857391906
903.208522,0.9999397618143924
903.449576,0.9999431586155327
903.69063,0.9999285145552061
903.931684,0.9999368489941087
904.172738,0.9999392418458514
904.413792,0.9999374119587132
904.654846,0.9999476083724893
904.8959,0.9999169034527093
905.136954,0.999931159369625
905.378008,0.9999221070338147
905.619062,0.9999390108599132
905.860116,0.9999337111971998
906.10117,0.9999315593421687
906.342224,0.9999319113181395
906.583278,0.9999474803792036
906.824332,0.9999167484656013
907.065386,0.999924749831436
907.30644,0.9999194472445474
907.547494,0.9999278736012338
907.788548,0.9999341111707643
908.029602,0.9999412067283922
908.270656,0.999934240162273
908.51171,0.9999429976246972
908.752764,0.9999394618325088
908.993818,0.9999477123670459
909.234872,0.9999349011190242
909.475926,0.9999406577608203
909.71698,0.9999428866310306
909.958034,0.9999435675923682
910.199088,0.9999564829468944
910.440142,0.9999375279514597
910.681196,0.9999422786659403
910.92225,0.999941632703437
911.163304,0.9999591288352488
911.404358,0.9999638186545606
911.645412,0.9999515751725198
911.886466,0.9999568949290503
912.12752,0.9999639086513084
912.368574,0.9999561219626693
912.609628,0.9999732473578583
912.850682,0.9999581948738586
913.091736,0.9999628016918742
913.33279,0.9999692804718544
913.573844,0.9999730723625554
913.814898,0.9999725083779015
914.055952,0.9999673155341487
914.297006,0.9999911185394404
914.53806,0.9999747493188038
914.779114,0.9999727553711416
915.020168,0.9999715964033898
915.261222,0.9999706664302376
915.502276,0.9999896230538409
915.74333,0.9999789612213182
915.984384,0.9999831321422639
916.225438,0.9999832831397283
916.466492,0.9999828741466491
916.707546,0.9999710204199161
916.9486,0.9999873580799098
917.189654,0.9999744903253773
917.430708,0.9999831521419268
917.671762,0.9999771462611506
917.912816,0.9999721223885878
918.15387,0.9999860770969246
918.394924,0.9999624137063824
918.635978,0.9999865730901417
918.877032,0.9999750143121475
919.118086,0.9999891220591652
919.35914,0.9999871320827923
919.600194,0.9999913709372306
919.841248,0.9999866980884712
920.082302,0.9999785942291067
920.323356,0.9999851851097415
920.56441,0.9999993266502267
920.805464,0.9999928540255326
921.046518,0.999981358173761
921.287572,0.9999844551208229
921.528626,0.9999908896414995
921.76968,0.9999912982378606
922.010734,0.9999837381322256
922.251788,0.9999846581176879
922.492842,0.9999783302347928
922.733896,0.9999919611323119
922.97495,0.9999813491739288
923.216004,0.9999825311525821
923.457058,0.9999816551682685
923.698112,0.9999864350920042
923.939166,0.9999920831313386
924.18022,0.9999862790941325
924.421274,0.9999888070626414
924.662328,0.9999712954119846
924.903382,0.9999857751011748
925.144436,0.9999825151528617
925.38549,0.999984685117274
925.626544,0.9999862460945859
925.867598,0.9999692544726534
926.108652,0.9999822231580099
926.349706,0.9999944534153824
926.59076,0.9999889750607751
926.831814,0.9999791642170679
927.072868,0.9999847311165706
927.313922,0.9999850461118105
927.554976,0.9999845511193352
927.79603,0.9999928356256642
928.037084,0.9999812411759489
928.278138,0.9999752043074183
928.519192,0.9999930798239445
928.760246,0.9999743493289841
929.0013,0.999981585169555
929.242354,0.9999764242779117
929.483408,0.9999696414608298
929.724462,0.9999850921111236
929.965516,0.9999872040818685
930.20657,0.9999773942555137
930.447624,0.9999735863488466
930.688678,0.999986207095123
930.929732,0.999985946098757
931.170786,0.9999867810873706
931.41184,0.9999856771025737
931.652894,0.9999787912249093
931.893948,0.9999828691467347
932.135002,0.9999830781431762
932.376056,0.9999864270921127
932.61711,0.9999846571177032
932.858164,0.9999774652539112
933.099218,0.9999787452258859
933.340272,0.9999818181652915
933.581326,0.999990867341703
933.82238,0.9999739873383352
934.063434,0.999976484276499
934.304488,0.999980201195999
934.545542,0.999984877114352
934.786596,0.9999766272731464
935.02765,0.999965424597743
935.268704,0.9999742053326881
935.509758,0.9999903332467234
935.750812,0.9999814421721986
935.991866,0.9999751783080633
936.23292,0.9999780572407458
936.473974,0.9999647886199352
936.715028,0.9999848991140196
936.956082,0.9999640106476323
937.197136,0.9999756262970435
937.43819,0.9999659855785036
937.679244,0.9999767312707211
937.920298,0.9999819491629183
938.161352,0.9999750213119726
938.402406,0.9999763632793517
938.64346,0.9999693124708718
938.884514,0.9999763402798956
939.125568,0.9999819311632434
939.366622,0.9999735403500627
939.607676,0.9999808671830347
939.84873,0.9999740203374773
940.089784,0.9999833661383443
940.330838,0.9999722803841956
940.571892,0.9999838131310088
940.812946,0.9999754623010543
941.054,0.9999775262525384
941.295054,0.9999815311705509
941.536108,0.9999680755095974
941.777162,0.9999724053807385
942.018216,0.9999600837966729
942.25927,0.9999584018652264
942.500324,0.9999766952715594
942.741378,0.999976597273848
942.982432,0.9999823121564317
943.223486,0.9999788092245276
943.46454,0.9999804191917065
943.705594,0.9999724123805454
943.946648,0.9999715594044414
944.187702,0.9999828181476097
944.428756,0.9999728103696447
944.66981,0.9999725073779291
944.910864,0.9999680965089272
945.151918,0.9999696754597982
945.392972,0.9999678475169022
945.634026,0.9999760462868947
945.87508,0.999973717345395
946.116134,0.999973020363957
946.357188,0.9999629996845285
946.598242,0.9999601167953561
946.839296,0.9999748043174166
947.08035,0.9999616687346617
947.321404,0.9999662465696598
947.562458,0.9999723403825342
947.803512,0.9999590458386446
948.044566,0.9999603637855355
948.28562,0.9999580218811059
948.526674,0.9999583068691827
948.767728,0.9999565769428083
949.008782,0.9999636166618897
949.249836,0.9999561599610026
949.49089,0.9999438335773926
949.731944,0.9999447235278005
949.972998,0.9999443405490447
950.214052,0.9999475303765788
950.455106,0.9999494972753056
950.69616,0.9999392218470667
950.937214,0.9999462074468712
951.178268,0.9999457374722642
951.419322,0.9999452984961819
951.660376,0.9999467594173301
951.90143,0.9999428946305737
952.142484,0.9999439315718931
952.383538,0.9999345611412155
952.624592,0.9999418896884695
952.865646,0.9999424646552214
953.1067,0.9999453594928469
953.347754,0.9999438925740805
953.588808,0.9999453414938306
953.829862,0.9999430216233294
954.070916,0.9999352370972073
954.31197,0.9999305364127067
954.553024,0.9999332682266638
954.794078,0.9999453694923005
955.035132,0.9999326852657384
955.276186,0.9999411897293917
955.51724,0.9999413757184703
955.758294,0.9999356450708673
955.999348,0.9999346401360489
956.240402,0.9999386768803393
956.481456,0.99993937383784
956.72251,0.9999470844000797
956.963564,0.9999553209981363
957.204618,0.9999434885968295
957.445672,0.9999463834374193
957.686726,0.9999413937174153
957.92778,0.9999481523441361
958.168834,0.9999593278271353
958.409888,0.9999459544605128
958.650942,0.9999538930629575
958.891996,0.9999463364399404
959.13305,0.9999662745687151
959.374104,0.9999550000125298
959.615158,0.999956346952822
959.856212,0.9999513781820789
960.097266,0.9999676445234498
960.33832,0.9999379909226424
960.579374,0.9999455284836269
960.820428,0.9999533900862758
961.061482,0.9999659415800012
961.302536,0.9999589118441414
961.54359,0.9999645796273162
961.784644,0.9999489073052762
962.025698,0.9999513751822248
962.266752,0.9999748913152283
962.507806,0.9999587138522965
962.74886,0.9999663205671648
962.989914,0.9999546030304736
963.230968,0.9999647936197591
963.472022,0.9999679655131152
963.713076,0.9999658995814324
963.95413,0.9999571319188625
964.195184,0.9999546830268451
964.436238,0.9999541050532053
964.677292,0.9999611697539135
964.918346,0.9999648796167351
965.1594,0.9999691274765662
965.400454,0.9999576528966639
965.641508,0.9999636706599264
965.882562,0.9999614137444687
966.123616,0.9999638166546331
966.36467,0.9999602257910148
966.605724,0.9999522011424018
966.846778,0.9999600057997894
967.087832,0.9999656855887529
967.328886,0.9999478283609873
967.56994,0.9999580458800987
967.810994,0.9999538790636031
968.052048,0.9999577808912516
968.293102,0.9999527591158857
968.534156,0.9999631966772589
968.77521,0.9999460174571099
969.016264,0.9999455744811223
969.257318,0.9999405527670567
969.498372,0.9999463334401013
969.739426,0.9999334652135371
969.98048,0.9999420746777362
970.221534,0.999934402151633
970.462588,0.9999462824428397
970.703642,0.9999303104284311
970.944696,0.9999187473011794
971.18575,0.9999307094007045
971.426804,0.9999154595737433
971.667858,0.999915201595588
971.908912,0.9999229439689685
972.149966,0.9999108139773099
972.39102,0.9999073812893776
972.632074,0.9998962053870336
972.873128,0.9999024627570662
973.114182,0.9999008309175785
973.355236,0.9998899360574802
973.59629,0.9998869563899104
973.837344,0.9998878462896976
974.078398,0.9998906559784934
974.319452,0.9998740379338873
974.560506,0.9998728180883051
974.80156,0.9998600197981429
975.042614,0.999861359611467
975.283668,0.9998557204093014
975.524722,0.9998468317314572
975.765776,0.9998454819391455
976.00683,0.9998371732577132
976.247884,0.999839732844153
976.488938,0.999819706254871
976.729992,0.9998121676427065
976.971046,0.9998179465737366
977.2121,0.9997972305605022
977.453154,0.9997905019477823
977.694208,0.9997744354435107
977.935262,0.9997783445691957
978.176316,0.9997632580278044
978.41737,0.999759948816897
978.658424,0.9997581792433538
978.899478,0.9997376544186218
979.140532,0.9997308162364522
979.381586,0.9997213888193055
979.62264,0.9997170800294052
979.863694,0.9997091423073025
980.104748,0.9997010346990348
980.345802,0.999684499780665
980.586856,0.9996769921782628
980.82791,0.9996800511945391
981.068964,0.9996760824726137
981.310018,0.9996567389275673
981.551072,0.9996568288966778
981.792126,0.9996642663711522
982.03318,0.9996549395470568
982.274234,0.9996534200727034
982.515288,0.9996484718005211
982.756342,0.9996250003299593
982.997396,0.999628459038444
983.23845,0.9996318577809826
983.479504,0.999633387218895
983.720558,0.9996081467945295
983.961612,0.9996262898470415
984.202666,0.9996296785859079
984.44372,0.9996254701538199
984.684774,0.9996191525408121
984.925828,0.999627819276435
985.166882,0.9996401247706304
985.407936,0.9996206219820465
985.64899,0.9996425638955105
985.890044,0.9996406245908177
986.131098,0.9996372158220999
986.372152,0.9996473421983861
986.613206,0.9996441833177758
986.85426,0.9996568988726584
987.095314,0.9996685549400539
987.336368,0.9996655659355432
987.577422,0.9996756826022608
987.818476,0.9996905079025631
988.05953,0.9996926872302457
988.300584,0.9996931770797826
988.541638,0.9997020843856723
988.782692,0.9997204690760508
989.023746,0.9997345652340425
989.2648,0.9997500212498958
989.505854,0.9997477618174009
989.746908,0.9997532704427448
989.987962,0.999761568429326
990.229016,0.9997851530829052
990.47007,0.9997938912433288
990.711124,0.9997773147980311
990.952178,0.9997954509230157
991.193232,0.9997990801870896
991.434286,0.9998099880545568
991.67534,0.9998221958090391
991.916394,0.9998161668993756
992.157448,0.9998339037955022
992.398502,0.9998428823442719
992.639556,0.9998563703157308
992.88061,0.9998586899852008
993.121664,0.9998581600602355
993.362718,0.9998576401341275
993.603772,0.9998628494060028
993.844826,0.9998669188560811
994.08588,0.999869058573577
994.326934,0.999883466790522
994.567988,0.9998962253849579
994.809042,0.9998886362014082
995.050096,0.9998944655691498
995.29115,0.9999007189286918
995.532204,0.9999054704681978
995.773258,0.9999118948814839
996.014312,0.9999148096289058
996.255366,0.9999167454658511
996.49642,0.9999240858816225
996.737474,0.9999180833553516
996.978528,0.9999312833610964
997.219582,0.9999291005134874
997.460636,0.9999270116637782
997.70169,0.9999252967904237
997.942744,0.9999404077756872
998.183798,0.9999387698746407
998.424852,0.9999452195005064
998.665906,0.9999344451488131
998.90696,0.9999404437735425
999.148014,0.9999528861098942
999.389068,0.9999522691391538
999.630122,0.9999553379973769
999.871176,0.9999557109807876
1000.11223,0.9999546320291575
1000.353284,0.9999562459572361
1000.594338,0.999961399745009
1000.835392,0.9999647576210272
1001.076446,0.9999586058567612
1001.3175,0.9999573209107783
1001.558554,0.9999680215113228
1001.799608,0.9999711264168499
1002.040662,0.9999673445332014
1002.281716,0.9999560829643812
1002.52277,0.9999627096953007
1002.763824,0.9999698514544766
1003.004878,0.9999645266291949
1003.245932,0.9999575878994186
1003.486986,0.9999656365904355
1003.72804,0.9999752133071952
1003.969094,0.999959546818252
1004.210148,0.9999736803463681
1004.451202,0.9999695824626227
1004.692256,0.9999563999505098
1004.93331,0.9999689704814255
1005.174364,0.9999640096476683
1005.415418,0.9999843091231031
1005.656472,0.9999608787652554
1005.897526,0.9999627586934746
1006.13858,0.9999708984234591
1006.379634,0.9999706724300615
1006.620688,0.9999623827075481
1006.861742,0.9999840661269455
1007.102796,0.9999761472844806
1007.34385,0.9999584068650185
1007.584904,0.9999693054710866
1007.825958,0.999965349600339
1008.067012,0.999968839485499
1008.308066,0.9999652336043652
1008.54912,0.9999663375665925
1008.790174,0.999949110294925
1009.031228,0.9999791832166722
1009.272282,0.9999657345870727
1009.513336,0.9999586738539487
1009.75439,0.999962079718992
1009.995444,0.9999895930541526
1010.236498,0.9999675515264631
1010.477552,0.9999542420469271
1010.718606,0.9999607287711348
1010.95966,0.9999455254837903
1011.200714,0.9999878300740541
1011.441768,0.9999677005216394
1011.682822,0.9999564809469814
1011.923876,0.9999607047720777
1012.16493,0.9999634416682721
1012.405984,0.9999696864594646
1012.647038,0.9999592748292923
1012.888092,0.9999660605759553
1013.129146,0.9999525351264927
1013.3702,0.9999563419530403
1013.611254,0.9999615007411154
1013.852308,0.9999453854914265
1014.093362,0.9999509612024411
1014.334416,0.9999556229846889
1014.57547,0.99995004024803
1014.816524,0.9999387898734162
1015.057578,0.9999362690309045
1015.298632,0.9999478933575983
1015.539686,0.9999358520575673
1015.78074,0.9999453374940492
1016.021794,0.9999429446277197
1016.262848,0.9999408197512201
1016.503902,0.9999496032699579
1016.744956,0.9999399708018244
1016.98601,0.9999455064848255
1017.227064,0.9999323182905102
1017.468118,0.999924047884508
1017.709172,0.9999186073125645
1017.950226,0.9999276366183558
1018.19128,0.9999374519562104
1018.432334,0.9999283855644361
1018.673388,0.9999398848069906
1018.914442,0.999909226120198
1019.155496,0.9999245548461287
1019.39655,0.9999046025506261
1019.637604,0.9999206441488422
1019.878658,0.9999106829890018
1020.119712,0.999914836626606
1020.360766,0.9999040726013272
1020.60182,0.9999037396333265
1020.842874,0.9998944155744278
1021.083928,0.9998916858663994
1021.324982,0.9999061464045242
1021.566036,0.9998882662426812
1021.80709,0.9998921458166806
1022.048144,0.9998865664340735
1022.289198,0.9998936356570879
1022.530252,0.999875707724925
1022.771306,0.9998911959195933
1023.01236,0.999890296017922
1023.253414,0.9998761376715717
1023.494468,0.9998628494060028
1023.735522,0.9998771375482093
1023.976576,0.9998732780299072
1024.21763,0.999866178954835
1024.458684,0.9998579600886236
1024.699738,0.9998665189093936
1024.940792,0.9998484514846366
1025.181846,0.9998621595008746
1025.4229,0.9998583400347205
1025.663954,0.999857920094306
1025.905008,0.9998523908952961
1026.146062,0.9998419424924042
1026.387116,0.9998572701868691
1026.62817,0.9998431722987499
1026.869224,0.9998439321798495
1027.110278,0.999861999522942
1027.351332,0.9998443321175023
1027.592386,0.999845961865092
1027.83344,0.9998375631942867
1028.074494,0.9998472316702699
1028.315548,0.9998459018743361
1028.556602,0.9998407926748315
1028.797656,0.9998396528569775
1029.03871,0.9998373332316737
1029.279764,0.9998274348910715
1029.520818,0.9998219558517409
1029.761872,0.9998473716488921
1030.002926,0.9998488014316559
1030.24398,0.9998448020444489
1030.485034,0.9998486014619156
1030.726088,0.9998478215803106
1030.967142,0.9998460418527721
1031.208196,0.9998512010716588
1031.44925,0.9998527708392768
1031.690304,0.999851401041919
1031.931358,0.9998436322267149
1032.172412,0.9998555904280662
1032.413466,0.9998507511387196
1032.65452,0.9998521709277943
1032.895574,0.9998530607966224
1033.136628,0.9998424924056238
1033.377682,0.9998441421470973
1033.618736,0.9998455419298762
1033.85979,0.9998546505642529
1034.100844,0.9998559103819064
1034.341898,0.999848901416541
1034.582952,0.9998589299513152
1034.824006,0.9998638592679906
1035.06506,0.9998626194375738
1035.306114,0.9998642992081855
1035.547168,0.9998763776418735
1035.788222,0.9998805971290903
1036.029276,0.9998743978886058
1036.27033,0.9998596598486005
1036.511384,0.9998765376221067
1036.752438,0.999872158172463
1036.993492,0.99988401672658
1037.234546,0.9998786773601868
1037.4756,0.9998768175875765
1037.716654,0.9998664389200753
1037.957708,0.999880637124315
1038.198762,0.9998676787552283
1038.439816,0.9998813770362602
1038.68087,0.9998778574600075
1038.921924,0.9998648591323498
1039.162978,0.9998719481993318
1039.404032,0.9998797572297414
1039.645086,0.9998856765354254
1039.88614,0.9998763276480559
1040.127194,0.9998753777659958
1040.368248,0.9998841367126692
1040.609302,0.9998740379338873
1040.850356,0.999859649850004
1041.09141,0.9998630693758538
1041.332464,0.9998666788880495
1041.573518,0.9998687186181549
1041.814572,0.9998599698051431
1042.055626,0.9998657490124705
1042.29668,0.9998672388135463
1042.537734,0.9998620395174227
1042.778788,0.9998752977759688
1043.019842,0.99986286940326
1043.260896,0.9998611196447695
1043.50195,0.9998585600035795
1043.743004,0.9998688885958515
1043.984058,0.999876837585113
1044.225112,0.9998551504917031
1044.466166,0.9998477615894431
1044.70722,0.9998478115818324
1044.948274,0.9998459018743361
1045.189328,0.9998614995920672
1045.430382,0.9998636592952388
1045.671436,0.9998506911476763
1045.91249,0.9998570102240126
1046.153544,0.9998657790084434
1046.394598,0.9998663589307634
1046.635652,0.9998385730307355
1046.876706,0.9998798572177222
1047.11776,0.9998696984899793
1047.358814,0.9998659189896623
1047.599868,0.999867268809564
1047.840922,0.9998782274148832
1048.081976,0.9998617595560909
1048.32303,0.9998782674100131
1048.564084,0.9998796972369578
1048.805138,0.9998741079250724
1049.046192,0.9998680986997415
1049.287246,0.9998778374624505
1049.5283,0.9998838767428274
1049.769354,0.9998788673371535
1050.010408,0.9998913559021975
1050.251462,0.999892695757512
1050.492516,0.9998945555596558
1050.73357,0.9999003319671884
1050.974624,0.9999065093705213
1051.215678,0.9999092871146626
1051.456732,0.9998837367590945
1051.697786,0.9999053234821044
1051.93884,0.9998967653290655
1052.179894,0.9999203461725346
1052.420948,0.9999090301380088
1052.662002,0.9999203851694288
1052.903056,0.9999159415331109
1053.14411,0.9999221220326463
1053.385164,0.9999323682871274
1053.626218,0.9999019768045874
1053.867272,0.9999147636328256
1054.108326,0.9999280845860373
1054.34938,0.9999249048197842
1054.590434,0.9999267096858663
1054.831488,0.9999396488212057
1055.072542,0.9999247488315113
1055.313596,0.9999248128266972
1055.55465,0.9999346301367026
1055.795704,0.9999343241567527
1056.036758,0.9999353390906067
1056.277812,0.9999297024709871
1056.518866,0.9999258257510456
1056.75992,0.9999519451546711
1057.000974,0.9999305514116649
1057.242028,0.9999353590893137
1057.483082,0.9999430616210511
1057.724136,0.9999345131443578
1057.96519,0.9999370399820652
1058.206244,0.9999479623540053
1058.447298,0.9999295024850666
1058.688352,0.9999434605984122
1058.929406,0.9999318073252261
1059.17046,0.9999360140471885
1059.411514,0.9999407267567281
1059.652568,0.999928782536084
1059.893622,0.9999391858492555
1060.134676,0.9999472593908348
1060.37573,0.999944860520237
1060.616784,0.9999292825006002
1060.857838,0.9999382609059363
1061.098892,0.9999365110155108
1061.339946,0.9999393588387495
1061.581,0.9999404737717562
1061.822054,0.9999498102595472
1062.063108,0.999954050055731
1062.304162,0.9999351960998635
1062.545216,0.9999377499376155
1062.78627,0.9999363110282287
1063.027324,0.9999506412181848
1063.268378,0.999947830360883
1063.509432,0.9999472343921536
1063.750486,0.9999453274945959
1063.99154,0.9999550210115851
1064.232594,0.999945589480306
1064.473648,0.9999315913399791
1064.714702,0.9999438185782352
1064.955756,0.9999597058118326
1065.19681,0.9999568539308185
1065.437864,0.9999592078320231
1065.678918,0.9999542100483918
1065.919972,0.9999519641537582
1066.161026,0.9999670575426146
1066.40208,0.9999600747970321
1066.643134,0.9999447055287957
1066.884188,0.9999569359272839
1067.125242,0.99996539259885
1067.366296,0.999962155716113
1067.60735,0.9999654925953941
1067.848404,0.999949678266181
1068.089458,0.9999531150991313
1068.330512,0.9999458474663014
1068.571566,0.9999649746134032
1068.81262,0.9999597498100606
1069.053674,0.9999489133049696
1069.294728,0.9999544590370212
1069.535782,0.9999622657119561
1069.776836,0.9999607877688196
1070.01789,0.999970461436272
1070.258944,0.9999617787304513
1070.499998,0.9999659115810233
1070.741052,0.9999684994961513
1070.982106,0.9999681775063463
1071.22316,0.9999701014469706
1071.464214,0.9999648546176134
1071.705268,0.9999805141898509
1071.946322,0.9999803461931386
1072.187376,0.9999767682698608
1072.42843,0.9999765802742461
1072.669484,0.9999781572385565
1072.910538,0.9999739983380491
1073.151592,0.9999735293503538
1073.392646,0.999955515989443
1073.6337,0.9999687774874327
1073.874754,0.9999698884533618
1074.115808,0.9999741323345738
1074.356862,0.9999833051393607
1074.597916,0.9999761512843851
1074.83897,0.9999756842956316
1075.080024,0.9999792112160898
1075.321078,0.9999748433164347
1075.562132,0.9999729843649289
1075.803186,0.999980104197924
1076.04424,0.9999762532819578
1076.285294,0.9999608017682707
1076.526348,0.9999730823622861
1076.767402,0.9999859230990805
1077.008456,0.99997071342886
1077.24951,0.9999701884443732
1077.490564,0.9999711304167345
1077.731618,0.9999709244227027
1077.972672,0.9999604707813001
1078.213726,0.9999782662361817
1078.45478,0.9999645466284857
1078.695834,0.9999796242075892
1078.936888,0.9999774132550844
1079.177942,0.9999713064116689
1079.418996,0.9999562829556178
1079.66005,0.9999727703707331
1079.901104,0.9999636066622536
1080.142158,0.9999784662318549
1080.383212,0.9999677145211873
1080.624266,0.9999777162482865
1080.86532,0.9999699344519777
1081.106374,0.9999681065086082
1081.347428,0.9999670885415939
1081.588482,0.9999666435563386
1081.829536,0.9999659465798308
1082.07059,0.9999532190942607
1082.311644,0.9999531420978658
1082.552698,0.9999544290383878
1082.793752,0.9999699214523686
1083.034806,0.9999766762720024
1083.27586,0.9999590328391771
1083.516914,0.9999633416719329
1083.757968,0.9999701354459547
1083.999022,0.9999421116755938
1084.240076,0.9999654705961536
1084.48113,0.99995054922273
1084.722184,0.9999802811944182
1084.963238,0.9999561769602575
1085.204292,0.999948053349274
1085.445346,0.9999566299405083
1085.6864,0.9999576608963251
1085.927454,0.9999614057447774
1086.168508,0.9999607107718419
1086.409562,0.9999390178594864
1086.650616,0.9999499762512295
1086.89167,0.9999663995645073
1087.132724,0.9999603037879154
1087.373778,0.9999451195059894
1087.614832,0.9999504552273828
1087.855886,0.999949012299917
1088.09694,0.9999491582924834
1088.337994,0.9999459814590539
1088.579048,0.9999375249516471
1088.820102,0.999932234296199
1089.061156,0.9999371859728836
1089.30221,0.9999461244513395
1089.543264,0.9999396388218093
1089.784318,0.9999446565315062
1090.025372,0.9999329452482704
1090.266426,0.9999378359322657
1090.50748,0.99993173033048
1090.748534,0.9999280155910019
1090.989588,0.9999197582195439
1091.230642,0.9999246508388906
1091.471696,0.999926839676347
1091.71275,0.9999282465744002
1091.953804,0.9999354580829192
1092.194858,0.9999178633733974
1092.435912,0.9999284415604273
1092.676966,0.999917080438017
1092.91802,0.9999321233037272
1093.159074,0.9999060624124115
1093.400128,0.9999135167398928
1093.641182,0.99991282879963
1093.882236,0.9999176573903388
1094.12329,0.999911748894358
1094.364344,0.9999057904379995
1094.605398,0.9999038346241862
1094.846452,0.9999136747262409
1095.087506,0.9999143076717973
1095.32856,0.9998961753901479
1095.569614,0.9998966853373273
1095.810668,0.999902166785981
1096.051722,0.9998937456453938
1096.292776,0.9998990750932611
1096.53383,0.9998984951519657
1096.774884,0.9998943355828778
1097.015938,0.9999055444612053
1097.256992,0.9999011488860934
1097.498046,0.9999015748440735
1097.7391,0.9998959854098927
1097.980154,0.9998951354986663
1098.221208,0.999900452955136
1098.462262,0.999905334481063
1098.703316,0.9999041425946147
1098.94437,0.9999003079695807
1099.185424,0.9998901060387838
1099.426478,0.9998899860519782
1099.667532,0.9998974752560208
1099.908586,0.999893685651771
1100.14964,0.9998992350771259
1100.390694,0.999888776185827
1100.631748,0.9998875863188914
1100.872802,0.999895715438013
1101.113856,0.9998978852140697
1101.35491,0.9999053624784128
1101.595964,0.9998857965217137
1101.837018,0.9998948655270161
1102.078072,0.9998959254161353
1102.319126,0.9998900360464789
1102.56018,0.999898075194686
1102.801234,0.9998943855775958
1103.042288,0.9998857365285678
1103.283342,0.9998954554651608
1103.524396,0.9998991550851903
1103.76545,0.9998990051003283
1104.006504,0.999899715028874
1104.247558,0.9999007349271034
1104.488612,0.9999005819423027
1104.729666,0.9998923957897484
1104.97072,0.9999108469743672
1105.211774,0.9998954654641153
1105.452828,0.9998951354986663
1105.693882,0.9999005919413085
1105.934936,0.9998914158956806
1106.17599,0.9999088491544907
1106.417044,0.9998853465732066
1106.658098,0.999894095608266
1106.899152,0.9998936456560242
1107.140206,0.99989157587832
1107.38126,0.999900266973669
1107.622314,0.9998877662986732
1107.863368,0.999890785964287
1108.104422,0.9999188992888405
1108.345476,0.9998987951215592
1108.58653,0.9998929157339294
1108.827584,0.9998772875297912
1109.068638,0.9998961853891097
1109.309692,0.9999041535935603
1109.550746,0.9998996050399114
1109.7918,0.999897595243725
1110.032854,0.9998840467231009
1110.273908,0.9998864664454219
1110.514962,0.9998869763876498
1110.756016,0.9998909559457351
1110.99707,0.999886426449964
1111.238124,0.9998863164624632
1111.479178,0.9998857465274252
1111.720232,0.9999017188299106
1111.961286,0.9998805671326728
1112.20234,0.9998996650338894
1112.443394,0.9998786473638269
1112.684448,0.9998993450660478
1112.925502,0.9998845066698682
1113.166556,0.9998873063504065
1113.40761,0.9998870663774817
1113.648664,0.9998768975777251
1113.889718,0.9998829868465732
1114.130772,0.9998759376963642
1114.371826,0.9998728380857617
1114.61288,0.9998738379590997
1114.853934,0.999874927822177
1115.094988,0.999881956967627
1115.336042,0.9998761276728103
1115.577096,0.9998724581341554
1115.81815,0.9998846966479426
1116.059204,0.9998892961281259
1116.300258,0.9998888861735985
1116.541312,0.9998917958544908
1116.782366,0.9998823769181372
1117.02342,0.9998900860409818
1117.264474,0.9998937456453938
1117.505528,0.9998842666976154
1117.746582,0.9998844566756441
1117.987636,0.9998929357317878
1118.22869,0.999887686307655
1118.469744,0.9999028067235726
1118.710798,0.9999117018985069
1118.951852,0.9998969053146224
1119.192906,0.999902880716383
1119.43396,0.9999033956664992
1119.675014,0.9999040606024784
1119.916068,0.9998953654745738
1120.157122,0.9999127608055599
1120.398176,0.9999066693555756
1120.63923,0.9998997250278712
1120.880284,0.9999158695391657
1121.121338,0.999905517463756
1121.362392,0.9999147106373445
1121.603446,0.9999106829890018
1121.8445,0.9999168894538728
1122.085554,0.9999180553576457
1122.326608,0.999913039781259
1122.567662,0.9999129107924852
1122.808716,0.999926480702676
1123.04977,0.9999230259626533
1123.290824,0.9999241628757801
1123.531878,0.9999205521561472
1123.772932,0.999924627840624
1124.013986,0.9999332042309367
1124.25504,0.9999355310782102
1124.496094,0.9999269316696205
1124.737148,0.9999305724102067
1124.978202,0.9999385698869067
1125.219256,0.9999394388339015
1125.46031,0.9999322782932183
1125.701364,0.9999283355680181
1125.942418,0.9999372569684264
1126.183472,0.9999260957310551
1126.424526,0.9999319483156209
1126.66558,0.9999291745082436
1126.906634,0.9999346401360489
1127.147688,0.9999391748499245
1127.388742,0.9999294614879578
1127.629796,0.9999431516159306
1127.87085,0.9999385008911478
1128.111904,0.9999498972551845
1128.352958,0.9999387078784389
1128.594012,0.9999474403813051
1128.835066,0.999961218752012
1129.07612,0.9999447635255903
1129.317174,0.9999564769471555
1129.558228,0.9999532830912687
1129.799282,0.9999579008861925
1130.040336,0.9999568449312067
1130.28139,0.9999465274297089
1130.522444,0.9999405347681269
1130.763498,0.9999443485485995
1131.004552,0.9999574149067708
1131.245606,0.999952432131387
1131.48666,0.9999534150851108
1131.727714,0.9999521291458459
1131.968768,0.9999523131370546
1132.209822,0.9999455824806869
1132.450876,0.9999574369058342
1132.69193,0.9999517721629996
1132.932984,0.9999393258407513
1133.174038,0.9999503502325905
1133.415092,0.9999569289275853
1133.656146,0.9999503182341798
1133.8972,0.9999595498181306
1134.138254,0.9999459384613777
1134.379308,0.9999460774538728
1134.620362,0.9999578458885096
1134.861416,0.999939528828455
1135.10247,0.9999444325439283
1135.343524,0.9999483753325991
1135.584578,0.9999525291267776
1135.825632,0.9999418796890507
1136.066686,0.9999443915462074
1136.30774,0.9999524841289148
1136.548794,0.9999504692266893
1136.789848,0.9999442055565678
1137.030902,0.9999539160618973
1137.271956,0.9999427896365752
1137.51301,0.9999451905020954
1137.754064,0.9999335982046968
1137.995118,0.999939612823379
1138.236172,0.9999524821290098
1138.477226,0.9999427066413271
1138.71828,0.9999427236403533
1138.959334,0.9999483793323926
1139.200388,0.9999287335395749
1139.441442,0.9999346021385334
1139.682496,0.9999223390157703
1139.92355,0.9999256267658261
1140.164604,0.9999281015848149
1140.405658,0.9999275946213959
1140.646712,0.9999240268861032
1140.887766,0.9999240998805599
1141.12882,0.9999229929651939
1141.369874,0.9999303514255746
1141.610928,0.9999147686323994
1141.851982,0.9999146456428905
1142.093036,0.9999176183935509
1142.33409,0.9999024137618467
1142.575144,0.9999011558854014
1142.816198,0.9998997250278712
1143.057252,0.9998836367707258
1143.298306,0.9998894061159546
1143.53936,0.9998821269475742
1143.780414,0.9998896560883374
1144.021468,0.999879997200912
1144.262522,0.9998831968220224
1144.503576,0.9998782674100131
1144.74463,0.9998832168196865
1144.985684,0.9998756977261679
1145.226738,0.9998727680946655
1145.467792,0.999870578375701
1145.708846,0.9998621395036317
1145.9499,0.9998599598065434
1146.190954,0.9998668288680626
1146.432008,0.9998560303646228
1146.673062,0.9998464117958761
1146.914116,0.9998449820165295
1147.15517,0.9998589699456732
1147.396224,0.9998517509899707
1147.637278,0.9998433022783707
1147.878332,0.9998435522392275
1148.119386,0.9998342437390872
1148.36044,0.9998384930436529
1148.601494,0.9998411226223475
1148.842548,0.9998390629517564
1149.083602,0.9998340937639619
1149.324656,0.9998423124339914
1149.56571,0.9998338438054698
1149.806764,0.999827394897975
1150.047818,0.999830204416902
1150.288872,0.9998332339070111
1150.529926,0.9998261651110355
1150.77098,0.9998337438220903
1151.012034,0.9998302344118086
1151.253088,0.9998382730792087
1151.494142,0.9998269149809406
1151.735196,0.9998291545957385
1151.97625,0.9998371332642271
1152.217304,0.999837183256085
1152.458358,0.999837223249573
1152.699412,0.9998498912674434
1152.940466,0.9998334938636857
1153.18152,0.9998355935162274
1153.422574,0.9998385730307355
1153.663628,0.9998497612869659
1153.904682,0.999845461942236
1154.145736,0.9998525808672684
1154.38679,0.9998535007320659
1154.627844,0.9998523509012013
1154.868898,0.9998556804150733
1155.109952,0.9998542706195579
1155.351006,0.999858350033304
1155.59206,0.9998641592271934
1155.833114,0.9998559003833473
1156.074168,0.9998606597087603
1156.315222,0.9998625594458185
1156.556276,0.9998744778785608
1156.79733,0.9998759676926428
1157.038384,0.9998770375605005
1157.279438,0.9998699984509338
1157.520492,0.9998704783886483
1157.761546,0.9998765276233414
1158.0026,0.9998724781316047
1158.243654,0.999871098308537
1158.484708,0.9998666988853832
1158.725762,0.9998755577435801
1158.966816,0.999876177666618
1159.20787,0.9998853865686212
1159.448924,0.9998734880033177
1159.689978,0.9998705083847631
1159.931032,0.9998775574966953
1160.172086,0.999873657981825
1160.41314,0.9998711483020932
1160.654194,0.9998741079250724
1160.895248,0.9998737479704584
1161.136302,0.9998677287486134
1161.377356,0.9998675287750877
1161.61841,0.9998639592543815
1161.859464,0.9998632693484877
1162.100518,0.9998716082429272
1162.341572,0.9998743378961437
1162.582626,0.999869758482163
1162.82368,0.9998569902268727
1163.064734,0.9998501212329448
1163.305788,0.9998680387076574
1163.546842,0.9998504611820438
1163.787896,0.9998538206852373
1164.02895,0.9998655890339634
1164.270004,0.9998462318235382
1164.511058,0.9998427523647057
1164.752112,0.9998332239086788
1164.993166,0.999849421338105
1165.23422,0.9998449820165295
1165.475274,0.9998419424924042
1165.716328,0.9998265650415816
1165.957382,0.9998346736679045
1166.198436,0.9998313542222982
1166.43949,0.999827614860026
1166.680544,0.9998306943338222
1166.921598,0.9998277148427925
1167.162652,0.999819706254871
1167.403706,0.9998257551823919
1167.64476,0.9998144472170475
1167.885814,0.9998159869324817
1168.126868,0.9998126875451688
1168.367922,0.9998123876014076
1168.608976,0.9998027694525022
1168.85003,0.9998230656547279
1169.091084,0.9998117477216842
1169.332138,0.9998069586348826
1169.573192,0.9998044891147446
1169.814246,0.9998086483100704
1170.0553,0.9998200261972282
1170.296354,0.9998060088187231
1170.537408,0.9998088082794669
1170.778462,0.9998059688264834
1171.019516,0.9998039092283091
1171.26057,0.999811817708509
1171.501624,0.9998175866393406
1171.742678,0.9998146371818105
1171.983732,0.9998083983579396
1172.224786,0.9998294545445299
1172.46584,0.9998238255205465
1172.706894,0.9998491713757808
1172.947948,0.9998318241431451
1173.189002,0.9998262051040829
1173.430056,0.9998382330856785
1173.67111,0.9998459218712543
1173.912164,0.9998343337241733
1174.153218,0.9998383730630409
1174.394272,0.9998437022157716
1174.635326,0.9998465117805222
1174.87638,0.9998522609144938
1175.117434,0.9998554304511845
1175.358488,0.9998484114906994
1175.599542,0.9998594598766886
1175.840596,0.9998681386944662
1176.08165,0.999856870244041
1176.322704,0.9998642392163294
1176.563758,0.9998606197143347
1176.804812,0.9998690485748865
1177.045866,0.999889076152505
1177.28692,0.9998811470635699
1177.527974,0.999871098308537
1177.769028,0.9998903160157281
1178.010082,0.9998803371601688
1178.251136,0.9998883162370958
1178.49219,0.9998931757061212
1178.733244,0.9998872063616808
1178.974298,0.9998948755259648
1179.215352,0.9998842367010878
1179.456406,0.9998998150188504
1179.69746,0.9998934056815781
1179.938514,0.9998985151499358
1180.179568,0.9998967653290655
1180.420622,0.9998992450761183
1180.661676,0.9998986251387786
1180.90273,0.999894795534378
1181.143784,0.9999008859121258
1181.384838,0.9999022097817751
1181.625892,0.999909971052849
1181.866946,0.9999022907738574
1182.108,0.9999038706207249
1182.349054,0.9998871563673217
1182.590108,0.9998920158307102
1182.831162,0.9998953054808537
1183.072216,0.9999016848332528
1183.31327,0.9998934356783807
1183.554324,0.9998885962058636
1183.795378,0.9998909059511886
1184.036432,0.9998868364034829
1184.277486,0.999882396915785
1184.51854,0.9998942755892195
1184.759594,0.9998863664567802
1185.000648,0.9998846266560162
1185.241702,0.9998941356040307
1185.482756,0.9998769375728018
1185.72381,0.9998813670374465
1185.964864,0.9998803371601688
1186.205918,0.9998682586786501
1186.446972,0.9998774275126212
1186.688026,0.9998636592952388
1186.92908,0.9998679387208586
1187.170134,0.9998608896767385
1187.411188,0.9998714082686255
1187.652242,0.9998655990326194
1187.893296,0.9998692985421799
1188.13435,0.9998632193553255
1188.375404,0.9998601997729626
1188.616458,0.9998531107892766
1188.857512,0.9998659789816192
1189.098566,0.9998547305526282
1189.33962,0.9998500812389408
1189.580674,0.9998547905439138
1189.821728,0.9998412026096405
1190.062782,0.9998330539370451
1190.303836,0.999850411189522
1190.54489,0.9998488414256087
1190.785944,0.9998537506954723
1191.026998,0.9998383930598086
1191.268052,0.9998486714513201
1191.509106,0.9998385530339643
1191.75016,0.9998319541212907
1191.991214,0.9998354935326731
1192.232268,0.9998374032202895
1192.473322,0.9998355535228045
1192.714376,0.9998333038953399
1192.95543,0.9998378831423582
1193.196484,0.9998309542898365
1193.437538,0.999831594181852
1193.678592,0.9998291246008644
1193.919646,0.9998376531796715
1194.1607,0.9998376931731784
1194.401754,0.9998323840491234
1194.642808,0.999832314060859
1194.883862,0.9998238255205465
1195.124916,0.9998432522862069
1195.36597,0.9998390229581947
1195.607024,0.9998505011760631
1195.848078,0.9998359134636685
1196.089132,0.9998490713908686
1196.330186,0.9998437022157716
1196.57124,0.9998445220879435
1196.812294,0.9998428123552726
1197.053348,0.9998340237755778
1197.294402,0.999848901416541
1197.535456,0.9998451819855458
1197.77651,0.9998455419298762
1198.017564,0.999848571466458
1198.258618,0.9998503411999957
1198.499672,0.9998406027050989
1198.740726,0.999842242445032
1198.98178,0.9998507111446904
1199.222834,0.9998538106866992
1199.463888,0.9998504311865304
1199.704942,0.9998546205686138
1199.945996,0.9998475016290589
1200.18705,0.9998642392163294
1200.428104,0.9998529608113214
1200.669158,0.999856670272687
1200.910212,0.9998517809855236
1201.151266,0.9998608996753474
1201.39232,0.9998621794981181
1201.633374,0.9998640992353457
1201.874428,0.9998665189093936
1202.115482,0.9998699884522338
1202.356536,0.9998713182802028
1202.59759,0.9998790073202047
1202.838644,0.9998851565950088
1203.079698,0.9998847066467895
1203.320752,0.9998810870707029
1203.561806,0.9998756077373592
1203.80286,0.9998803771553831
1204.043914,0.999890805962103
1204.284968,0.9998737279729836
1204.526022,0.9998780974307221
1204.767076,0.9998767175998997
1205.00813,0.9998892461336624
1205.249184,0.9998892961281259
1205.490238,0.9998767875912724
1205.731292,0.9998809270897417
1205.972346,0.9998901360354874
1206.2134,0.9998775674954709
1206.454454,0.9998868364034829
1206.695508,0.9998859065091574
1206.936562,0.9998892261358776
1207.177616,0.999881407032702
1207.41867,0.999882446909906
1207.659724,0.9998739879401867
1207.900778,0.9998813470398193
1208.141832,0.9998893261248052
1208.382886,0.9998879162818494
1208.62394,0.9998971152929945
1208.864994,0.9998935356677293
1209.106048,0.9998919158415136
1209.347102,0.9998835667788737
1209.588156,0.9998830368407238
1209.82921,0.9998750178109246
1210.070264,0.9998678987261418
1210.311318,0.999882996845403
1210.552372,0.9998879262807285
1210.793426,0.9998845966594778
1211.03448,0.9998843366895165
1211.275534,0.9998819269711688
1211.516588,0.999890845957736
1211.757642,0.9998814770244029
1211.998696,0.999873298027373
1212.23975,0.9998671388268275
1212.480804,0.999876087677766
1212.721858,0.9998696684938888
1212.962912,0.9998589999414428
1213.203966,0.9998525208761153
1213.44502,0.9998537606940099
1213.686074,0.9998687286168422
1213.927128,0.9998576301355512
1214.168182,0.9998490613923781
1214.409236,0.9998413925794871
1214.65029,0.9998442121361897
1214.891344,0.9998473016595786
1215.132398,0.999837223249573
1215.373452,0.9998381530986231
1215.614506,0.9998332439053434
1215.85556,0.9998225957379975
1216.096614,0.9998218758659877
1216.337668,0.9998152270726204
1216.578722,0.9998224557628438
1216.819776,0.9998160169269618
1217.06083,0.9998100580412584
1217.301884,0.9998064087412065
1217.542938,0.9998033093461435
1217.783992,0.9997852230678683
1218.025046,0.9997964307230377
1218.2661,0.9997954909148346
1218.507154,0.9997886923286116
1218.748208,0.9997799642114258
1218.989262,0.9997688467200371
1219.230316,0.9997836933976472
1219.47137,0.9997758551242171
1219.712424,0.9997709962253682
1219.953478,0.9997662573220774
1220.194532,0.9997623882341482
1220.435586,0.9997546700983031
1220.67664,0.9997544601498445
1220.917694,0.9997462621968829
1221.158748,0.9997609385797362
1221.399802,0.999734805170367
1221.640856,0.9997504311474885
1221.88191,0.9997451924689547
1222.122964,0.9997493614150994
1222.364018,0.9997510509929479
1222.605072,0.9997342653137179
1222.846126,0.9997309761933957
1223.08718,0.9997307262606828
1223.328234,0.9997309861907054
1223.569288,0.9997247678833103
1223.810342,0.9997230183664974
1224.051396,0.9997204390844372
1224.29245,0.9997177298457184
1224.533504,0.9997112916842691
1224.774558,0.9997246679108386
1225.015612,0.9997063331285595
1225.256666,0.9997165001936669
1225.49772,0.9997170500378932
1225.738774,0.9997129112178734
1225.979828,0.9997034039932946
1226.220882,0.999709712141676
1226.461936,0.9997100120546346
1226.70299,0.9997002549325318
1226.944044,0.9997076827330202
1227.185098,0.999703683910287
1227.426152,0.9996921074086553
1227.667206,0.9996971758604885
1227.90826,0.9996892982777803
1228.149314,0.9996992952207477
1228.390368,0.9996934370000423
1228.631422,0.9996898181163506
1228.872476,0.9996788815695634
1229.11353,0.9996894282373976
1229.354584,0.9996882286108034
1229.595638,0.9996783917270314
1229.836692,0.9996847197112791
1230.077746,0.9996867690670551
1230.3188,0.9996811808336352
1230.559854,0.9996709941343038
1230.800908,0.9996814307539617
1231.041962,0.9996729634881021
1231.283016,0.9996819106011636
1231.52407,0.9996737632267928
1231.765124,0.9996712240586589
1232.006178,0.9996705142923418
1232.247232,0.9996633366838168
1232.488286,0.9996654059890655
1232.72934,0.9996698944968151
1232.970394,0.9996668655016236
1233.211448,0.999667815185597
1233.452502,0.9996623470176034
1233.693556,0.999667465301923
1233.93461,0.9996662457083592
1234.175664,0.9996698944968151
1234.416718,0.9996641863980141
1234.657772,0.9996612773794643
1234.898826,0.9996702543780419
1235.13988,0.9996651660693968
1235.380934,0.9996661357450782
1235.621988,0.9996487517021323
1235.863042,0.9996695246190226
1236.104096,0.9996722037369385
1236.34515,0.9996670954250292
1236.586204,0.9996525203850302
1236.827258,0.9996629668084507
1237.068312,0.9996566489584648
1237.309366,0.9996485117864607
1237.55042,0.9996439034174437
1237.791474,0.9996504611029593
1238.032528,0.9996519205936979
1238.273582,0.9996452329447193
1238.514636,0.9996525203850302
1238.75569,0.9996357563528301
1238.996744,0.9996258000302795
1239.237798,0.9996213117205136
1239.478852,0.9996284790310134
1239.719906,0.9996170633389666
1239.96096,0.999622881127205
1240.202014,0.9995951819609427
1240.443068,0.9996010296098614
1240.684122,0.9995905838336813
1240.925176,0.9995871752356021
1241.16623,0.9995792785281098
1241.407284,0.9995594670631416
1241.648338,0.9995411553014413
1241.889392,0.9995383665855082
1242.130446,0.9995241332605096
1242.3715,0.9995193955273464
1242.612554,0.999509690241135
1242.853608,0.9995056522301432
1243.094662,0.9994828537662334
1243.335716,0.9994799352805613
1243.57677,0.9994575871590614
1243.817824,0.9994493316734867
1244.058878,0.9994528397467976
1244.299932,0.9994180993698791
1244.540986,0.9994300324932263
1244.78204,0.9994191987303931
1245.023094,0.9994074156475015
1245.264148,0.999395882552471
1245.505202,0.9993901760182738
1245.746256,0.9993708979677158
1245.98731,0.9993747555468271
1246.228364,0.9993585758005101
1246.469418,0.9993532692205617
1246.710472,0.9993480226296706
1246.951526,0.9993345814891581
1247.19258,0.9993337220617875
1247.433634,0.9993283756406762
1247.674688,0.9993333423150453
1247.915742,0.9993211805022741
1248.156796,0.9993163437994653
1248.39785,0.9993148748055196
1248.638904,0.9993150047164618
1248.879958,0.9993175729593241
1249.121012,0.9993145150522295
1249.362066,0.9992976467655841
1249.60312,0.9993171832255466
1249.844174,0.9992938094699881
1250.085228,0.9993089189066144
1250.326282,0.9993022735243996
1250.567336,0.9993042121726907
1250.80839,0.9992903619122925
1251.049444,0.999290831578873
1251.290498,0.9992893826082178
1251.531552,0.9992885332126035
1251.772606,0.9992817680521338
1252.01366,0.999282927219657
1252.254714,0.9992777209691684
1252.495768,0.9992817380736811
1252.736822,0.9992701864435576
1252.977876,0.9992740736121434
1253.21893,0.9992584251026787
1253.459984,0.9992670687254395
1253.701038,0.999250061344663
1253.942092,0.9992411480738691
1254.183146,0.9992471235538012
1254.4242,0.9992515102583024
1254.665254,0.999237790629252
1254.906308,0.9992318851513601
1255.147362,0.9992388698066487
1255.388416,0.9992283178998976
1255.62947,0.9992141089742429
1255.870524,0.9992247706456655
1256.111578,0.9992090829399152
1256.352632,0.9991961532580371
1256.593686,0.9991964929847871
1256.83474,0.9991849623237901
1257.075794,0.9991818648552079
1257.316848,0.9991704043049444
1257.557902,0.9991522595351572
1257.798956,0.9991521396368933
1258.04001,0.9991362132787209
1258.281064,0.9991292093584145
1258.522118,0.999129948714303
1258.763172,0.9991002150494684
1259.004226,0.9990974375547313
1259.24528,0.9990980569953346
1259.486334,0.9991067791594443
1259.727388,0.9991025329646561
1259.968442,0.9991013040692963
1260.209496,0.9991102460659832
1260.45055,0.999121965697905
1260.691604,0.9991325264728961
1260.932658,0.9991309478447513
1261.173712,0.9991608722647553
1261.414766,0.9991812153872068
1261.65582,0.9992021284688996
1261.896874,0.9992029078468637
1262.137928,0.9991987311874381
1262.378982,0.9992289274293575
1262.620036,0.9992568962384579
1262.86109,0.9992769115545422
1263.102144,0.999278350514331
1263.343198,0.9992895924590101
1263.584252,0.9993090088444211
1263.825306,0.999318012659153
1264.06636,0.9993143751482071
1264.307414,0.9993428160400358
1264.548468,0.9993554078388461
1264.789522,0.9993757948971133
1265.030576,0.9993905258048966
1265.27163,0.9993987408287824
1265.512684,0.9994124426794452
1265.753738,0.9994279836637596
1265.994792,0.9994491417781317
1266.235846,0.9994803950414373
1266.4769,0.9994876013210642
1266.717954,0.9995098601577969
1266.959008,0.9995332489621724
1267.200062,0.9995311499445536
1267.441116,0.9995675835189669
1267.68217,0.999579148582812
1267.923224,0.9995836067157563
1268.164278,0.999612005289423
1268.405332,0.9996271495260204
1268.646386,0.9996487716951076
1268.88744,0.9996411743933125
1269.128494,0.9996515407260402
1269.369548,0.9996705942659861
1269.610602,0.9996835900681841
1269.851656,0.9996959462337183
1270.09271,0.9996924273101809
1270.333764,0.9996981655611824
1270.574818,0.9997063231314962
1270.815872,0.9997307362579901
1271.056926,0.9997230883471111
1271.29798,0.9997240580789771
1271.539034,0.9997278670348945
1271.780088,0.9997298065088378
1272.021142,0.9997342853084035
1272.262196,0.9997444526577859
1272.50325,0.999750641095101
1272.744304,0.999733305569284
1272.985358,0.9997372245315229
1273.226412,0.9997471419739807
1273.467466,0.9997441027472888
1273.70852,0.9997622382698013
1273.949574,0.9997375744396128
1274.190628,0.9997480917342167
1274.431682,0.9997503311724504
1274.672736,0.999746972016981
1274.91379,0.9997461622222616
1275.154844,0.9997448025684056
1275.395898,0.9997462621968829
1275.636952,0.9997372345288952
1275.878006,0.9997379443425837
1276.11906,0.9997321558766435
1276.360114,0.9997289267469951
1276.601168,0.9997264974086548
1276.842222,0.9997245779356224
1277.083276,0.9997227884302295
1277.32433,0.9997228484135987
1277.565384,0.9997141708569351
1277.806438,0.9997170200463822
1278.047492,0.9997085724732538
1278.288546,0.9997013845944581
1278.5296,0.9996955563523753
1278.770654,0.9996859493242406
1279.011708,0.9996902379861624
1279.252762,0.9996926572394657
1279.493816,0.9996724436582962
1279.73487,0.9996732733867688
1279.975924,0.9996673153518144
1280.216978,0.9996730834488649
1280.458032,0.9996611374268953
1280.699086,0.9996422640027863
1280.94014,0.9996473821842806
1281.181194,0.9996436734993723
1281.422248,0.9996352065533154
1281.663302,0.9996197123276943
1281.904356,0.9996115254757756
1282.14541,0.9995994502414823
1282.386464,0.9995958716818562
1282.627518,0.9995840065492789
1282.868572,0.9995792385449395
1283.109626,0.99958753508705
1283.35068,0.9995724414292275
1283.591734,0.999553179853867
1283.832788,0.9995552189444339
1284.073842,0.999558737384997
1284.314896,0.9995410053702792
1284.55595,0.9995357078169893
1284.797004,0.9995280913839144
1285.038058,0.9995201851479807
1285.279112,0.9995164469494787
1285.520166,0.9995025437723984
1285.76122,0.9995041229876652
1286.002274,0.9994965667650579
1286.243328,0.9994920490507863
1286.484382,0.9994849326927313
1286.725436,0.9994917192184645
1286.96649,0.9994771967092905
1287.207544,0.9994983958454488
1287.448598,0.9994741682979725
1287.689652,0.9994700104940807
1287.930706,0.9994718695100291
1288.17176,0.9994720294255409
1288.412814,0.9994719494677818
1288.653868,0.9994596360492152
1288.894922,0.9994449141172035
1289.135976,0.9994665823178239
1289.37703,0.9994674018807574
1289.618084,0.9994574372404346
1289.859138,0.9994561479411721
1290.100192,0.9994712398429496
1290.341246,0.9994627143896349
1290.5823,0.9994593661951499
1290.823354,0.9994595261086613
1291.064408,0.9994679315986209
1291.305462,0.9994659126754382
1291.546516,0.9994713697742192
1291.78757,0.999474877924884
1292.028624,0.9994821141491952
1292.269678,0.9994645534027212
1292.510732,0.9994643535098305
1292.751786,0.9994670320778872
1292.99284,0.9994770267981815
1293.233894,0.9994599158979525
1293.474948,0.9994745381034832
1293.716002,0.9994740783453014
1293.957056,0.999467261955331
1294.19811,0.9994643535098305
1294.439164,0.9994615050404821
1294.680218,0.999460835401498
1294.921272,0.999469360838785
1295.162326,0.9994620147659796
1295.40338,0.9994626644165003
1295.644434,0.9994608753799322
1295.885488,0.9994461334407425
1296.126542,0.999459066357385
1296.367596,0.9994660526006757
1296.60865,0.9994574772187329
1296.849704,0.9994402966923666
1297.090758,0.9994511406784141
1297.331812,0.999460905363759
1297.572866,0.9994492617120359
1297.81392,0.9994431850789977
1298.054974,0.9994328109125785
1298.296028,0.9994285333493018
1298.537082,0.9994363189279014
1298.778136,0.9994499213487663
1299.01919,0.9994409963008191
1299.260244,0.9994251452923165
1299.501298,0.9994330507764819
1299.742352,0.9994344299950437
1299.983406,0.9994122827734672
1300.22446,0.9994088847774822
1300.465514,0.9993834101696846
1300.706568,0.999407125819393
1300.947622,0.9994210376634106
1301.188676,0.9994091046474611
1301.42973,0.9994031381929163
1301.670784,0.9993856088156055
1301.911838,0.9993926944846906
1302.152892,0.9993947532357618
1302.393946,0.999378353302423
1302.635,0.999384739350504
1302.876054,0.9993719772888684
1303.117108,0.9993731065798408
1303.358162,0.9993918150195065
1303.599216,0.9993755750344626
1303.84027,0.9993456541776635
1304.081324,0.9993510706457878
1304.322378,0.9993578662561733
1304.563432,0.9993535590330518
1304.804486,0.9993311537774221
1305.04554,0.9993299645740567
1305.286594,0.9993202011679971
1305.527648,0.9993311737640453
1305.768702,0.9993440052586945
1306.009756,0.9993251478152358
1306.25081,0.9993123465420847
1306.491864,0.9993129661159316
1306.732918,0.9993187921275068
1306.973972,0.999303512659987
1307.215026,0.9993094785197657
1307.45608,0.9992928201696065
1307.697134,0.9992996053908912
1307.938188,0.9993104678366391
1308.179242,0.9993050915607844
1308.420296,0.9992989558463589
1308.66135,0.9992871741811225
1308.902404,0.9992973369833617
1309.143458,0.9993116470236869
1309.384512,0.9993202911068192
1309.625566,0.9992896324305945
1309.86662,0.9993155643330212
1310.107674,0.9993038624162777
1310.348728,0.9993052414565593
1310.589782,0.9993207208146369
1310.830836,0.99930681036702
1311.07189,0.9993209906312679
1311.312944,0.99933712979559
1311.553998,0.9993472431385169
1311.795052,0.999354298554959
1312.036106,0.9993558975231159
1312.27716,0.9993669804414741
1312.518214,0.9993846993751152
1312.759268,0.9993983710513167
1313.000322,0.9993919949100494
1313.241376,0.9994087148779863
1313.48243,0.9994130423270907
1313.723484,0.9994323711622385
1313.964538,0.9994499013597681
1314.205592,0.9994614450727936
1314.446646,0.9994405565468775
1314.6877,0.9994797453793917
1314.928754,0.9994773766152021
1315.169808,0.9994980860009941
1315.410862,0.9995037631662457
1315.651916,0.9995059620769434
1315.89297,0.9995291308936699
1316.134024,0.9995361775988824
1316.375078,0.999547712312927
1316.616132,0.999557647866567
1316.857186,0.9995750603124548
1317.09824,0.9995807878939599
1317.339294,0.9996071671790255
1317.580348,0.9996047381365606
1317.821402,0.999622631221516
1318.062456,0.9996179629947284
1318.30351,0.9996641164215235
1318.544564,0.9996603976779274
1318.785618,0.9996448730725003
1319.026672,0.9996631467478009
1319.267726,0.9996730434619424
1319.50878,0.9996826703597044
1319.749834,0.999696066197239
1319.990888,0.9996783117527633
1320.231942,0.9996964760727103
1320.472996,0.9997025742398137
1320.71405,0.999716910077516
1320.955104,0.9997110517535879
1321.196158,0.9997193393925591
1321.437212,0.9997174199332701
1321.678266,0.9997277870566683
1321.91932,0.9997327257241349
1322.160374,0.9997498412949081
1322.401428,0.9997252977375777
1322.642482,0.9997315660348456
1322.883536,0.9997391540262283
1323.12459,0.9997437628343516
1323.365644,0.9997388041175855
1323.606698,0.9997413834470275
1323.847752,0.9997457323315043
1324.088806,0.9997537803170427
1324.32986,0.9997608885916907
1324.570914,0.999731106158431
1324.811968,0.9997496413449598
1325.053022,0.9997422832146775
1325.294076,0.9997654675070461
1325.53513,0.9997481917090308
1325.776184,0.999754370171947
1326.017238,0.9997543601744034
1326.258292,0.9997631880443787
1326.499346,0.9997744954299786
1326.7404,0.9997633779994025
1326.981454,0.9997766249519219
1327.222508,0.9997576893619659
1327.463562,0.9997787144872516
1327.704616,0.9997860228963666
1327.94567,0.9998064987237874
1328.186724,0.9997860228963666
1328.427778,0.9997847531689239
1328.668832,0.99980510899372
1328.909886,0.999800269948703
1329.15094,0.999811447778205
1329.391994,0.9997882324259189
1329.633048,0.9997922315868468
1329.874102,0.9998177466101672
1330.115156,0.9998339437888591
1330.35621,0.9998261951058209
1330.597264,0.9998103079938042
1330.838318,0.9998090382355193
1331.079372,0.9998300244474814
1331.320426,0.9998388829807412
1331.56148,0.9998154870246132
1331.802534,0.9998247053659001
1332.043588,0.9998337538204278
1332.284642,0.9998599398093444
1332.525696,0.9998669188560811
1332.76675,0.9998338438054698
1333.007804,0.9998537406969349
1333.248858,0.9998549105264959
1333.489912,0.9998783374014942
1333.730966,0.9998691385631049
1333.97202,0.9998699384587357
1334.213074,0.9998546905584398
1334.454128,0.9998838567451501
1334.695182,0.9998884362237009
1334.936236,0.9998810270778394
1335.17729,0.9998941156061482
1335.418344,0.9998811570623815
1335.659398,0.9999044515650425
1335.900452,0.999914126687324
1336.141506,0.9998810370766498
1336.38256,0.9999026457392336
1336.623614,0.9998823769181372
1336.864668,0.9999214550848133
1337.105722,0.9999283035703118
1337.346776,0.9999231479532699
1337.58783,0.9999184353265789
1337.828884,0.9999193202547857
1338.069938,0.9999304664175717
1338.310992,0.9999407427557798
1338.552046,0.9999182633406227
1338.7931,0.999910829975883
1339.034154,0.9999113419303589
1339.275208,0.9999275656234962
1339.516262,0.9999359160534639
1339.757316,0.9999442885519404
1339.99837,0.9999187932974428
1340.239424,0.9999446065342746
1340.480478,0.9999361820364528
1340.721532,0.9999236149174889
1340.962586,0.9999284335609998
1341.20364,0.999932122303795
1341.444694,0.9999499642518298
1341.685748,0.9999623557085641
1341.926802,0.9999605097797593
1342.167856,0.999935462082661
1342.40891,0.9999339211833012
1342.649964,0.9999376329449057
1342.891018,0.9999488543079855
1343.132072,0.9999554719914012
1343.373126,0.9999198222144104
1343.61418,0.9999437255834643
1343.855234,0.9999572709129134
1344.096288,0.9999445645366021
1344.337342,0.999935691067908
1344.578396,0.9999394988302696
1344.81945,0.9999452245002325
1345.060504,0.9999625177024789
1345.301558,0.9999725683762539
1345.542612,0.9999390788557683
1345.783666,0.9999497302635656
1346.02472,0.9999480853476123
1346.265774,0.9999482853372492
1346.506828,0.999942852632973
1346.747882,0.9999473193876722
1346.988936,0.9999426516444798
1347.22999,0.9999599058037938
1347.471044,0.9999554929904664
1347.712098,0.9999556419838459
1347.953152,0.9999454324888608
1348.194206,0.9999367969973939
1348.43526,0.9999524151321958
1348.676314,0.9999582628710182
1348.917368,0.9999434116011838
1349.158422,0.9999497992600993
1349.399476,0.9999432896080951
1349.64053,0.9999481503442399
1349.881584,0.9999487433136688
1350.122638,0.9999553359974662
1350.363692,0.9999455854805237
1350.604746,0.9999349661147948
1350.8458,0.9999604527820118
1351.086854,0.9999688424854054
1351.327908,0.999964188641242
1351.568962,0.9999542280475677
1351.810016,0.9999492502878102
1352.05107,0.9999715414049535
1352.292124,0.9999582578712269
1352.533178,0.9999468124145098
1352.774232,0.9999503072347263
1353.015286,0.9999547810224088
1353.25634,0.9999654065983655
1353.497394,0.999965018611863
1353.738448,0.9999534920815267
1353.979502,0.9999437205837458
1354.220556,0.999952864110931
1354.46161,0.9999712344137374
1354.702664,0.9999607617698395
1354.943718,0.9999448895186384
1355.184772,0.999944091562935
1355.425826,0.9999564859467639
1355.66688,0.9999599838006694
1355.907934,0.9999571329188196
1356.148988,0.9999544960353368
1356.390042,0.9999642296397746
1356.631096,0.9999861790955096
1356.87215,0.9999778202459744
1357.113204,0.9999687754874952
1357.354258,0.9999574569049832
1357.595312,0.9999658335836853
1357.836366,0.9999652446039827
1358.07742,0.99998183916491
1358.318474,0.9999641736417793
1358.559528,0.9999665565592444
1358.800582,0.9999619767229031
1359.041636,0.9999802101958207
1359.28269,0.999981610169095
1359.523744,0.9999649406145946
1359.764798,0.9999742243321982
1360.005852,0.999978765225461
1360.246906,0.9999836261340532
1360.48796,0.9999655065949111
1360.729014,0.9999594328228701
1360.970068,0.9999679755127948
1361.211122,0.9999842341242827
1361.452176,0.9999904034460472
1361.69323,0.9999865290907335
1361.934284,0.9999790982184453
1362.175338,0.9999726963727508
1362.416392,0.9999860090978736
1362.657446,0.9999846381179949
1362.8985,0.9999825381524599
1363.139554,0.9999648036194071
1363.380608,0.9999691144769676
1363.621662,0.9999828591469061
1363.862716,0.9999911617390577
1364.10377,0.9999700384488562
1364.344824,0.9999738863409675
1364.585878,0.9999855851038956
1364.826932,0.9999818311650552
1365.067986,0.9999903892461836
1365.30904,0.9999602887885111
1365.550094,0.999976254281934
1365.791148,0.9999986142009603
1366.032202,0.999989441055746
1366.273256,0.9999805091899483
1366.51431,0.9999831731415731
1366.755364,0.9999816491683786
1366.996418,0.9999731443606191
1367.237472,0.999991698334459
1367.478526,0.9999814271724771
1367.71958,0.9999733013564152
1367.960634,0.9999768492679824
1368.201688,0.9999735793490315
1368.442742,0.9999817161671513
1368.683796,0.9999872040818685
1368.92485,0.9999784952312308
1369.165904,0.9999851961095787
1369.406958,0.9999833811380948
1369.648012,0.9999811811770762
1369.889066,0.9999729803650369
1370.13012,0.9999760782861288
1370.371174,0.9999786032289142
1370.612228,0.9999897600524286
1370.853282,0.9999650626103248
1371.094336,0.9999797902042207
1371.33539,0.9999759552890787
1371.576444,0.9999804921902798
1371.817498,0.9999628846887902
1372.058552,0.9999710574188446
1372.299606,0.9999642016407766
1372.54066,0.9999760762861766
1372.781714,0.9999694934653338
1373.022768,0.9999847711159606
1373.263822,0.9999636246615987
1373.504876,0.9999588678459502
1373.74593,0.9999760692863441
1373.986984,0.9999715404049819
1374.228038,0.999967232536865
1374.469092,0.9999569419270254
1374.710146,0.9999711944148888
1374.9512,0.9999520691487199
1375.192254,0.9999519411548633
1375.433308,0.9999580948780441
1375.674362,0.999958542859371
1375.915416,0.9999551870041323
1376.15647,0.9999692774719465
1376.397524,0.9999302324338698
1376.638578,0.9999412877236331
1376.879632,0.9999286865429254
1377.120686,0.9999469364079222
1377.36174,0.9999499682516296
1377.602794,0.9999239858892189
1377.843848,0.9999333512211286
1378.084902,0.999917874372494
1378.325956,0.9999414157161262
1378.56701,0.9999297654665603
1378.808064,0.9999082252115635
1379.049118,0.9999143016723115
1379.290172,0.9999188502928156
1379.531226,0.9999358890551945
1379.77228,0.9999255817691739
1380.013334,0.999915201595588
1380.254388,0.9999129167919627
1380.495442,0.9999115789093751
1380.736496,0.9999038726205326
1380.97755,0.9999093471092216
1381.218604,0.9998828468629648
1381.459658,0.9999000939909377
1381.700712,0.9999195642351296
1381.941766,0.9999271186559742
1382.18282,0.9999063093892394
1382.423874,0.9999040576027662
1382.664928,0.9999197442206674
1382.905982,0.9999282265758355
1383.147036,0.9999476873683535
1383.38809,0.9999107339844479
1383.629144,0.9999010568951919
1383.870198,0.9999221910272752
1384.111252,0.9999397578146333
1384.352306,0.9999332862254628
1384.59336,0.9999215590766501
1384.834414,0.9998997950208544
1385.075468,0.9999299024569476
1385.316522,0.999933626202838
1385.557576,0.9999381889103841
1385.79863,0.9999157425498584
1386.039684,0.9999359390519902
1386.280738,0.9999477283662095
1386.521792,0.9999404177750912
1386.762846,0.9999492792863389
1387.0039,0.9999288495313147
1387.244954,0.9999380819170036
1387.486008,0.9999776962487323
1387.727062,0.9999514361792605
1387.968116,0.9999322732935569
1388.20917,0.999919554235934
1388.450224,0.9999548730182529
1388.691278,0.9999901442485682
1388.932332,0.9999780272414046
1389.173386,0.9999921588307421
1389.41444,0.9999814911712905
1389.655494,0.9999603927843865
1389.896548,0.9999788102245064
1390.137602,0.9999320023119476
1390.378656,0.999909565089483
1390.61971,0.9999434685979599
1390.860764,0.9999739783385693
1391.101818,0.9999871270828568
1391.342872,0.9999440795636059
1391.583926,0.9999335282093473
1391.82498,0.9999383239020487
1392.066034,0.9999902070479513
1392.307088,0.9999558359752593
1392.548142,0.9999998948100055
1392.789196,0.9999480813478199
1393.03025,0.999948053349274
1393.271304,1.0
1393.512358,0.9999579858826178
1393.753412,0.9999646766238851
1393.994466,0.9999869660849422
1394.23552,0.9999793412133957
1394.476574,0.9999993185402322
1394.717628,0.9999771152618596
1394.958682,0.9999724333799662
1395.199736,0.9999320483088208
1395.44079,0.999986808087014
1395.681844,0.9999706034320875
1395.922898,1.0
1396.163952,0.9999287225403588
1396.405006,0.9999668455496209
1396.64606,0.9999862860940365
1396.887114,0.9999530521020871
1397.128168,0.9999213340943246
1397.369222,0.999968703489746
1397.610276,0.9999434236005048
1397.85133,1.0
1398.092384,0.9999428076355457
1398.333438,1.0
1398.574492,0.9999217820591827
1398.815546,0.9999618457278927
1399.0566,1.0
1399.297654,0.9999558349753034
1399.538708,0.9999630496826798
1399.779762,0.999954888017576
