nu,[0]HFE-216-HITRAN(x-sec)-X=0.01-T=296.0K-P=0.9211atm-L=15cm
850,1.0
850.241054,1.0
850.482108,1.0
850.723162,1.0
850.964216,1.0
851.20527,1.0
851.446324,1.0
851.687378,1.0
851.928432,1.0
852.169486,1.0
852.41054,1.0
852.651594,1.0
852.892648,1.0
853.133702,1.0
853.374756,1.0
853.61581,1.0
853.856864,1.0
854.097918,1.0
854.338972,1.0
854.580026,1.0
854.82108,1.0
855.062134,1.0
855.303188,1.0
855.544242,1.0
855.785296,1.0
856.02635,1.0
856.267404,1.0
856.508458,1.0
856.749512,1.0
856.990566,1.0
857.23162,1.0
857.472674,1.0
857.713728,1.0
857.954782,1.0
858.195836,1.0
858.43689,1.0
858.677944,1.0
858.918998,1.0
859.160052,1.0
859.401106,1.0
859.64216,1.0
859.883214,1.0
860.124268,1.0
860.365322,1.0
860.606376,1.0
860.84743,1.0
861.088484,1.0
861.329538,1.0
861.570592,1.0
861.811646,1.0
862.0527,1.0
862.293754,1.0
862.534808,1.0
862.775862,1.0
863.016916,1.0
863.25797,1.0
863.499024,1.0
863.740078,1.0
863.981132,1.0
864.222186,1.0
864.46324,1.0
864.704294,1.0
864.945348,1.0
865.186402,1.0
865.427456,1.0
865.66851,1.0
865.909564,1.0
866.150618,1.0
866.391672,1.0
866.632726,1.0
866.87378,1.0
867.114834,1.0
867.355888,1.0
867.596942,1.0
867.837996,1.0
868.07905,1.0
868.320104,1.0
868.561158,1.0
868.802212,1.0
869.043266,1.0
869.28432,1.0
869.525374,1.0
869.766428,1.0
870.007482,1.0
870.248536,1.0
870.48959,1.0
870.730644,1.0
870.971698,1.0
871.212752,1.0
871.453806,1.0
871.69486,1.0
871.935914,1.0
872.176968,1.0
872.418022,1.0
872.659076,1.0
872.90013,1.0
873.141184,1.0
873.382238,1.0
873.623292,1.0
873.864346,1.0
874.1054,1.0
874.346454,1.0
874.587508,1.0
874.828562,1.0
875.069616,1.0
875.31067,1.0
875.551724,1.0
875.792778,1.0
876.033832,1.0
876.274886,1.0
876.51594,1.0
876.756994,1.0
876.998048,1.0
877.239102,1.0
877.480156,1.0
877.72121,1.0
877.962264,1.0
878.203318,1.0
878.444372,1.0
878.685426,1.0
878.92648,1.0
879.167534,1.0
879.408588,1.0
879.649642,1.0
879.890696,1.0
880.13175,1.0
880.372804,1.0
880.613858,1.0
880.854912,1.0
881.095966,1.0
881.33702,1.0
881.578074,1.0
881.819128,1.0
882.060182,1.0
882.301236,1.0
882.54229,1.0
882.783344,1.0
883.024398,1.0
883.265452,1.0
883.506506,1.0
883.74756,1.0
883.988614,1.0
884.229668,1.0
884.470722,1.0
884.711776,1.0
884.95283,1.0
885.193884,1.0
885.434938,1.0
885.675992,1.0
885.917046,1.0
886.1581,1.0
886.399154,1.0
886.640208,1.0
886.881262,1.0
887.122316,1.0
887.36337,1.0
887.604424,1.0
887.845478,1.0
888.086532,1.0
888.327586,1.0
888.56864,1.0
888.809694,1.0
889.050748,1.0
889.291802,1.0
889.532856,1.0
889.77391,1.0
890.014964,1.0
890.256018,0.9864565491038908
890.497072,0.9625974222695485
890.738126,1.0
890.97918,0.9626041604750881
891.220234,1.0
891.461288,0.98644175236663
891.702342,1.0
891.943396,0.9878523852879367
892.18445,1.0
892.425504,0.9744529912874997
892.666558,0.9878622638611824
892.907612,0.9744529912874997
893.148666,0.9744529912874997
893.38972,0.9864161052144829
893.630774,0.9864131459706061
893.871828,0.9744529912874997
894.112882,0.9864072275094857
894.353936,0.9878839970700517
894.59499,0.9612007450454628
894.836044,0.9744529912874997
895.077098,0.9611949778582941
895.318152,0.9611920942776859
895.559206,0.9366421313067158
895.80026,0.9495576826709985
896.041314,0.9495576826709985
896.282368,0.9495576826709985
896.523422,0.9495576826709985
896.764476,0.9253150545010002
897.00553,0.9253150545010002
897.246584,0.9253150545010002
897.487638,0.9253150545010002
897.728692,0.8893717183350562
897.969746,0.8666500646476012
898.2108,0.8786400188925584
898.451854,0.85617541480226
898.692908,0.8229251748467368
898.933962,0.8343185459226571
899.175016,0.845869657833882
899.41607,0.8129952597639266
899.657124,0.8018930773628257
899.898178,0.7813985124980316
900.139232,0.7719851228984317
900.380286,0.7522775053746418
900.62134,0.7522775053746418
900.862394,0.7230188393287437
901.103448,0.7143301703985369
901.344502,0.6783445054217263
901.585556,0.6783445054217263
901.82661,0.6701390840541765
902.067664,0.6783445054217263
902.308718,0.6609084176102422
902.549772,0.6352669339463801
902.790826,0.6352669339463801
903.03188,0.6441459165815792
903.272934,0.6275951412169658
903.513988,0.6275951412169658
903.755042,0.6352605813088039
903.996096,0.6275951412169658
904.23715,0.6441459165815792
904.478204,0.6441459165815792
904.719258,0.6598584082049299
904.960312,0.6794307253746364
905.201366,0.6689673662092281
905.44242,0.6518961557907009
905.683474,0.6609084176102422
905.924528,0.6609084176102422
906.165582,0.6609084176102422
906.406636,0.6441459165815792
906.64769,0.620146213822661
906.888744,0.5888875678819437
907.129798,0.5513750664721382
907.370852,0.5235776139324931
907.611906,0.5032340041823395
907.85296,0.5032289718674593
908.094014,0.5438346666059429
908.335068,0.5949487569014495
908.576122,0.6352224668173715
908.817176,0.6689406080497466
909.05823,0.6877567944378551
909.299284,0.6783445054217263
909.540338,0.6609084176102422
909.781392,0.6609084176102422
910.022446,0.6609084176102422
910.2635,0.6275951412169658
910.504554,0.6364305368073874
910.745608,0.6275951412169658
910.986662,0.6127550592365524
911.227716,0.6116775588108095
911.46877,0.6116775588108095
911.709824,0.5877814992845813
911.950878,0.6031737386240416
912.191932,0.5877756214989774
912.432986,0.5877756214989774
912.67404,0.6116775588108095
912.915094,0.6189752443932154
913.156148,0.6201958275042877
913.397202,0.6531228733167528
913.638256,0.6609084176102422
913.87931,0.6688937838460494
914.120364,0.6783445054217263
914.361418,0.7143301703985369
914.602472,0.722888707649867
914.843526,0.733043671311883
915.08458,0.7522775053746418
915.325634,0.782845437739326
915.566688,0.7922327928425663
915.807742,0.8129952597639266
916.048796,0.8343185459226571
916.28985,0.8343185459226571
916.530904,0.85617541480226
916.771958,0.9016579894017346
917.013012,0.8786400188925584
917.254066,0.9253150545010002
917.49512,0.9016579894017346
917.736174,0.9253150545010002
917.977228,0.9383493105427634
918.218282,0.9495576826709985
918.459336,0.9495576826709985
918.70039,0.9608989753918336
918.941444,0.9253150545010002
919.182498,0.9744529912874997
919.423552,0.9495576826709985
919.664606,0.9608864837863491
919.90566,0.9608836011312217
920.146714,0.9608807184847423
920.387768,0.9860689478487283
920.628822,0.9495576826709985
920.869876,0.9744529912874997
921.11093,0.9744529912874997
921.351984,0.9744529912874997
921.593038,0.9495576826709985
921.834092,1.0
922.075146,0.9608566967670529
922.3162,0.9744529912874997
922.557254,0.9495576826709985
922.798308,0.9630037241054039
923.039362,1.0
923.280416,0.9744529912874997
923.52147,0.9860285198506461
923.762524,0.9744529912874997
924.003578,1.0
924.244632,1.0
924.485686,0.96082691067114
924.72674,0.986013729533776
924.967794,0.986009785486746
925.208848,1.0
925.449902,1.0
925.690956,1.0
925.93201,1.0
926.173064,1.0
926.414118,1.0
926.655172,1.0
926.896226,1.0
927.13728,1.0
927.378334,1.0
927.619388,1.0
927.860442,1.0
928.101496,1.0
928.34255,1.0
928.583604,1.0
928.824658,1.0
929.065712,1.0
929.306766,1.0
929.54782,1.0
929.788874,1.0
930.029928,1.0
930.270982,1.0
930.512036,1.0
930.75309,1.0
930.994144,1.0
931.235198,1.0
931.476252,1.0
931.717306,1.0
931.95836,1.0
932.199414,1.0
932.440468,1.0
932.681522,1.0
932.922576,1.0
933.16363,1.0
933.404684,1.0
933.645738,1.0
933.886792,1.0
934.127846,1.0
934.3689,1.0
934.609954,1.0
934.851008,1.0
935.092062,1.0
935.333116,1.0
935.57417,1.0
935.815224,1.0
936.056278,1.0
936.297332,1.0
936.538386,1.0
936.77944,1.0
937.020494,1.0
937.261548,1.0
937.502602,1.0
937.743656,1.0
937.98471,1.0
938.225764,1.0
938.466818,1.0
938.707872,1.0
938.948926,1.0
939.18998,1.0
939.431034,1.0
939.672088,1.0
939.913142,1.0
940.154196,1.0
940.39525,1.0
940.636304,1.0
940.877358,1.0
941.118412,1.0
941.359466,1.0
941.60052,1.0
941.841574,1.0
942.082628,1.0
942.323682,1.0
942.564736,1.0
942.80579,1.0
943.046844,1.0
943.287898,1.0
943.528952,1.0
943.770006,1.0
944.01106,1.0
944.252114,1.0
944.493168,1.0
944.734222,1.0
944.975276,1.0
945.21633,1.0
945.457384,1.0
945.698438,1.0
945.939492,1.0
946.180546,1.0
946.4216,1.0
946.662654,1.0
946.903708,1.0
947.144762,1.0
947.385816,1.0
947.62687,1.0
947.867924,1.0
948.108978,1.0
948.350032,1.0
948.591086,1.0
948.83214,1.0
949.073194,1.0
949.314248,1.0
949.555302,1.0
949.796356,1.0
950.03741,1.0
950.278464,1.0
950.519518,1.0
950.760572,1.0
951.001626,1.0
951.24268,1.0
951.483734,1.0
951.724788,1.0
951.965842,1.0
952.206896,1.0
952.44795,1.0
952.689004,1.0
952.930058,1.0
953.171112,1.0
953.412166,1.0
953.65322,1.0
953.894274,1.0
954.135328,1.0
954.376382,1.0
954.617436,1.0
954.85849,1.0
955.099544,1.0
955.340598,1.0
955.581652,1.0
955.822706,1.0
956.06376,1.0
956.304814,1.0
956.545868,1.0
956.786922,1.0
957.027976,1.0
957.26903,1.0
957.510084,1.0
957.751138,1.0
957.992192,1.0
958.233246,1.0
958.4743,1.0
958.715354,1.0
958.956408,1.0
959.197462,1.0
959.438516,1.0
959.67957,1.0
959.920624,1.0
960.161678,1.0
960.402732,1.0
960.643786,1.0
960.88484,1.0
961.125894,1.0
961.366948,1.0
961.608002,1.0
961.849056,1.0
962.09011,1.0
962.331164,1.0
962.572218,1.0
962.813272,1.0
963.054326,1.0
963.29538,1.0
963.536434,1.0
963.777488,1.0
964.018542,1.0
964.259596,1.0
964.50065,1.0
964.741704,1.0
964.982758,1.0
965.223812,1.0
965.464866,1.0
965.70592,1.0
965.946974,1.0
966.188028,1.0
966.429082,1.0
966.670136,1.0
966.91119,1.0
967.152244,1.0
967.393298,1.0
967.634352,1.0
967.875406,1.0
968.11646,1.0
968.357514,1.0
968.598568,1.0
968.839622,1.0
969.080676,1.0
969.32173,1.0
969.562784,1.0
969.803838,1.0
970.044892,1.0
970.285946,1.0
970.527,1.0
970.768054,1.0
971.009108,1.0
971.250162,1.0
971.491216,1.0
971.73227,1.0
971.973324,1.0
972.214378,1.0
972.455432,1.0
972.696486,1.0
972.93754,1.0
973.178594,1.0
973.419648,1.0
973.660702,1.0
973.901756,1.0
974.14281,1.0
974.383864,1.0
974.624918,1.0
974.865972,1.0
975.107026,1.0
975.34808,1.0
975.589134,1.0
975.830188,1.0
976.071242,1.0
976.312296,1.0
976.55335,1.0
976.794404,1.0
977.035458,1.0
977.276512,1.0
977.517566,1.0
977.75862,1.0
977.999674,1.0
978.240728,1.0
978.481782,1.0
978.722836,1.0
978.96389,1.0
979.204944,1.0
979.445998,1.0
979.687052,1.0
979.928106,1.0
980.16916,1.0
980.410214,1.0
980.651268,1.0
980.892322,1.0
981.133376,1.0
981.37443,1.0
981.615484,1.0
981.856538,1.0
982.097592,1.0
982.338646,1.0
982.5797,1.0
982.820754,1.0
983.061808,1.0
983.302862,1.0
983.543916,1.0
983.78497,1.0
984.026024,1.0
984.267078,1.0
984.508132,1.0
984.749186,1.0
984.99024,1.0
985.231294,1.0
985.472348,1.0
985.713402,1.0
985.954456,1.0
986.19551,1.0
986.436564,1.0
986.677618,1.0
986.918672,1.0
987.159726,1.0
987.40078,1.0
987.641834,1.0
987.882888,1.0
988.123942,1.0
988.364996,1.0
988.60605,1.0
988.847104,1.0
989.088158,1.0
989.329212,1.0
989.570266,1.0
989.81132,1.0
990.052374,1.0
990.293428,1.0
990.534482,1.0
990.775536,1.0
991.01659,1.0
991.257644,1.0
991.498698,1.0
991.739752,1.0
991.980806,1.0
992.22186,1.0
992.462914,1.0
992.703968,1.0
992.945022,1.0
993.186076,1.0
993.42713,1.0
993.668184,1.0
993.909238,1.0
994.150292,1.0
994.391346,1.0
994.6324,1.0
994.873454,1.0
995.114508,1.0
995.355562,1.0
995.596616,1.0
995.83767,1.0
996.078724,1.0
996.319778,1.0
996.560832,1.0
996.801886,1.0
997.04294,1.0
997.283994,1.0
997.525048,1.0
997.766102,1.0
998.007156,1.0
998.24821,1.0
998.489264,1.0
998.730318,1.0
998.971372,1.0
999.212426,1.0
999.45348,1.0
999.694534,1.0
999.935588,1.0
1000.176642,1.0
1000.417696,1.0
1000.65875,1.0
1000.899804,1.0
1001.140858,1.0
1001.381912,1.0
1001.622966,1.0
1001.86402,1.0
1002.105074,1.0
1002.346128,1.0
1002.587182,1.0
1002.828236,1.0
1003.06929,1.0
1003.310344,1.0
1003.551398,1.0
1003.792452,1.0
1004.033506,1.0
1004.27456,1.0
1004.515614,1.0
1004.756668,1.0
1004.997722,1.0
1005.238776,1.0
1005.47983,1.0
1005.720884,1.0
1005.961938,1.0
1006.202992,1.0
1006.444046,1.0
1006.6851,1.0
1006.926154,1.0
1007.167208,1.0
1007.408262,1.0
1007.649316,1.0
1007.89037,1.0
1008.131424,1.0
1008.372478,1.0
1008.613532,1.0
1008.854586,1.0
1009.09564,1.0
1009.336694,1.0
1009.577748,1.0
1009.818802,1.0
1010.059856,1.0
1010.30091,1.0
1010.541964,1.0
1010.783018,1.0
1011.024072,1.0
1011.265126,1.0
1011.50618,1.0
1011.747234,1.0
1011.988288,1.0
1012.229342,1.0
1012.470396,1.0
1012.71145,1.0
1012.952504,1.0
1013.193558,1.0
1013.434612,1.0
1013.675666,1.0
1013.91672,1.0
1014.157774,1.0
1014.398828,1.0
1014.639882,1.0
1014.880936,1.0
1015.12199,1.0
1015.363044,1.0
1015.604098,1.0
1015.845152,1.0
1016.086206,1.0
1016.32726,1.0
1016.568314,1.0
1016.809368,1.0
1017.050422,1.0
1017.291476,1.0
1017.53253,1.0
1017.773584,1.0
1018.014638,1.0
1018.255692,1.0
1018.496746,1.0
1018.7378,1.0
1018.978854,1.0
1019.219908,1.0
1019.460962,1.0
1019.702016,1.0
1019.94307,1.0
1020.184124,1.0
1020.425178,1.0
1020.666232,1.0
1020.907286,1.0
1021.14834,1.0
1021.389394,1.0
1021.630448,1.0
1021.871502,1.0
1022.112556,1.0
1022.35361,1.0
1022.594664,1.0
1022.835718,1.0
1023.076772,1.0
1023.317826,1.0
1023.55888,1.0
1023.799934,1.0
1024.040988,1.0
1024.282042,1.0
1024.523096,1.0
1024.76415,1.0
1025.005204,1.0
1025.246258,1.0
1025.487312,1.0
1025.728366,1.0
1025.96942,1.0
1026.210474,1.0
1026.451528,1.0
1026.692582,1.0
1026.933636,1.0
1027.17469,1.0
1027.415744,1.0
1027.656798,1.0
1027.897852,1.0
1028.138906,1.0
1028.37996,1.0
1028.621014,1.0
1028.862068,1.0
1029.103122,1.0
1029.344176,1.0
1029.58523,1.0
1029.826284,1.0
1030.067338,1.0
1030.308392,1.0
1030.549446,1.0
1030.7905,1.0
1031.031554,1.0
1031.272608,1.0
1031.513662,1.0
1031.754716,1.0
1031.99577,1.0
1032.236824,1.0
1032.477878,1.0
1032.718932,1.0
1032.959986,1.0
1033.20104,1.0
1033.442094,1.0
1033.683148,1.0
1033.924202,1.0
1034.165256,1.0
1034.40631,1.0
1034.647364,1.0
1034.888418,1.0
1035.129472,1.0
1035.370526,1.0
1035.61158,1.0
1035.852634,1.0
1036.093688,1.0
1036.334742,1.0
1036.575796,1.0
1036.81685,1.0
1037.057904,1.0
1037.298958,1.0
1037.540012,1.0
1037.781066,1.0
1038.02212,1.0
1038.263174,1.0
1038.504228,1.0
1038.745282,1.0
1038.986336,1.0
1039.22739,1.0
1039.468444,1.0
1039.709498,1.0
1039.950552,1.0
1040.191606,1.0
1040.43266,1.0
1040.673714,1.0
1040.914768,1.0
1041.155822,1.0
1041.396876,1.0
1041.63793,1.0
1041.878984,1.0
1042.120038,1.0
1042.361092,1.0
1042.602146,1.0
1042.8432,1.0
1043.084254,1.0
1043.325308,1.0
1043.566362,1.0
1043.807416,1.0
1044.04847,1.0
1044.289524,1.0
1044.530578,1.0
1044.771632,1.0
1045.012686,1.0
1045.25374,1.0
1045.494794,1.0
1045.735848,1.0
1045.976902,1.0
1046.217956,1.0
1046.45901,1.0
1046.700064,1.0
1046.941118,1.0
1047.182172,1.0
1047.423226,1.0
1047.66428,1.0
1047.905334,1.0
1048.146388,1.0
1048.387442,1.0
1048.628496,1.0
1048.86955,1.0
1049.110604,1.0
1049.351658,1.0
1049.592712,1.0
1049.833766,1.0
1050.07482,1.0
1050.315874,1.0
1050.556928,1.0
1050.797982,1.0
1051.039036,1.0
1051.28009,1.0
1051.521144,1.0
1051.762198,1.0
1052.003252,1.0
1052.244306,1.0
1052.48536,1.0
1052.726414,1.0
1052.967468,1.0
1053.208522,1.0
1053.449576,1.0
1053.69063,1.0
1053.931684,1.0
1054.172738,1.0
1054.413792,1.0
1054.654846,1.0
1054.8959,1.0
1055.136954,1.0
1055.378008,1.0
1055.619062,1.0
1055.860116,1.0
1056.10117,1.0
1056.342224,1.0
1056.583278,1.0
1056.824332,1.0
1057.065386,1.0
1057.30644,1.0
1057.547494,1.0
1057.788548,1.0
1058.029602,1.0
1058.270656,1.0
1058.51171,1.0
1058.752764,1.0
1058.993818,1.0
1059.234872,1.0
1059.475926,1.0
1059.71698,1.0
1059.958034,1.0
1060.199088,1.0
1060.440142,1.0
1060.681196,1.0
1060.92225,1.0
1061.163304,1.0
1061.404358,1.0
1061.645412,1.0
1061.886466,1.0
1062.12752,1.0
1062.368574,1.0
1062.609628,1.0
1062.850682,1.0
1063.091736,1.0
1063.33279,1.0
1063.573844,1.0
1063.814898,1.0
1064.055952,1.0
1064.297006,1.0
1064.53806,1.0
1064.779114,1.0
1065.020168,1.0
1065.261222,1.0
1065.502276,1.0
1065.74333,1.0
1065.984384,1.0
1066.225438,1.0
1066.466492,1.0
1066.707546,1.0
1066.9486,1.0
1067.189654,1.0
1067.430708,1.0
1067.671762,1.0
1067.912816,1.0
1068.15387,1.0
1068.394924,1.0
1068.635978,1.0
1068.877032,1.0
1069.118086,1.0
1069.35914,1.0
1069.600194,1.0
1069.841248,1.0
1070.082302,1.0
1070.323356,1.0
1070.56441,1.0
1070.805464,1.0
1071.046518,1.0
1071.287572,1.0
1071.528626,1.0
1071.76968,1.0
1072.010734,1.0
1072.251788,1.0
1072.492842,1.0
1072.733896,1.0
1072.97495,1.0
1073.216004,1.0
1073.457058,1.0
1073.698112,1.0
1073.939166,1.0
1074.18022,1.0
1074.421274,1.0
1074.662328,1.0
1074.903382,1.0
1075.144436,1.0
1075.38549,1.0
1075.626544,1.0
1075.867598,1.0
1076.108652,1.0
1076.349706,1.0
1076.59076,1.0
1076.831814,1.0
1077.072868,1.0
1077.313922,1.0
1077.554976,1.0
1077.79603,1.0
1078.037084,1.0
1078.278138,1.0
1078.519192,1.0
1078.760246,1.0
1079.0013,1.0
1079.242354,1.0
1079.483408,1.0
1079.724462,1.0
1079.965516,1.0
1080.20657,1.0
1080.447624,1.0
1080.688678,1.0
1080.929732,1.0
1081.170786,1.0
1081.41184,1.0
1081.652894,1.0
1081.893948,1.0
1082.135002,1.0
1082.376056,1.0
1082.61711,1.0
1082.858164,1.0
1083.099218,1.0
1083.340272,1.0
1083.581326,1.0
1083.82238,1.0
1084.063434,1.0
1084.304488,1.0
1084.545542,1.0
1084.786596,1.0
1085.02765,1.0
1085.268704,1.0
1085.509758,1.0
1085.750812,1.0
1085.991866,1.0
1086.23292,1.0
1086.473974,1.0
1086.715028,1.0
1086.956082,1.0
1087.197136,1.0
1087.43819,1.0
1087.679244,1.0
1087.920298,1.0
1088.161352,1.0
1088.402406,1.0
1088.64346,1.0
1088.884514,1.0
1089.125568,1.0
1089.366622,1.0
1089.607676,1.0
1089.84873,1.0
1090.089784,1.0
1090.330838,1.0
1090.571892,1.0
1090.812946,1.0
1091.054,1.0
1091.295054,1.0
1091.536108,1.0
1091.777162,1.0
1092.018216,1.0
1092.25927,1.0
1092.500324,1.0
1092.741378,1.0
1092.982432,1.0
1093.223486,1.0
1093.46454,1.0
1093.705594,1.0
1093.946648,1.0
1094.187702,1.0
1094.428756,1.0
1094.66981,1.0
1094.910864,1.0
1095.151918,1.0
1095.392972,1.0
1095.634026,1.0
1095.87508,1.0
1096.116134,1.0
1096.357188,1.0
1096.598242,1.0
1096.839296,1.0
1097.08035,1.0
1097.321404,1.0
1097.562458,1.0
1097.803512,1.0
1098.044566,1.0
1098.28562,1.0
1098.526674,1.0
1098.767728,1.0
1099.008782,1.0
1099.249836,1.0
1099.49089,1.0
1099.731944,1.0
1099.972998,1.0
1100.214052,1.0
1100.455106,1.0
1100.69616,1.0
1100.937214,1.0
1101.178268,1.0
1101.419322,1.0
1101.660376,1.0
1101.90143,1.0
1102.142484,1.0
1102.383538,1.0
1102.624592,1.0
1102.865646,1.0
1103.1067,1.0
1103.347754,1.0
1103.588808,1.0
1103.829862,1.0
1104.070916,1.0
1104.31197,1.0
1104.553024,1.0
1104.794078,1.0
1105.035132,1.0
1105.276186,1.0
1105.51724,1.0
1105.758294,1.0
1105.999348,1.0
1106.240402,1.0
1106.481456,1.0
1106.72251,1.0
1106.963564,1.0
1107.204618,1.0
1107.445672,1.0
1107.686726,1.0
1107.92778,1.0
1108.168834,1.0
1108.409888,1.0
1108.650942,1.0
1108.891996,1.0
1109.13305,1.0
1109.374104,1.0
1109.615158,1.0
1109.856212,1.0
1110.097266,1.0
1110.33832,1.0
1110.579374,1.0
1110.820428,1.0
1111.061482,1.0
1111.302536,1.0
1111.54359,1.0
1111.784644,1.0
1112.025698,1.0
1112.266752,1.0
1112.507806,1.0
1112.74886,1.0
1112.989914,1.0
1113.230968,1.0
1113.472022,1.0
1113.713076,1.0
1113.95413,1.0
1114.195184,1.0
1114.436238,1.0
1114.677292,1.0
1114.918346,1.0
1115.1594,1.0
1115.400454,1.0
1115.641508,1.0
1115.882562,1.0
1116.123616,1.0
1116.36467,1.0
1116.605724,1.0
1116.846778,1.0
1117.087832,1.0
1117.328886,1.0
1117.56994,1.0
1117.810994,1.0
1118.052048,1.0
1118.293102,1.0
1118.534156,1.0
1118.77521,1.0
1119.016264,1.0
1119.257318,1.0
1119.498372,1.0
1119.739426,1.0
1119.98048,1.0
1120.221534,1.0
1120.462588,1.0
1120.703642,1.0
1120.944696,1.0
1121.18575,1.0
1121.426804,1.0
1121.667858,1.0
1121.908912,1.0
1122.149966,1.0
1122.39102,1.0
1122.632074,1.0
1122.873128,1.0
1123.114182,1.0
1123.355236,1.0
1123.59629,1.0
1123.837344,1.0
1124.078398,1.0
1124.319452,1.0
1124.560506,1.0
1124.80156,1.0
1125.042614,1.0
1125.283668,1.0
1125.524722,1.0
1125.765776,1.0
1126.00683,1.0
1126.247884,1.0
1126.488938,1.0
1126.729992,1.0
1126.971046,1.0
1127.2121,1.0
1127.453154,1.0
1127.694208,1.0
1127.935262,1.0
1128.176316,1.0
1128.41737,1.0
1128.658424,1.0
1128.899478,1.0
1129.140532,1.0
1129.381586,1.0
1129.62264,1.0
1129.863694,1.0
1130.104748,0.9145409807159773
1130.345802,0.9374892386282373
1130.586856,0.9244678539881496
1130.82791,0.9383464954990544
1131.068964,0.9135318845968166
1131.310018,0.9140975358843941
1131.551072,0.9382001248629629
1131.792126,0.8956281171384064
1132.03318,0.9511628407714566
1132.274234,0.9225377338514369
1132.515288,0.9338280111007361
1132.756342,0.9165982647927026
1132.997396,0.9073790499658637
1133.23845,0.9276952449215513
1133.479504,0.9325066463840211
1133.720558,0.9206530719093551
1133.961612,0.9367451676080522
1134.202666,0.9219585620335637
1134.44372,0.9184948328338441
1134.684774,0.9372324017651102
1134.925828,0.9284330558822612
1135.166882,0.9055226392849334
1135.407936,0.8998024857684772
1135.64899,0.9317963469779195
1135.890044,0.894437723529836
1136.131098,0.9065591499553356
1136.372152,0.9335815130449806
1136.613206,0.8725197404534087
1136.85426,0.9111561421284761
1137.095314,0.8903950841336923
1137.336368,0.8673349887080549
1137.577422,0.9019465661281568
1137.818476,0.9426407819928364
1138.05953,0.9056403648800383
1138.300584,0.9051306328576393
1138.541638,0.9009639799778133
1138.782692,0.8790179153425962
1139.023746,0.8889804808575458
1139.2648,0.9076767191093233
1139.505854,0.8782183728866271
1139.746908,0.9269793405671083
1139.987962,0.8691669976239447
1140.229016,0.8903683726818421
1140.47007,0.886787408629006
1140.711124,0.8950640491246901
1140.952178,0.8732180355265583
1141.193232,0.8658617718164089
1141.434286,0.851104807451265
1141.67534,0.8840603053054127
1141.916394,0.8563466670098704
1142.157448,0.8340516067005153
1142.398502,0.8429058598432154
1142.639556,0.8767968108986566
1142.88061,0.8649184966634794
1143.121664,0.8680117739111634
1143.362718,0.8363065888946672
1143.603772,0.8394570207692074
1143.844826,0.8370679742683644
1144.08588,0.8438251281406515
1144.326934,0.7992591842682356
1144.567988,0.8552597970512759
1144.809042,0.8165639888129846
1145.050096,0.8151770092986207
1145.29115,0.8045678323057501
1145.532204,0.831944123226307
1145.773258,0.7916625905291852
1146.014312,0.8292695714887172
1146.255366,0.8002828910566735
1146.49642,0.8113546668958563
1146.737474,0.8207965563946944
1146.978528,0.7740490773295925
1147.219582,0.7740490773295925
1147.460636,0.7818674922853972
1147.70169,0.7753738335956236
1147.942744,0.7582440344259632
1148.183798,0.7560634331798423
1148.424852,0.7503841526874456
1148.665906,0.7374109085731614
1148.90696,0.7574710198153205
1149.148014,0.7362540817933455
1149.389068,0.7094111636621105
1149.630122,0.7380601157819822
1149.871176,0.7323549340180919
1150.11223,0.7342027957797488
1150.353284,0.6996465500206531
1150.594338,0.7118486218044819
1150.835392,0.7126463388990879
1151.076446,0.6748667601259853
1151.3175,0.6800016869542421
1151.558554,0.677503879530768
1151.799608,0.689954241677005
1152.040662,0.6777884909243798
1152.281716,0.6564491791767577
1152.52277,0.6753798538145858
1152.763824,0.6239406670433426
1153.004878,0.6456227010033468
1153.245932,0.6210026063726863
1153.486986,0.62543992303179
1153.72804,0.625846591134576
1153.969094,0.5969392079523661
1154.210148,0.6162762242295164
1154.451202,0.5924789109142391
1154.692256,0.5669410210369252
1154.93331,0.5732920535826422
1155.174364,0.5635044773083366
1155.415418,0.5542496843467981
1155.656472,0.5575740273380889
1155.897526,0.5188035416209618
1156.13858,0.5212632951038327
1156.379634,0.5227510144880012
1156.620688,0.524972184341913
1156.861742,0.502781297327218
1157.102796,0.49128542816354454
1157.34385,0.49206719333293586
1157.584904,0.47256026273547386
1157.825958,0.46527809425286676
1158.067012,0.4518025639488873
1158.308066,0.4361626738757225
1158.54912,0.4261772241897526
1158.790174,0.4101058425657672
1159.031228,0.4152062060949478
1159.272282,0.3888117444240851
1159.513336,0.3941751205618288
1159.75439,0.3752960867076903
1159.995444,0.36854590592861747
1160.236498,0.3542685633320786
1160.477552,0.33726038202814196
1160.718606,0.34133188678306947
1160.95966,0.3186060157046644
1161.200714,0.3104600653157738
1161.441768,0.28578942944988966
1161.682822,0.2912422161862887
1161.923876,0.27022509016865803
1162.16493,0.25589194844208374
1162.405984,0.24198004860623837
1162.647038,0.22893892821802303
1162.888092,0.22330873569724405
1163.129146,0.20307092027339352
1163.3702,0.19432952080331747
1163.611254,0.18955046193766467
1163.852308,0.17045226365890853
1164.093362,0.15437045705757993
1164.334416,0.1434455153288843
1164.57547,0.13320046898148863
1164.816524,0.120091659332167
1165.057578,0.11007426550943619
1165.298632,0.1035397170782044
1165.539686,0.09137347961600073
1165.78074,0.0800663190183041
1166.021794,0.07338762164662144
1166.262848,0.06617185880480972
1166.503902,0.056755653865342225
1166.744956,0.0506457480242419
1166.98601,0.04570717459856978
1167.227064,0.0403324065668057
1167.468118,0.03853069818318269
1167.709172,0.03213851898026678
1167.950226,0.02833662900785617
1168.19128,0.024934572118673552
1168.432334,0.022500899337837704
1168.673388,0.020209550283324797
1168.914442,0.018279044217825845
1169.155496,0.016065197382458533
1169.39655,0.01493422082126164
1169.637604,0.01388147585423819
1169.878658,0.012312995864943175
1170.119712,0.011048064773234497
1170.360766,0.010315579022564612
1170.60182,0.00900567810522019
1170.842874,0.00852459299051829
1171.083928,0.008006512547810587
1171.324982,0.007416856231954359
1171.566036,0.007005217853235645
1171.80709,0.006349367991046045
1172.048144,0.005835472731425006
1172.289198,0.005550318308419656
1172.530252,0.005100585203756747
1172.771306,0.004540128333670908
1173.01236,0.004138590533321505
1173.253414,0.0036544853602624924
1173.494468,0.003479036121991628
1173.735522,0.0029956321537119566
1173.976576,0.002672876622046647
1174.21763,0.002530344043284378
1174.458684,0.002109931070578598
1174.699738,0.0023012565020000255
1174.940792,0.002228782069239575
1175.181846,0.0023817970814164233
1175.4229,0.0021642097407111207
1175.663954,0.0021128870427751375
1175.905008,0.00215686392256003
1176.146062,0.0019836831212251783
1176.387116,0.001869470580932791
1176.62817,0.0018004835702880187
1176.869224,0.0017841734932021068
1177.110278,0.0015520168504986368
1177.351332,0.0014328354009389517
1177.592386,0.0013381061307243662
1177.83344,0.0012621987994137721
1178.074494,0.001193816453339227
1178.315548,0.0011778082298518424
1178.556602,0.0010994997228924543
1178.797656,0.0010612582993669152
1179.03871,0.0011060059457414667
1179.279764,0.0010516446572563297
1179.520818,0.0010348487481469
1179.761872,0.0010463995576463594
1180.002926,0.000999955279982107
1180.24398,0.0010502784074566801
1180.485034,0.0011667887053964882
1180.726088,0.0010667912156384304
1180.967142,0.0011074446884510696
1181.208196,0.0011066697484298045
1181.44925,0.001124406430385413
1181.690304,0.001170645468283047
1181.931358,0.0011157817485097405
1182.172412,0.0011275591801804086
1182.413466,0.0010894307139031711
1182.65452,0.0011111052925978028
1182.895574,0.0011172332080270752
1183.136628,0.0009748762676440564
1183.377682,0.0009631513436492271
1183.618736,0.0008825456874634861
1183.85979,0.0007865140277190583
1184.100844,0.0007017032248143324
1184.341898,0.0006310029628189074
1184.582952,0.0005781946391753409
1184.824006,0.0004787653286088742
1185.06506,0.0004388732109190347
1185.306114,0.0003788008320928245
1185.547168,0.0003422736481685453
1185.788222,0.00028369807542813214
1186.029276,0.00022934113279427052
1186.27033,0.00019160013266915756
1186.511384,0.00016417132677112991
1186.752438,0.00013992555874778575
1186.993492,0.00010817070249310004
1187.234546,9.057792753847276e-05
1187.4756,6.928376157034927e-05
1187.716654,5.740380314225098e-05
1187.957708,4.946723632308908e-05
1188.198762,4.042751259293828e-05
1188.439816,3.2737151286277636e-05
1188.68087,2.820531845803149e-05
1188.921924,2.0625136656413026e-05
1189.162978,1.8458233995780558e-05
1189.404032,1.4724467383214894e-05
1189.645086,1.127412816699785e-05
1189.88614,9.304615412478865e-06
1190.127194,7.67148768388575e-06
1190.368248,6.0165292587209275e-06
1190.609302,5.060729070323409e-06
1190.850356,4.39079611472879e-06
1191.09141,3.6675011990133097e-06
1191.332464,2.934422169136129e-06
1191.573518,2.3833583344558792e-06
1191.814572,1.906960394588084e-06
1192.055626,1.7203204093188671e-06
1192.29668,1.439809132552521e-06
1192.537734,1.178816015383282e-06
1192.778788,1.000510688321176e-06
1193.019842,8.037319651732336e-07
1193.260896,7.15703401158952e-07
1193.50195,6.482431367073731e-07
1193.743004,5.46353300471887e-07
1193.984058,5.003289774408182e-07
1194.225112,4.4731624914198925e-07
1194.466166,4.06777290117573e-07
1194.70722,3.728834248745011e-07
1194.948274,3.290684674768829e-07
1195.189328,3.4663274126619643e-07
1195.430382,3.721384032946722e-07
1195.671436,3.7251072782920686e-07
1195.91249,3.9992052383199455e-07
1196.153544,4.0759165879502967e-07
1196.394598,4.272057883003555e-07
1196.635652,4.384587939575313e-07
1196.876706,4.2126657873786087e-07
1197.11776,4.0881626976941757e-07
1197.358814,4.778351683559522e-07
1197.599868,4.4731624914198925e-07
1197.840922,4.154099387734217e-07
1198.081976,3.9396648291920875e-07
1198.32303,4.2084552272221906e-07
1198.564084,4.162415900250033e-07
1198.805138,3.732564948032506e-07
1199.046192,4.059645485498192e-07
1199.287246,4.5045844775047887e-07
1199.5283,5.652487145033168e-07
1199.769354,7.404557218220112e-07
1200.010408,9.245118208428007e-07
1200.251462,1.132593978283879e-06
1200.492516,1.4985688579412615e-06
1200.73357,2.0699212394204866e-06
1200.974624,3.1756443542180685e-06
1201.215678,4.180833204798268e-06
1201.456732,5.974560615532861e-06
1201.697786,1.0334735063919507e-05
1201.93884,1.5264205199274627e-05
1202.179894,2.549571905728007e-05
1202.420948,3.938994410489937e-05
1202.662002,6.035299406315907e-05
1202.903056,0.000102710110391387
1203.14411,0.00015900101056651409
1203.385164,0.00023815234119685795
1203.626218,0.0003738335175106398
1203.867272,0.0005584195479807479
1204.108326,0.0008652431433092599
1204.34938,0.0012244053272449985
1204.590434,0.0019187142091777571
1204.831488,0.0026905759512901393
1205.072542,0.003594321643682878
1205.313596,0.0049587578652568074
1205.55465,0.00652900970717843
1205.795704,0.008581899526074842
1206.036758,0.010974290160185859
1206.277812,0.013830209295198313
1206.518866,0.017204229916835685
1206.75992,0.021763957568042842
1207.000974,0.025222974835227212
1207.242028,0.0294960182300171
1207.483082,0.035376766070871195
1207.724136,0.04147352529572921
1207.96519,0.049085087854259773
1208.206244,0.05213597862174487
1208.447298,0.061439643043405684
1208.688352,0.06778597254892821
1208.929406,0.0776378665350115
1209.17046,0.0881513548880998
1209.411514,0.09628911488038451
1209.652568,0.10040934483600386
1209.893622,0.10701353041907036
1210.134676,0.11210716890136022
1210.37573,0.12779856060165215
1210.616784,0.13171694695993444
1210.857838,0.1386503475849422
1211.098892,0.14191883064374705
1211.339946,0.15564149895516874
1211.581,0.1557816393579502
1211.822054,0.162333892502446
1212.063108,0.16831803898795103
1212.304162,0.17723123262388757
1212.545216,0.16825072523600376
1212.78627,0.17228589531507876
1213.027324,0.16955125643975386
1213.268378,0.18235498947926018
1213.509432,0.17287266430117235
1213.750486,0.173045623430625
1213.99154,0.17360025636501134
1214.232594,0.17230312476606846
1214.473648,0.1672275197615489
1214.714702,0.15956562489947698
1214.955756,0.15517527414518678
1215.19681,0.14737130389971229
1215.437864,0.13580978662448084
1215.678918,0.1303281211032148
1215.919972,0.1272247591006118
1216.161026,0.1189918827954595
1216.40208,0.10763601234807169
1216.643134,0.1030954521489041
1216.884188,0.09330328152402777
1217.125242,0.08209320753419988
1217.366296,0.07500503757761069
1217.60735,0.06808488795979736
1217.848404,0.05965364654209557
1218.089458,0.05377212869752812
1218.330512,0.04630524691558372
1218.571566,0.043739661617012864
1218.81262,0.03529549300875749
1219.053674,0.03166320493080279
1219.294728,0.02792312724550017
1219.535782,0.021866488928566803
1219.776836,0.019851017772292718
1220.01789,0.016321043361912008
1220.258944,0.013009180219643878
1220.499998,0.010809823229093666
1220.741052,0.009174751223628586
1220.982106,0.007323990128498802
1221.22316,0.005796505749283506
1221.464214,0.004768135170992602
1221.705268,0.003922602274076478
1221.946322,0.0030427304266899898
1222.187376,0.0026460164404147547
1222.42843,0.0020134612962161014
1222.669484,0.0016827936158860903
1222.910538,0.001384937869383448
1223.151592,0.0011116609841554138
1223.392646,0.0008818399332528398
1223.6337,0.000772792484607522
1223.874754,0.0006684827271339456
1224.115808,0.0005254791736113418
1224.356862,0.0004666178237030984
1224.597916,0.00041822123295855016
1224.83897,0.000334993308823459
1225.080024,0.0003158952142006066
1225.321078,0.00027230167690604903
1225.562132,0.00026510091318340264
1225.803186,0.00024515987725987846
1226.04424,0.00022579117280350467
1226.285294,0.00022171894315477613
1226.526348,0.00020130286357698736
1226.767402,0.00020811910956926167
1227.008456,0.00020405928369293178
1227.24951,0.00019993864769543557
1227.490564,0.00019279174366868
1227.731618,0.00020178657066589938
1227.972672,0.0001772410300568235
1228.213726,0.00017451497559071874
1228.45478,0.00016966239622429944
1228.695834,0.0001636468181867779
1228.936888,0.00015546343479640003
1229.177942,0.00016367955082357004
1229.418996,0.00015132208190506185
1229.66005,0.0001464392340786631
1229.901104,0.00014066913294017642
1230.142158,0.00014518525649785644
1230.383212,0.00012870340330571145
1230.624266,0.00012834353782324292
1230.86532,0.00012343448851585747
1231.106374,0.00012292944316339924
1231.347428,0.00011989430439738679
1231.588482,0.0001271681921554341
1231.829536,0.00012014634698871661
1232.07059,0.00012743552596121148
1232.311644,0.0001443600545954735
1232.552698,0.00014055664263594548
1232.793752,0.00014960680582142062
1233.034806,0.00016648588948049066
1233.27586,0.00016900200148581458
1233.516914,0.0002100006357227912
1233.757968,0.00022138661404918486
1233.999022,0.0002537147382058652
1234.240076,0.00028155014253856573
1234.48113,0.00031300230601224446
1234.722184,0.0003757073658151051
1234.963238,0.0004319071169058075
1235.204292,0.0005033624856453149
1235.445346,0.0005743336837367651
1235.6864,0.0006611697124556189
1235.927454,0.0008072315531968452
1236.168508,0.0009363698693309864
1236.409562,0.0010988402209290925
1236.650616,0.0013449479036825682
1236.89167,0.0016376385227286122
1237.132724,0.0019099083927209743
1237.373778,0.002418518781421364
1237.614832,0.002635189982414017
1237.855886,0.0032003343188273608
1238.09694,0.003928490592622443
1238.337994,0.004663448887375071
1238.579048,0.005430630704172941
1238.820102,0.006262974794224308
1239.061156,0.007374700409662577
1239.30221,0.008955387253642071
1239.543264,0.01022724542188224
1239.784318,0.011839664335149274
1240.025372,0.013798436366693704
1240.266426,0.016619143918450117
1240.50748,0.018672563967109986
1240.748534,0.021025905631917766
1240.989588,0.024287341264184706
1241.230642,0.026879267888205008
1241.471696,0.03077661902029056
1241.71275,0.03305772510691338
1241.953804,0.03868126131336223
1242.194858,0.04132035678861288
1242.435912,0.04547920911421571
1242.676966,0.05212034017404278
1242.91802,0.05561512957966086
1243.159074,0.06325380468886507
1243.400128,0.06651019731456573
1243.641182,0.0699202480510692
1243.882236,0.07691148990827339
1244.12329,0.08402843714409391
1244.364344,0.09058197836616612
1244.605398,0.09750028284579798
1244.846452,0.10296151513902974
1245.087506,0.10913168572853912
1245.32856,0.11504867261837005
1245.569614,0.12213845508376903
1245.810668,0.1291346009998241
1246.051722,0.13552488532363655
1246.292776,0.14665095081696233
1246.53383,0.14625552731170835
1246.774884,0.16004504053807161
1247.015938,0.1606865027694038
1247.256992,0.1675958252925585
1247.498046,0.16933098301513
1247.7391,0.17541511996398101
1247.980154,0.19164702698642558
1248.221208,0.1843350966980127
1248.462262,0.189835000981503
1248.703316,0.20169472239127875
1248.94437,0.20221981098887307
1249.185424,0.20723538627460505
1249.426478,0.21064100344797576
1249.667532,0.21571439318931324
1249.908586,0.225507919707955
1250.14964,0.21668729534674752
1250.390694,0.21996210444272832
1250.631748,0.23163324469421456
1250.872802,0.2362416635007948
1251.113856,0.24603044267374025
1251.35491,0.23754457236501136
1251.595964,0.23565179698241293
1251.837018,0.2550233931980036
1252.078072,0.24723895026842727
1252.319126,0.2524606207134157
1252.56018,0.2617409512577546
1252.801234,0.2635005035491708
1253.042288,0.25686618772847347
1253.283342,0.26590930153963444
1253.524396,0.26758981820853595
1253.76545,0.2777316275736014
1254.006504,0.28238045107438636
1254.247558,0.2780651055734723
1254.488612,0.2963245418868151
1254.729666,0.28570370548029306
1254.97072,0.28641885831255876
1255.211774,0.2931707720468052
1255.452828,0.30011186214783153
1255.693882,0.29834641535047546
1255.934936,0.2936402207408863
1256.17599,0.30352235920803866
1256.417044,0.30306741696121337
1256.658098,0.311268311750648
1256.899152,0.31793764510643896
1257.140206,0.3182239177904191
1257.38126,0.3137998238588391
1257.622314,0.3165734483574907
1257.863368,0.32097244521125645
1258.104422,0.3151835851261386
1258.345476,0.32946010821553684
1258.58653,0.3311115338803078
1258.827584,0.3270965145841736
1259.068638,0.33577969624478055
1259.309692,0.3354776304681491
1259.550746,0.3233241172207592
1259.7918,0.34024137050198705
1260.032854,0.34345471845918735
1260.273908,0.3439358918077826
1260.514962,0.3254000273977699
1260.756016,0.3424943903342908
1260.99707,0.3349078029869457
1261.238124,0.3439358918077826
1261.479178,0.35455209157892154
1261.720232,0.3345396069486076
1261.961286,0.34697588400329366
1262.20234,0.3480183746093447
1262.443394,0.3480183746093447
1262.684448,0.33510880796420095
1262.925502,0.3427684954739951
1263.166556,0.34562531338024355
1263.40761,0.3362837437302528
1263.648664,0.34749673837241524
1263.889718,0.33380442880579964
1264.130772,0.34690649576554805
1264.371826,0.34140015998751894
1264.61288,0.3299216753886705
1264.853934,0.34225472815260655
1265.094988,0.3306152388937825
1265.336042,0.3131102230853395
1265.577096,0.340513672504667
1265.81815,0.32145426515368897
1266.059204,0.31908428333927213
1266.300258,0.32722737936121776
1266.541312,0.31108160678068975
1266.782366,0.31329814559030444
1267.02342,0.31148627584740707
1267.264474,0.3101497604287602
1267.505528,0.3140509641606528
1267.746582,0.3050742772672697
1267.987636,0.2917669242710291
1268.22869,0.294728702006193
1268.469744,0.2952301669240142
1268.710798,0.2966803447761165
1268.951852,0.291329601958355
1269.192906,0.28547523391671936
1269.43396,0.2844209272214018
1269.675014,0.2861039707883044
1269.916068,0.2817598969418586
1270.157122,0.265431095311584
1270.398176,0.273487325516036
1270.63923,0.2669750688594098
1270.880284,0.265086259079794
1271.121338,0.25578961213133355
1271.362392,0.2553296049601531
1271.603446,0.2478082543027159
1271.8445,0.23536918442748048
1272.085554,0.23880690081403672
1272.326608,0.23232918782103013
1272.567662,0.23438270690580212
1272.808716,0.22992548518672384
1273.04977,0.21727314158069808
1273.290824,0.22373342562273715
1273.531878,0.21742528602414718
1273.772932,0.20748421800731442
1274.013986,0.20531703135913135
1274.25504,0.19809669676503922
1274.496094,0.19651824541471838
1274.737148,0.19506937782040817
1274.978202,0.18583427445443468
1275.219256,0.18642989661988946
1275.46031,0.18180874428829266
1275.701364,0.17781706177801082
1275.942418,0.16934791696011464
1276.183472,0.16261009482515576
1276.424526,0.1604777460370795
1276.66558,0.15500467519025435
1276.906634,0.15309448487370036
1277.147688,0.14848074387838514
1277.388742,0.14635794202179317
1277.629796,0.1378622887051836
1277.87085,0.13613612155765864
1278.111904,0.13547068621005243
1278.352958,0.13015880462533663
1278.594012,0.12405875437402814
1278.835066,0.1224319394162966
1279.07612,0.11934939444318374
1279.317174,0.11128063778834185
1279.558228,0.1104270673409393
1279.799282,0.10693864715997542
1280.040336,0.10236606682058605
1280.28139,0.10049975392434342
1280.522444,0.09464710387989105
1280.763498,0.09323799208093204
1281.004552,0.09002210749345316
1281.245606,0.08582885703113022
1281.48666,0.08428932947341981
1281.727714,0.07862229251309333
1281.968768,0.0775525118355143
1282.209822,0.07094857217230056
1282.450876,0.06886549669837459
1282.69193,0.06509549066405482
1282.932984,0.06224357262326266
1283.174038,0.05878903035912753
1283.415092,0.056095482249958244
1283.656146,0.05074206641898719
1283.8972,0.04899191472983449
1284.138254,0.04615730695563185
1284.379308,0.042976578402461184
1284.620362,0.040219633783992785
1284.861416,0.03859625607851661
1285.10247,0.03585041987538258
1285.343524,0.032364277847315374
1285.584578,0.03166320493080279
1285.825632,0.02831680030840516
1286.066686,0.026457912925329362
1286.30774,0.024929585702908017
1286.548794,0.022509901497884816
1286.789848,0.02128186451842324
1287.030902,0.019884793203487884
1287.271956,0.018162431892309875
1287.51301,0.016992214676969066
1287.754064,0.014669276593592582
1287.995118,0.01416614947547251
1288.236172,0.01251158830165539
1288.477226,0.011914489672789647
1288.71828,0.011097893094351293
1288.959334,0.009779176509139854
1289.200388,0.009092548927811849
1289.441442,0.008454131687610186
1289.682496,0.007645026295795718
1289.92355,0.006917505854304815
1290.164604,0.006423449501805777
1290.405658,0.0058214843895941825
1290.646712,0.005524845476631118
1290.887766,0.0048912861192738095
1291.12882,0.004597695864502985
1291.369874,0.0041539316819180095
1291.610928,0.003973134298210431
1291.851982,0.003588216487741494
1292.093036,0.003351658436410014
1292.33409,0.0031278794376269725
1292.575144,0.0026954233493519204
1292.816198,0.0026412578947978727
1293.057252,0.0023656558038043477
1293.298306,0.0022763090169223006
1293.53936,0.0020743654070543233
1293.780414,0.0020367497530919885
1294.021468,0.0018963960686460943
1294.262522,0.0016925821782484926
1294.503576,0.0016060139135731222
1294.74463,0.0015626065291840276
1294.985684,0.001470430593994211
1295.226738,0.0013253217749607793
1295.467792,0.0013402488142232195
1295.708846,0.0011995605471116536
1295.9499,0.0011599249201119234
1296.190954,0.0011423131424934043
1296.432008,0.001075682430225844
1296.673062,0.0010012560671745642
1296.914116,0.0009708874575949736
1297.15517,0.000914804661664032
1297.396224,0.0008900792982943962
1297.637278,0.0008780561624771788
1297.878332,0.0007988798491810369
1298.119386,0.0007627349239128013
1298.36044,0.0007549190749173224
1298.601494,0.0006733131715015318
1298.842548,0.0006452969238767385
1299.083602,0.0006187557198017871
1299.324656,0.0005810928518650011
1299.56571,0.0005483482391183072
1299.806764,0.000516053559700578
1300.047818,0.0004850784148463705
1300.288872,0.0004794360694779808
1300.529926,0.00046424413086392966
1300.77098,0.00046142086139203163
1301.012034,0.0004282086419376866
1301.253088,0.0004106784540118119
1301.494142,0.00043272852051425096
1301.735196,0.0004191842488380868
1301.97625,0.00039080572049240633
1302.217304,0.00037301198778616354
1302.458358,0.0003637659105832884
1302.699412,0.0003594627508286384
1302.940466,0.0003574196415420972
1303.18152,0.00035354492302805635
1303.422574,0.0003182096868111216
1303.663628,0.00029637055843267
1303.904682,0.00029114183617562405
1304.145736,0.00028155014253856573
1304.38679,0.0002728468252264656
1304.627844,0.0002444010584172658
1304.868898,0.0002488898820698874
1305.109952,0.0002253400417393387
1305.351006,0.00023670403374424483
1305.59206,0.00022712727835861536
1305.833114,0.00022721814744256419
1306.074168,0.00022171894315477613
1306.315222,0.00021514464254763404
1306.556276,0.00022271892667442023
1306.79733,0.00021865837010523663
1307.038384,0.00021813421924960326
1307.279438,0.00023155340960753955
1307.520492,0.00023960951032556553
1307.761546,0.00022950172778891703
1308.0026,0.00022739999468971857
1308.243654,0.00023187781140926534
1308.484708,0.0002472773442617826
1308.725762,0.00022421615359244173
1308.966816,0.00023710677283284227
1309.20787,0.00023791430789214926
1309.448924,0.00024342540678772443
1309.689978,0.000243571505857135
1309.931032,0.00024276904467698723
1310.172086,0.00025134099374434486
1310.41314,0.0002577810440079279
1310.654194,0.0002677652216550613
1310.895248,0.000279390531613348
1311.136302,0.0002875539681611671
1311.377356,0.00029383270006278747
1311.61841,0.0003188786292971986
1311.859464,0.0003335559301743743
1312.100518,0.00034876926019082415
1312.341572,0.0003826843729683958
1312.582626,0.00040769141724663927
1312.82368,0.0004480077619133209
1313.064734,0.00046128245589547646
1313.305788,0.0004973085000453751
1313.546842,0.0005325679834920265
1313.787896,0.000562679704635154
1314.02895,0.0005759440715420353
1314.270004,0.0006557702887055954
1314.511058,0.0006794682846516776
1314.752112,0.0007238690877159561
1314.993166,0.0007777542171170052
1315.23422,0.0008746384123881887
1315.475274,0.0010227092965410178
1315.716328,0.0011218232673717366
1315.957382,0.0012517659057806497
1316.198436,0.0013511489154320849
1316.43949,0.0015680852341770659
1316.680544,0.0016782562013892477
1316.921598,0.001953173096372474
1317.162652,0.0022444382765202725
1317.403706,0.002533889005839755
1317.64476,0.0028248500371145166
1317.885814,0.0033931384140830456
1318.126868,0.004074529496243461
1318.367922,0.004601835653406608
1318.608976,0.005423575471152593
1318.85003,0.006307600147804999
1319.091084,0.007256918422243821
1319.332138,0.008874262905243973
1319.573192,0.010230314055780877
1319.814246,0.01175472490083776
1320.0553,0.01333184159727157
1320.296354,0.0158212706603133
1320.537408,0.018129768920397436
1320.778462,0.02104694205400769
1321.019516,0.023746977969193367
1321.26057,0.02669710890901319
1321.501624,0.03004677334417314
1321.742678,0.03511243281411347
1321.983732,0.03807490025128036
1322.224786,0.043972097233874935
1322.46584,0.04805543685590523
1322.706894,0.052791768502362044
1322.947948,0.05891261704348217
1323.189002,0.06310217758291994
1323.430056,0.06841932260653714
1323.67111,0.07488512547275163
1323.912164,0.07771554323342265
1324.153218,0.08515348031114635
1324.394272,0.08848696729639685
1324.635326,0.09152894664087743
1324.87638,0.09867733442483673
1325.117434,0.10098331235498195
1325.358488,0.10601231631169807
1325.599542,0.10710988594993238
1325.840596,0.11192794085179299
1326.08165,0.11270291422711082
1326.322704,0.11864730621288808
1326.563758,0.11719688273701408
1326.804812,0.11704462577792221
1327.045866,0.11887295038877838
1327.28692,0.11710316272382815
1327.527974,0.11763131440611482
1327.769028,0.11643757342787782
1328.010082,0.11794934810730248
1328.251136,0.11456648150353478
1328.49219,0.11696272320912109
1328.733244,0.11090292609360473
1328.974298,0.10834875950792619
1329.215352,0.10483160270755736
1329.456406,0.10662897432584999
1329.69746,0.10329151971318944
1329.938514,0.09942019668433257
1330.179568,0.09356489680276334
1330.420622,0.0910542314475386
1330.661676,0.08854892985787072
1330.90273,0.08376835232869566
1331.143784,0.08088717471956065
1331.384838,0.07765339566117935
1331.625892,0.0706512130604296
1331.866946,0.06713162732016693
1332.108,0.06325380468886507
1332.349054,0.06120661543271088
1332.590108,0.05651778000389131
1332.831162,0.05440495743241093
1333.072216,0.0489870157833129
1333.31327,0.047892325816492415
1333.554324,0.04357376630359103
1333.795378,0.04090103134467838
1334.036432,0.03796464299085123
1334.277486,0.03662222435667671
1334.51854,0.03366151777100566
1334.759594,0.030825901025813944
1335.000648,0.02915875698939719
1335.241702,0.027367475396233423
1335.482756,0.024949537351065514
1335.72381,0.023218637088981715
1335.964864,0.021735682805781885
1336.205918,0.02078965025510483
1336.446972,0.019347346513402194
1336.688026,0.01744154979599954
1336.92908,0.0156983447833167
1337.170134,0.015105445062444248
1337.411188,0.014299939106672396
1337.652242,0.013537387187812498
1337.893296,0.012296999370293115
1338.13435,0.011812464399095531
1338.375404,0.010833631019164278
1338.616458,0.010397394843826843
1338.857512,0.009602805342693399
1339.098566,0.009303170713437052
1339.33962,0.008604241496818628
1339.580674,0.008561327663322052
1339.821728,0.008173974610288013
1340.062782,0.007561391839364742
1340.303836,0.007804927609075774
1340.54489,0.007257644150371845
1340.785944,0.007006619036919993
1341.026998,0.006852785959334169
1341.268052,0.006713062659605764
1341.509106,0.006700990015457825
1341.75016,0.006349367991046045
1341.991214,0.0064485498687636795
1342.232268,0.0064318054163257695
1342.473322,0.00639205158696027
1342.714376,0.00633858323510115
1342.95543,0.006387578716536686
1343.196484,0.006464691411957525
1343.437538,0.00661047345898914
1343.678592,0.00691197406263307
1343.919646,0.007220002354279225
1344.1607,0.007182555787490189
1344.401754,0.007407961342477088
1344.642808,0.00777921379908758
1344.883862,0.008050669687645355
1345.124916,0.008287557378457548
1345.36597,0.008614572784147453
1345.607024,0.009211523724494849
1345.848078,0.009752808345604607
1346.089132,0.010186418149176467
1346.330186,0.01039843463529994
1346.57124,0.011011666250077682
1346.812294,0.011385666946759859
1347.053348,0.012300689023524507
1347.294402,0.013103184325910486
1347.535456,0.013409390954274476
1347.77651,0.01447257210233546
1348.017564,0.015525056684402759
1348.258618,0.016247763669750215
1348.499672,0.017683911633593577
1348.740726,0.01868003448670114
1348.98178,0.019283605500424333
1349.222834,0.021369299281732056
1349.463888,0.02278392580977939
1349.704942,0.024355441115023704
1349.945996,0.02656130025999734
1350.18705,0.02827152965409289
1350.428104,0.03061393443445281
1350.669158,0.03186649929039969
1350.910212,0.03563596137500652
1351.151266,0.037991227544453054
1351.39232,0.041452793716408094
1351.633374,0.044954698332525654
1351.874428,0.052617842801548124
1352.115482,0.053804401655665884
1352.356536,0.06308955840936278
1352.59759,0.06787415161721763
1352.838644,0.07516271365846261
1353.079698,0.08423877104478111
1353.320752,0.0915197942038428
1353.561806,0.10300270798310492
1353.80286,0.10779758751767567
1354.043914,0.1193732667092194
1354.284968,0.1363404789697372
1354.526022,0.1461824178269468
1354.767076,0.1611209425566719
1355.00813,0.17522226941926597
1355.249184,0.19632182539568155
1355.490238,0.20933906939269575
1355.731292,0.21135840174571147
1355.972346,0.24285274669526735
1356.2134,0.25900704937212515
1356.454454,0.27187850099475824
1356.695508,0.29042787858564184
1356.936562,0.31036694126548503
1357.177616,0.3226458490054852
1357.41867,0.3386459881459963
1357.659724,0.3508136879512653
1357.900778,0.35965861108390956
1358.141832,0.37984576128999936
1358.382886,0.40429518980282214
1358.62394,0.4237845880083408
1358.864994,0.4390684304660077
1359.106048,0.45878664623625165
1359.347102,0.45707855960772203
1359.588156,0.480662460758174
1359.82921,0.4901763767959894
1360.070264,0.49812710679308847
1360.311318,0.5153185633201502
1360.552372,0.52663372028861
1360.793426,0.5312354220325097
1361.03448,0.5368535180443318
1361.275534,0.565417999073272
1361.516588,0.572329731509503
1361.757642,0.5635270179382386
1361.998696,0.5909700143521577
1362.23975,0.5892292217413568
1362.480804,0.5986908046677478
1362.721858,0.6155679139281376
1362.962912,0.6072042825364175
1363.203966,0.6187462659164203
1363.44502,0.6498069241413805
1363.686074,0.6329144601586217
1363.927128,0.6595351567879744
1364.168182,0.6687533308995173
1364.409236,0.6675239561422863
1364.65029,0.6791590074316981
1364.891344,0.6773006588515348
1365.132398,0.6897127999471855
1365.373452,0.7072578284524514
1365.614506,0.6859915288140931
1365.85556,0.6987445878617985
1366.096614,0.6959969505854916
1366.337668,0.7036177774657241
1366.578722,0.7182985417816422
1366.819776,0.7055201124614574
1367.06083,0.8051956400281305
1367.301884,0.7486976863300289
1367.542938,0.7629368626057483
1367.783992,0.7555721516320756
1368.025046,0.7459997603687071
1368.2661,0.7867301293357856
1368.507154,0.7392123881013303
1368.748208,0.7640362830806626
1368.989262,0.7387616060470931
1369.230316,0.767083206843572
1369.47137,0.7867301293357856
1369.712424,0.7825167116927776
1369.953478,0.787367638897064
1370.194532,0.7836130023135212
1370.435586,0.791124442958536
1370.67664,0.7839108318384261
1370.917694,0.827695455186922
1371.158748,0.8296843099504366
1371.399802,0.8133205229161257
1371.640856,0.8242593940557541
1371.88191,0.8209607321229989
1372.122964,0.8157478329701061
1372.364018,0.823098007280225
1372.605072,0.8208047644012983
1372.846126,0.8329847036075859
1373.08718,0.7739948957905555
1373.328234,0.8118822188651545
1373.569288,0.8152666837016453
1373.810342,0.8766390016759509
1374.051396,0.842492937146215
1374.29245,0.8376541269798667
1374.533504,0.838643142253956
1374.774558,0.8536448826097158
1375.015612,0.7892043444266954
1375.256666,0.8514623465483491
1375.49772,0.8463688681845762
1375.738774,0.8674650987143676
1375.979828,0.8427962892036818
1376.220882,0.8516837555403733
1376.461936,0.8276871782737547
1376.70299,0.8631385984849078
1376.944044,0.8732616975198754
1377.185098,0.8539864088634568
1377.426152,0.8616294268478948
1377.667206,0.8690627038419818
1377.90826,0.8452693035278186
1378.149314,0.8501521036806204
1378.390368,0.85617541480226
1378.631422,0.8540718117744176
1378.872476,0.9114741911183994
1379.11353,0.8868317491079402
1379.354584,0.858601822974309
1379.595638,0.8786400188925584
1379.836692,0.8690627038419818
1380.077746,0.8731394494397878
1380.3188,0.8679857339485474
1380.559854,0.8826822463945571
1380.800908,0.8970891814132342
1381.041962,0.8952251751544402
1381.283016,0.8870268735556461
1381.52407,0.8786400188925584
1381.765124,0.8611212154231672
1382.006178,0.8973134817449607
1382.247232,0.8574091955084864
1382.488286,0.8850156062047729
1382.72934,0.8865568738735793
1382.970394,0.8606219099308118
1383.211448,0.8776213873911365
1383.452502,0.8690713945124735
1383.693556,0.9099796885455117
1383.93461,0.8569120423634404
1384.175664,0.8979238624184563
1384.416718,0.9173400928178967
1384.657772,0.9003875475086932
1384.898826,0.8877811669274367
1385.13988,0.8998294802479654
1385.380934,0.922909591482459
1385.621988,0.9045298256075033
1385.863042,0.8733228279782428
1386.104096,0.8941694324584499
1386.34515,0.8951983188020328
1386.586204,0.8957176844284102
1386.827258,0.8985526291648358
1387.068312,0.9013965464958618
1387.309366,0.8532181668562393
1387.55042,0.8998654741470485
1387.791474,0.9237174907794029
1388.032528,0.9580704165566153
1388.273582,0.9050500798159785
1388.514636,0.9006216787067822
1388.75569,0.8915979292350341
1388.996744,0.8791409864655217
1389.237798,0.8985526291648358
1389.478852,0.9034992491465049
1389.719906,0.9293247795747962
1389.96096,0.9192179727855312
1390.202014,0.926109315507008
1390.443068,0.9333322800550823
1390.684122,0.9176208418387085
1390.925176,0.9266086229793419
1391.16623,0.922676124890583
1391.407284,0.9232003537964362
1391.648338,0.938411243641029
1391.889392,0.9261148721795711
1392.130446,0.9473979995598929
1392.3715,0.91814862554604
1392.612554,0.9295339011754984
1392.853608,0.9092119897028624
1393.094662,0.9165295225007113
1393.335716,0.9187272414249982
1393.57677,0.9081806195078551
1393.817824,0.9126507515432567
1394.058878,0.8913661439068313
1394.299932,0.8083824526175866
1394.540986,0.9960427506294005
1394.78204,0.9395445898489473
1395.023094,0.9441218903864221
1395.264148,0.906852015856068
1395.505202,0.8937760844510758
1395.746256,0.8823204208528399
1395.98731,0.9775312679124399
1396.228364,0.937135871799107
1396.469418,0.9349371230776456
1396.710472,0.9448642619060537
1396.951526,0.9227213371283935
1397.19258,0.9136067972827316
1397.433634,0.9206401828565719
1397.674688,0.9257296885165012
1397.915742,0.9490279772856148
1398.156796,0.9427359935199189
1398.39785,0.9405099977948488
1398.638904,0.8830883736300014
1398.879958,0.8724324928418167
1399.121012,0.811314100176688
1399.362066,0.9514967575275299
1399.60312,0.9152518551969648
1399.844174,0.960316847015459
1400.085228,0.9313352219240318
1400.326282,0.942551235372079
1400.567336,0.9509707252819385
1400.80839,0.9159669461025242
1401.049444,0.9518212732486326
1401.290498,0.9278937929478456
1401.531552,0.9210508799567715
1401.772606,0.9453387028402415
1402.01366,0.9458833747835381
1402.254714,0.9442927919147038
1402.495768,0.9371742951575243
1402.736822,0.9295943228427577
1402.977876,0.9244512137165406
1403.21893,0.9378661850633229
1403.459984,0.9633389077199589
1403.701038,0.9420329747273661
1403.942092,0.9251383362027252
1404.183146,0.9152573467245706
1404.4242,0.9306248841780153
1404.665254,0.912903590818057
1404.906308,0.919645508537235
1405.147362,0.9378539928821664
1405.388416,0.9388993443829167
1405.62947,0.9430933581777879
1405.870524,0.9368294784670687
1406.111578,0.9155695026993725
1406.352632,0.9404516879826084
1406.593686,0.9159321400198921
1406.83474,0.9100351989995645
1407.075794,0.9309730029788559
1407.316848,0.9615458780606037
1407.557902,0.9234201016295945
1407.798956,0.9440010505183692
1408.04001,0.9383708928251012
1408.281064,0.9416901371247944
1408.522118,0.9271907159526358
1408.763172,0.9601200022390999
1409.004226,0.937858682163854
1409.24528,0.9546371102334259
1409.486334,0.9435008625231218
1409.727388,0.9314879734257081
1409.968442,0.9502349587189619
1410.209496,1.0
1410.45055,1.0
1410.691604,1.0
1410.932658,1.0
1411.173712,1.0
1411.414766,1.0
1411.65582,1.0
1411.896874,1.0
1412.137928,1.0
1412.378982,1.0
1412.620036,1.0
1412.86109,1.0
1413.102144,1.0
1413.343198,1.0
1413.584252,1.0
1413.825306,1.0
1414.06636,1.0
1414.307414,1.0
1414.548468,1.0
1414.789522,1.0
1415.030576,1.0
1415.27163,1.0
1415.512684,1.0
1415.753738,1.0
1415.994792,1.0
1416.235846,1.0
1416.4769,1.0
1416.717954,1.0
1416.959008,1.0
1417.200062,1.0
1417.441116,1.0
1417.68217,1.0
1417.923224,1.0
1418.164278,1.0
1418.405332,1.0
1418.646386,1.0
1418.88744,1.0
1419.128494,1.0
1419.369548,1.0
1419.610602,1.0
1419.851656,1.0
1420.09271,1.0
1420.333764,1.0
1420.574818,1.0
1420.815872,1.0
1421.056926,1.0
1421.29798,1.0
1421.539034,1.0
1421.780088,1.0
1422.021142,1.0
1422.262196,1.0
1422.50325,1.0
1422.744304,1.0
1422.985358,1.0
1423.226412,1.0
1423.467466,1.0
1423.70852,1.0
1423.949574,1.0
1424.190628,1.0
1424.431682,1.0
1424.672736,1.0
1424.91379,1.0
1425.154844,1.0
1425.395898,1.0
1425.636952,1.0
1425.878006,1.0
1426.11906,1.0
1426.360114,1.0
1426.601168,1.0
1426.842222,1.0
1427.083276,1.0
1427.32433,1.0
1427.565384,1.0
1427.806438,1.0
1428.047492,1.0
1428.288546,1.0
1428.5296,1.0
1428.770654,1.0
1429.011708,1.0
1429.252762,1.0
1429.493816,1.0
1429.73487,1.0
1429.975924,1.0
1430.216978,1.0
1430.458032,1.0
1430.699086,1.0
1430.94014,1.0
1431.181194,1.0
1431.422248,1.0
1431.663302,1.0
1431.904356,1.0
1432.14541,1.0
1432.386464,1.0
1432.627518,1.0
1432.868572,1.0
1433.109626,1.0
1433.35068,1.0
1433.591734,1.0
1433.832788,1.0
1434.073842,1.0
1434.314896,1.0
1434.55595,1.0
1434.797004,1.0
1435.038058,1.0
1435.279112,1.0
1435.520166,1.0
1435.76122,1.0
1436.002274,1.0
1436.243328,1.0
1436.484382,1.0
1436.725436,1.0
1436.96649,1.0
1437.207544,1.0
1437.448598,1.0
1437.689652,1.0
1437.930706,1.0
1438.17176,1.0
1438.412814,1.0
1438.653868,1.0
1438.894922,1.0
1439.135976,1.0
1439.37703,1.0
1439.618084,1.0
1439.859138,1.0
1440.100192,1.0
1440.341246,1.0
1440.5823,1.0
1440.823354,1.0
1441.064408,1.0
1441.305462,1.0
1441.546516,1.0
1441.78757,1.0
1442.028624,1.0
1442.269678,1.0
1442.510732,1.0
1442.751786,1.0
1442.99284,1.0
1443.233894,1.0
1443.474948,1.0
1443.716002,1.0
1443.957056,1.0
1444.19811,1.0
1444.439164,1.0
1444.680218,1.0
1444.921272,1.0
1445.162326,1.0
1445.40338,1.0
1445.644434,1.0
1445.885488,1.0
1446.126542,1.0
1446.367596,1.0
1446.60865,1.0
1446.849704,1.0
1447.090758,1.0
1447.331812,1.0
1447.572866,1.0
1447.81392,1.0
1448.054974,1.0
1448.296028,1.0
1448.537082,1.0
1448.778136,1.0
1449.01919,1.0
1449.260244,1.0
1449.501298,1.0
1449.742352,1.0
1449.983406,1.0
1450.22446,1.0
1450.465514,1.0
1450.706568,1.0
1450.947622,1.0
1451.188676,1.0
1451.42973,1.0
1451.670784,1.0
1451.911838,1.0
1452.152892,1.0
1452.393946,1.0
1452.635,1.0
1452.876054,1.0
1453.117108,1.0
1453.358162,1.0
1453.599216,1.0
1453.84027,1.0
1454.081324,1.0
1454.322378,1.0
1454.563432,1.0
1454.804486,1.0
1455.04554,1.0
1455.286594,1.0
1455.527648,1.0
1455.768702,1.0
1456.009756,1.0
1456.25081,1.0
1456.491864,1.0
1456.732918,1.0
1456.973972,1.0
1457.215026,1.0
1457.45608,1.0
1457.697134,1.0
1457.938188,1.0
1458.179242,1.0
1458.420296,1.0
1458.66135,1.0
1458.902404,1.0
1459.143458,1.0
1459.384512,1.0
1459.625566,1.0
1459.86662,1.0
1460.107674,1.0
1460.348728,1.0
1460.589782,1.0
1460.830836,1.0
1461.07189,1.0
1461.312944,1.0
1461.553998,1.0
1461.795052,1.0
1462.036106,1.0
1462.27716,1.0
1462.518214,1.0
1462.759268,1.0
1463.000322,1.0
1463.241376,1.0
1463.48243,1.0
1463.723484,1.0
1463.964538,1.0
1464.205592,1.0
1464.446646,1.0
1464.6877,1.0
1464.928754,1.0
1465.169808,1.0
1465.410862,1.0
1465.651916,1.0
1465.89297,1.0
1466.134024,1.0
1466.375078,1.0
1466.616132,1.0
1466.857186,1.0
1467.09824,1.0
1467.339294,1.0
1467.580348,1.0
1467.821402,1.0
1468.062456,1.0
1468.30351,1.0
1468.544564,1.0
1468.785618,1.0
1469.026672,1.0
1469.267726,1.0
1469.50878,1.0
1469.749834,1.0
1469.990888,1.0
1470.231942,1.0
1470.472996,1.0
1470.71405,1.0
1470.955104,1.0
1471.196158,1.0
1471.437212,1.0
1471.678266,1.0
1471.91932,1.0
1472.160374,1.0
1472.401428,1.0
1472.642482,1.0
1472.883536,1.0
1473.12459,1.0
1473.365644,1.0
1473.606698,1.0
1473.847752,1.0
1474.088806,1.0
1474.32986,1.0
1474.570914,1.0
1474.811968,1.0
1475.053022,1.0
1475.294076,1.0
1475.53513,1.0
1475.776184,1.0
1476.017238,1.0
1476.258292,1.0
1476.499346,1.0
1476.7404,1.0
1476.981454,1.0
1477.222508,1.0
1477.463562,1.0
1477.704616,1.0
1477.94567,1.0
1478.186724,1.0
1478.427778,1.0
1478.668832,1.0
1478.909886,1.0
1479.15094,1.0
1479.391994,1.0
1479.633048,1.0
1479.874102,1.0
1480.115156,1.0
1480.35621,1.0
1480.597264,1.0
1480.838318,1.0
1481.079372,1.0
1481.320426,1.0
1481.56148,1.0
1481.802534,1.0
1482.043588,1.0
1482.284642,1.0
1482.525696,1.0
1482.76675,1.0
1483.007804,1.0
1483.248858,1.0
1483.489912,1.0
1483.730966,1.0
1483.97202,1.0
1484.213074,1.0
1484.454128,1.0
1484.695182,1.0
1484.936236,1.0
1485.17729,1.0
1485.418344,1.0
1485.659398,1.0
1485.900452,1.0
1486.141506,1.0
1486.38256,1.0
1486.623614,1.0
1486.864668,1.0
1487.105722,1.0
1487.346776,1.0
1487.58783,1.0
1487.828884,1.0
1488.069938,1.0
1488.310992,1.0
1488.552046,1.0
1488.7931,1.0
1489.034154,1.0
1489.275208,1.0
1489.516262,1.0
1489.757316,1.0
1489.99837,1.0
1490.239424,1.0
1490.480478,1.0
1490.721532,1.0
1490.962586,1.0
1491.20364,1.0
1491.444694,1.0
1491.685748,1.0
1491.926802,1.0
1492.167856,1.0
1492.40891,1.0
1492.649964,1.0
1492.891018,1.0
1493.132072,1.0
1493.373126,1.0
1493.61418,1.0
1493.855234,1.0
1494.096288,1.0
1494.337342,1.0
1494.578396,1.0
1494.81945,1.0
1495.060504,1.0
1495.301558,1.0
1495.542612,1.0
1495.783666,1.0
1496.02472,1.0
1496.265774,1.0
1496.506828,1.0
1496.747882,1.0
1496.988936,1.0
1497.22999,1.0
1497.471044,1.0
1497.712098,1.0
1497.953152,1.0
1498.194206,1.0
1498.43526,1.0
1498.676314,1.0
1498.917368,1.0
1499.158422,1.0
1499.399476,1.0
1499.64053,1.0
1499.881584,1.0
1500.122638,1.0
1500.363692,1.0
1500.604746,1.0
1500.8458,1.0
1501.086854,1.0
1501.327908,1.0
1501.568962,1.0
1501.810016,1.0
1502.05107,1.0
1502.292124,1.0
1502.533178,1.0
1502.774232,1.0
1503.015286,1.0
1503.25634,1.0
1503.497394,1.0
1503.738448,1.0
1503.979502,1.0
1504.220556,1.0
1504.46161,1.0
1504.702664,1.0
1504.943718,1.0
1505.184772,1.0
1505.425826,1.0
1505.66688,1.0
1505.907934,1.0
1506.148988,1.0
1506.390042,1.0
1506.631096,1.0
1506.87215,1.0
1507.113204,1.0
1507.354258,1.0
1507.595312,1.0
1507.836366,1.0
1508.07742,1.0
1508.318474,1.0
1508.559528,1.0
1508.800582,1.0
1509.041636,1.0
1509.28269,1.0
1509.523744,1.0
1509.764798,1.0
1510.005852,1.0
1510.246906,1.0
1510.48796,1.0
1510.729014,1.0
1510.970068,1.0
1511.211122,1.0
1511.452176,1.0
1511.69323,1.0
1511.934284,1.0
1512.175338,1.0
1512.416392,1.0
1512.657446,1.0
1512.8985,1.0
1513.139554,1.0
1513.380608,1.0
1513.621662,1.0
1513.862716,1.0
1514.10377,1.0
1514.344824,1.0
1514.585878,1.0
1514.826932,1.0
1515.067986,1.0
1515.30904,1.0
1515.550094,1.0
1515.791148,1.0
1516.032202,1.0
1516.273256,1.0
1516.51431,1.0
1516.755364,1.0
1516.996418,1.0
1517.237472,1.0
1517.478526,1.0
1517.71958,1.0
1517.960634,1.0
1518.201688,1.0
1518.442742,1.0
1518.683796,1.0
1518.92485,1.0
1519.165904,1.0
1519.406958,1.0
1519.648012,1.0
1519.889066,1.0
1520.13012,1.0
1520.371174,1.0
1520.612228,1.0
1520.853282,1.0
1521.094336,1.0
1521.33539,1.0
1521.576444,1.0
1521.817498,1.0
1522.058552,1.0
1522.299606,1.0
1522.54066,1.0
1522.781714,1.0
1523.022768,1.0
1523.263822,1.0
1523.504876,1.0
1523.74593,1.0
1523.986984,1.0
1524.228038,1.0
1524.469092,1.0
1524.710146,1.0
1524.9512,1.0
1525.192254,1.0
1525.433308,1.0
1525.674362,1.0
1525.915416,1.0
1526.15647,1.0
1526.397524,1.0
1526.638578,1.0
1526.879632,1.0
1527.120686,1.0
1527.36174,1.0
1527.602794,1.0
1527.843848,1.0
1528.084902,1.0
1528.325956,1.0
1528.56701,1.0
1528.808064,1.0
1529.049118,1.0
1529.290172,1.0
1529.531226,1.0
1529.77228,1.0
1530.013334,1.0
1530.254388,1.0
1530.495442,1.0
1530.736496,1.0
1530.97755,1.0
1531.218604,1.0
1531.459658,1.0
1531.700712,1.0
1531.941766,1.0
1532.18282,1.0
1532.423874,1.0
1532.664928,1.0
1532.905982,1.0
1533.147036,1.0
1533.38809,1.0
1533.629144,1.0
1533.870198,1.0
1534.111252,1.0
1534.352306,1.0
1534.59336,1.0
1534.834414,1.0
1535.075468,1.0
1535.316522,1.0
1535.557576,1.0
1535.79863,1.0
1536.039684,1.0
1536.280738,1.0
1536.521792,1.0
1536.762846,1.0
1537.0039,1.0
1537.244954,1.0
1537.486008,1.0
1537.727062,1.0
1537.968116,1.0
1538.20917,1.0
1538.450224,1.0
1538.691278,1.0
1538.932332,1.0
1539.173386,1.0
1539.41444,1.0
1539.655494,1.0
1539.896548,1.0
1540.137602,1.0
1540.378656,1.0
1540.61971,1.0
1540.860764,1.0
1541.101818,1.0
1541.342872,1.0
1541.583926,1.0
1541.82498,1.0
1542.066034,1.0
1542.307088,1.0
1542.548142,1.0
1542.789196,1.0
1543.03025,1.0
1543.271304,1.0
1543.512358,1.0
1543.753412,1.0
1543.994466,1.0
1544.23552,1.0
1544.476574,1.0
1544.717628,1.0
1544.958682,1.0
1545.199736,1.0
1545.44079,1.0
1545.681844,1.0
1545.922898,1.0
1546.163952,1.0
1546.405006,1.0
1546.64606,1.0
1546.887114,1.0
1547.128168,1.0
1547.369222,1.0
1547.610276,1.0
1547.85133,1.0
1548.092384,1.0
1548.333438,1.0
1548.574492,1.0
1548.815546,1.0
1549.0566,1.0
1549.297654,1.0
1549.538708,1.0
1549.779762,1.0
1550.020816,1.0
1550.26187,1.0
1550.502924,1.0
1550.743978,1.0
1550.985032,1.0
1551.226086,1.0
1551.46714,1.0
1551.708194,1.0
1551.949248,1.0
1552.190302,1.0
1552.431356,1.0
1552.67241,1.0
1552.913464,1.0
1553.154518,1.0
1553.395572,1.0
1553.636626,1.0
1553.87768,1.0
1554.118734,1.0
1554.359788,1.0
1554.600842,1.0
1554.841896,1.0
1555.08295,1.0
1555.324004,1.0
1555.565058,1.0
1555.806112,1.0
1556.047166,1.0
1556.28822,1.0
1556.529274,1.0
1556.770328,1.0
1557.011382,1.0
1557.252436,1.0
1557.49349,1.0
1557.734544,1.0
1557.975598,1.0
1558.216652,1.0
1558.457706,1.0
1558.69876,1.0
1558.939814,1.0
1559.180868,1.0
1559.421922,1.0
1559.662976,1.0
1559.90403,1.0
1560.145084,1.0
1560.386138,1.0
1560.627192,1.0
1560.868246,1.0
1561.1093,1.0
1561.350354,1.0
1561.591408,1.0
1561.832462,1.0
1562.073516,1.0
1562.31457,1.0
1562.555624,1.0
1562.796678,1.0
1563.037732,1.0
1563.278786,1.0
1563.51984,1.0
1563.760894,1.0
1564.001948,1.0
1564.243002,1.0
1564.484056,1.0
1564.72511,1.0
1564.966164,1.0
1565.207218,1.0
1565.448272,1.0
1565.689326,1.0
1565.93038,1.0
1566.171434,1.0
1566.412488,1.0
1566.653542,1.0
1566.894596,1.0
1567.13565,1.0
1567.376704,1.0
1567.617758,1.0
1567.858812,1.0
1568.099866,1.0
1568.34092,1.0
1568.581974,1.0
1568.823028,1.0
1569.064082,1.0
1569.305136,1.0
1569.54619,1.0
1569.787244,1.0
1570.028298,1.0
1570.269352,1.0
1570.510406,1.0
1570.75146,1.0
1570.992514,1.0
1571.233568,1.0
1571.474622,1.0
1571.715676,1.0
1571.95673,1.0
1572.197784,1.0
1572.438838,1.0
1572.679892,1.0
1572.920946,1.0
1573.162,1.0
1573.403054,1.0
1573.644108,1.0
1573.885162,1.0
1574.126216,1.0
1574.36727,1.0
1574.608324,1.0
1574.849378,1.0
1575.090432,1.0
1575.331486,1.0
1575.57254,1.0
1575.813594,1.0
1576.054648,1.0
1576.295702,1.0
1576.536756,1.0
1576.77781,1.0
1577.018864,1.0
1577.259918,1.0
1577.500972,1.0
1577.742026,1.0
1577.98308,1.0
1578.224134,1.0
1578.465188,1.0
1578.706242,1.0
1578.947296,1.0
1579.18835,1.0
1579.429404,1.0
1579.670458,1.0
1579.911512,1.0
1580.152566,1.0
1580.39362,1.0
1580.634674,1.0
1580.875728,1.0
1581.116782,1.0
1581.357836,1.0
1581.59889,1.0
1581.839944,1.0
1582.080998,1.0
1582.322052,1.0
1582.563106,1.0
1582.80416,1.0
1583.045214,1.0
1583.286268,1.0
1583.527322,1.0
1583.768376,1.0
1584.00943,1.0
1584.250484,1.0
1584.491538,1.0
1584.732592,1.0
1584.973646,1.0
1585.2147,1.0
1585.455754,1.0
1585.696808,1.0
1585.937862,1.0
1586.178916,1.0
1586.41997,1.0
1586.661024,1.0
1586.902078,1.0
1587.143132,1.0
1587.384186,1.0
1587.62524,1.0
1587.866294,1.0
1588.107348,1.0
1588.348402,1.0
1588.589456,1.0
1588.83051,1.0
1589.071564,1.0
1589.312618,1.0
1589.553672,1.0
1589.794726,1.0
1590.03578,1.0
1590.276834,1.0
1590.517888,1.0
1590.758942,1.0
1590.999996,1.0
1591.24105,1.0
1591.482104,1.0
1591.723158,1.0
1591.964212,1.0
1592.205266,1.0
1592.44632,1.0
1592.687374,1.0
1592.928428,1.0
1593.169482,1.0
1593.410536,1.0
1593.65159,1.0
1593.892644,1.0
1594.133698,1.0
1594.374752,1.0
1594.615806,1.0
1594.85686,1.0
1595.097914,1.0
1595.338968,1.0
1595.580022,1.0
1595.821076,1.0
1596.06213,1.0
1596.303184,1.0
1596.544238,1.0
1596.785292,1.0
1597.026346,1.0
1597.2674,1.0
1597.508454,1.0
1597.749508,1.0
1597.990562,1.0
1598.231616,1.0
1598.47267,1.0
1598.713724,1.0
1598.954778,1.0
1599.195832,1.0
1599.436886,1.0
1599.67794,1.0
1599.918994,1.0
1600.160048,1.0
1600.401102,1.0
1600.642156,1.0
1600.88321,1.0
1601.124264,1.0
1601.365318,1.0
1601.606372,1.0
1601.847426,1.0
1602.08848,1.0
1602.329534,1.0
1602.570588,1.0
1602.811642,1.0
1603.052696,1.0
1603.29375,1.0
1603.534804,1.0
1603.775858,1.0
1604.016912,1.0
1604.257966,1.0
1604.49902,1.0
1604.740074,1.0
1604.981128,1.0
1605.222182,1.0
1605.463236,1.0
1605.70429,1.0
1605.945344,1.0
1606.186398,1.0
1606.427452,1.0
1606.668506,1.0
1606.90956,1.0
1607.150614,1.0
1607.391668,1.0
1607.632722,1.0
1607.873776,1.0
1608.11483,1.0
1608.355884,1.0
1608.596938,1.0
1608.837992,1.0
1609.079046,1.0
1609.3201,1.0
1609.561154,1.0
1609.802208,1.0
1610.043262,1.0
1610.284316,1.0
1610.52537,1.0
1610.766424,1.0
1611.007478,1.0
1611.248532,1.0
1611.489586,1.0
1611.73064,1.0
1611.971694,1.0
1612.212748,1.0
1612.453802,1.0
1612.694856,1.0
1612.93591,1.0
1613.176964,1.0
1613.418018,1.0
1613.659072,1.0
1613.900126,1.0
1614.14118,1.0
1614.382234,1.0
1614.623288,1.0
1614.864342,1.0
1615.105396,1.0
1615.34645,1.0
1615.587504,1.0
1615.828558,1.0
1616.069612,1.0
1616.310666,1.0
1616.55172,1.0
1616.792774,1.0
1617.033828,1.0
1617.274882,1.0
1617.515936,1.0
1617.75699,1.0
1617.998044,1.0
1618.239098,1.0
1618.480152,1.0
1618.721206,1.0
1618.96226,1.0
1619.203314,1.0
1619.444368,1.0
1619.685422,1.0
1619.926476,1.0
1620.16753,1.0
1620.408584,1.0
1620.649638,1.0
1620.890692,1.0
1621.131746,1.0
1621.3728,1.0
1621.613854,1.0
1621.854908,1.0
1622.095962,1.0
1622.337016,1.0
1622.57807,1.0
1622.819124,1.0
1623.060178,1.0
1623.301232,1.0
1623.542286,1.0
1623.78334,1.0
1624.024394,1.0
1624.265448,1.0
1624.506502,1.0
1624.747556,1.0
1624.98861,1.0
1625.229664,1.0
1625.470718,1.0
1625.711772,1.0
1625.952826,1.0
1626.19388,1.0
1626.434934,1.0
1626.675988,1.0
1626.917042,1.0
1627.158096,1.0
1627.39915,1.0
1627.640204,1.0
1627.881258,1.0
1628.122312,1.0
1628.363366,1.0
1628.60442,1.0
1628.845474,1.0
1629.086528,1.0
1629.327582,1.0
1629.568636,1.0
1629.80969,1.0
1630.050744,1.0
1630.291798,1.0
1630.532852,1.0
1630.773906,1.0
1631.01496,1.0
1631.256014,1.0
1631.497068,1.0
1631.738122,1.0
1631.979176,1.0
1632.22023,1.0
1632.461284,1.0
1632.702338,1.0
1632.943392,1.0
1633.184446,1.0
1633.4255,1.0
1633.666554,1.0
1633.907608,1.0
1634.148662,1.0
1634.389716,1.0
1634.63077,1.0
1634.871824,1.0
1635.112878,1.0
1635.353932,1.0
1635.594986,1.0
1635.83604,1.0
1636.077094,1.0
1636.318148,1.0
1636.559202,1.0
1636.800256,1.0
1637.04131,1.0
1637.282364,1.0
1637.523418,1.0
1637.764472,1.0
1638.005526,1.0
1638.24658,1.0
1638.487634,1.0
1638.728688,1.0
1638.969742,1.0
1639.210796,1.0
1639.45185,1.0
1639.692904,1.0
1639.933958,1.0
1640.175012,1.0
1640.416066,1.0
1640.65712,1.0
1640.898174,1.0
1641.139228,1.0
1641.380282,1.0
1641.621336,1.0
1641.86239,1.0
1642.103444,1.0
1642.344498,1.0
1642.585552,1.0
1642.826606,1.0
1643.06766,1.0
1643.308714,1.0
1643.549768,1.0
1643.790822,1.0
1644.031876,1.0
1644.27293,1.0
1644.513984,1.0
1644.755038,1.0
1644.996092,1.0
1645.237146,1.0
1645.4782,1.0
1645.719254,1.0
1645.960308,1.0
1646.201362,1.0
1646.442416,1.0
1646.68347,1.0
1646.924524,1.0
1647.165578,1.0
1647.406632,1.0
1647.647686,1.0
1647.88874,1.0
1648.129794,1.0
1648.370848,1.0
1648.611902,1.0
1648.852956,1.0
1649.09401,1.0
1649.335064,1.0
1649.576118,1.0
1649.817172,1.0
1650.058226,1.0
1650.29928,1.0
1650.540334,1.0
1650.781388,1.0
1651.022442,1.0
1651.263496,1.0
1651.50455,1.0
1651.745604,1.0
1651.986658,1.0
1652.227712,1.0
1652.468766,1.0
1652.70982,1.0
1652.950874,1.0
1653.191928,1.0
1653.432982,1.0
1653.674036,1.0
1653.91509,1.0
1654.156144,1.0
1654.397198,1.0
1654.638252,1.0
1654.879306,1.0
1655.12036,1.0
1655.361414,1.0
1655.602468,1.0
1655.843522,1.0
1656.084576,1.0
1656.32563,1.0
1656.566684,1.0
1656.807738,1.0
1657.048792,1.0
1657.289846,1.0
1657.5309,1.0
1657.771954,1.0
1658.013008,1.0
1658.254062,1.0
1658.495116,1.0
1658.73617,1.0
1658.977224,1.0
1659.218278,1.0
1659.459332,1.0
1659.700386,1.0
1659.94144,1.0
1660.182494,1.0
1660.423548,1.0
1660.664602,1.0
1660.905656,1.0
1661.14671,1.0
1661.387764,1.0
1661.628818,1.0
1661.869872,1.0
1662.110926,1.0
1662.35198,1.0
1662.593034,1.0
1662.834088,1.0
1663.075142,1.0
1663.316196,1.0
1663.55725,1.0
1663.798304,1.0
1664.039358,1.0
1664.280412,1.0
1664.521466,1.0
1664.76252,1.0
1665.003574,1.0
1665.244628,1.0
1665.485682,1.0
1665.726736,1.0
1665.96779,1.0
1666.208844,1.0
1666.449898,1.0
1666.690952,1.0
1666.932006,1.0
1667.17306,1.0
1667.414114,1.0
1667.655168,1.0
1667.896222,1.0
1668.137276,1.0
1668.37833,1.0
1668.619384,1.0
1668.860438,1.0
1669.101492,1.0
1669.342546,1.0
1669.5836,1.0
1669.824654,1.0
1670.065708,1.0
1670.306762,1.0
1670.547816,1.0
1670.78887,1.0
1671.029924,1.0
1671.270978,1.0
1671.512032,1.0
1671.753086,1.0
1671.99414,1.0
1672.235194,1.0
1672.476248,1.0
1672.717302,1.0
1672.958356,1.0
1673.19941,1.0
1673.440464,1.0
1673.681518,1.0
1673.922572,1.0
1674.163626,1.0
1674.40468,1.0
1674.645734,1.0
1674.886788,1.0
1675.127842,1.0
1675.368896,1.0
1675.60995,1.0
1675.851004,1.0
1676.092058,1.0
1676.333112,1.0
1676.574166,1.0
1676.81522,1.0
1677.056274,1.0
1677.297328,1.0
1677.538382,1.0
1677.779436,1.0
1678.02049,1.0
1678.261544,1.0
1678.502598,1.0
1678.743652,1.0
1678.984706,1.0
1679.22576,1.0
1679.466814,1.0
1679.707868,1.0
1679.948922,1.0
1680.189976,1.0
1680.43103,1.0
1680.672084,1.0
1680.913138,1.0
1681.154192,1.0
1681.395246,1.0
1681.6363,1.0
1681.877354,1.0
1682.118408,1.0
1682.359462,1.0
1682.600516,1.0
1682.84157,1.0
1683.082624,1.0
1683.323678,1.0
1683.564732,1.0
1683.805786,1.0
1684.04684,1.0
1684.287894,1.0
1684.528948,1.0
1684.770002,1.0
1685.011056,1.0
1685.25211,1.0
1685.493164,1.0
1685.734218,1.0
1685.975272,1.0
1686.216326,1.0
1686.45738,1.0
1686.698434,1.0
1686.939488,1.0
1687.180542,1.0
1687.421596,1.0
1687.66265,1.0
1687.903704,1.0
1688.144758,1.0
1688.385812,1.0
1688.626866,1.0
1688.86792,1.0
1689.108974,1.0
1689.350028,1.0
1689.591082,1.0
1689.832136,1.0
1690.07319,1.0
1690.314244,1.0
1690.555298,1.0
1690.796352,1.0
1691.037406,1.0
1691.27846,1.0
1691.519514,1.0
1691.760568,1.0
1692.001622,1.0
1692.242676,1.0
1692.48373,1.0
1692.724784,1.0
1692.965838,1.0
1693.206892,1.0
1693.447946,1.0
1693.689,1.0
1693.930054,1.0
1694.171108,1.0
1694.412162,1.0
1694.653216,1.0
1694.89427,1.0
1695.135324,1.0
1695.376378,1.0
1695.617432,1.0
1695.858486,1.0
1696.09954,1.0
1696.340594,1.0
1696.581648,1.0
1696.822702,1.0
1697.063756,1.0
1697.30481,1.0
1697.545864,1.0
1697.786918,1.0
1698.027972,1.0
1698.269026,1.0
1698.51008,1.0
1698.751134,1.0
1698.992188,1.0
1699.233242,1.0
1699.474296,1.0
1699.71535,1.0
1699.956404,1.0
1700.197458,1.0
1700.438512,1.0
1700.679566,1.0
1700.92062,1.0
1701.161674,1.0
1701.402728,1.0
1701.643782,1.0
1701.884836,1.0
1702.12589,1.0
1702.366944,1.0
1702.607998,1.0
1702.849052,1.0
1703.090106,1.0
1703.33116,1.0
1703.572214,1.0
1703.813268,1.0
1704.054322,1.0
1704.295376,1.0
1704.53643,1.0
1704.777484,1.0
1705.018538,1.0
1705.259592,1.0
1705.500646,1.0
1705.7417,1.0
1705.982754,1.0
1706.223808,1.0
1706.464862,1.0
1706.705916,1.0
1706.94697,1.0
1707.188024,1.0
1707.429078,1.0
1707.670132,1.0
1707.911186,1.0
1708.15224,1.0
1708.393294,1.0
1708.634348,1.0
1708.875402,1.0
1709.116456,1.0
1709.35751,1.0
1709.598564,1.0
1709.839618,1.0
1710.080672,1.0
1710.321726,1.0
1710.56278,1.0
1710.803834,1.0
1711.044888,1.0
1711.285942,1.0
1711.526996,1.0
1711.76805,1.0
1712.009104,1.0
1712.250158,1.0
1712.491212,1.0
1712.732266,1.0
1712.97332,1.0
1713.214374,1.0
1713.455428,1.0
1713.696482,1.0
1713.937536,1.0
1714.17859,1.0
1714.419644,1.0
1714.660698,1.0
1714.901752,1.0
1715.142806,1.0
1715.38386,1.0
1715.624914,1.0
1715.865968,1.0
1716.107022,1.0
1716.348076,1.0
1716.58913,1.0
1716.830184,1.0
1717.071238,1.0
1717.312292,1.0
1717.553346,1.0
1717.7944,1.0
1718.035454,1.0
1718.276508,1.0
1718.517562,1.0
1718.758616,1.0
1718.99967,1.0
1719.240724,1.0
1719.481778,1.0
1719.722832,1.0
1719.963886,1.0
1720.20494,1.0
1720.445994,1.0
1720.687048,1.0
1720.928102,1.0
1721.169156,1.0
1721.41021,1.0
1721.651264,1.0
1721.892318,1.0
1722.133372,1.0
1722.374426,1.0
1722.61548,1.0
1722.856534,1.0
1723.097588,1.0
1723.338642,1.0
1723.579696,1.0
1723.82075,1.0
1724.061804,1.0
1724.302858,1.0
1724.543912,1.0
1724.784966,1.0
1725.02602,1.0
1725.267074,1.0
1725.508128,1.0
1725.749182,1.0
1725.990236,1.0
1726.23129,1.0
1726.472344,1.0
1726.713398,1.0
1726.954452,1.0
1727.195506,1.0
1727.43656,1.0
1727.677614,1.0
1727.918668,1.0
1728.159722,1.0
1728.400776,1.0
1728.64183,1.0
1728.882884,1.0
1729.123938,1.0
1729.364992,1.0
1729.606046,1.0
1729.8471,1.0
1730.088154,1.0
1730.329208,1.0
1730.570262,1.0
1730.811316,1.0
1731.05237,1.0
1731.293424,1.0
1731.534478,1.0
1731.775532,1.0
1732.016586,1.0
1732.25764,1.0
1732.498694,1.0
1732.739748,1.0
1732.980802,1.0
1733.221856,1.0
1733.46291,1.0
1733.703964,1.0
1733.945018,1.0
1734.186072,1.0
1734.427126,1.0
1734.66818,1.0
1734.909234,1.0
1735.150288,1.0
1735.391342,1.0
1735.632396,1.0
1735.87345,1.0
1736.114504,1.0
1736.355558,1.0
1736.596612,1.0
1736.837666,1.0
1737.07872,1.0
1737.319774,1.0
1737.560828,1.0
1737.801882,1.0
1738.042936,1.0
1738.28399,1.0
1738.525044,1.0
1738.766098,1.0
1739.007152,1.0
1739.248206,1.0
1739.48926,1.0
1739.730314,1.0
1739.971368,1.0
1740.212422,1.0
1740.453476,1.0
1740.69453,1.0
1740.935584,1.0
1741.176638,1.0
1741.417692,1.0
1741.658746,1.0
1741.8998,1.0
1742.140854,1.0
1742.381908,1.0
1742.622962,1.0
1742.864016,1.0
1743.10507,1.0
1743.346124,1.0
1743.587178,1.0
1743.828232,1.0
1744.069286,1.0
1744.31034,1.0
1744.551394,1.0
1744.792448,1.0
1745.033502,1.0
1745.274556,1.0
1745.51561,1.0
1745.756664,1.0
1745.997718,1.0
1746.238772,1.0
1746.479826,1.0
1746.72088,1.0
1746.961934,1.0
1747.202988,1.0
1747.444042,1.0
1747.685096,1.0
1747.92615,1.0
1748.167204,1.0
1748.408258,1.0
1748.649312,1.0
1748.890366,1.0
1749.13142,1.0
1749.372474,1.0
1749.613528,1.0
1749.854582,1.0
1750.095636,1.0
1750.33669,1.0
1750.577744,1.0
1750.818798,1.0
1751.059852,1.0
1751.300906,1.0
1751.54196,1.0
1751.783014,1.0
1752.024068,1.0
1752.265122,1.0
1752.506176,1.0
1752.74723,1.0
1752.988284,1.0
1753.229338,1.0
1753.470392,1.0
1753.711446,1.0
1753.9525,1.0
1754.193554,1.0
1754.434608,1.0
1754.675662,1.0
1754.916716,1.0
1755.15777,1.0
1755.398824,1.0
1755.639878,1.0
1755.880932,1.0
1756.121986,1.0
1756.36304,1.0
1756.604094,1.0
1756.845148,1.0
1757.086202,1.0
1757.327256,1.0
1757.56831,1.0
1757.809364,1.0
1758.050418,1.0
1758.291472,1.0
1758.532526,1.0
1758.77358,1.0
1759.014634,1.0
1759.255688,1.0
1759.496742,1.0
1759.737796,1.0
1759.97885,1.0
1760.219904,1.0
1760.460958,1.0
1760.702012,1.0
1760.943066,1.0
1761.18412,1.0
1761.425174,1.0
1761.666228,1.0
1761.907282,1.0
1762.148336,1.0
1762.38939,1.0
1762.630444,1.0
1762.871498,1.0
1763.112552,1.0
1763.353606,1.0
1763.59466,1.0
1763.835714,1.0
1764.076768,1.0
1764.317822,1.0
1764.558876,1.0
1764.79993,1.0
1765.040984,1.0
1765.282038,1.0
1765.523092,1.0
1765.764146,1.0
1766.0052,1.0
1766.246254,1.0
1766.487308,1.0
1766.728362,1.0
1766.969416,1.0
1767.21047,1.0
1767.451524,1.0
1767.692578,1.0
1767.933632,1.0
1768.174686,1.0
1768.41574,1.0
1768.656794,1.0
1768.897848,1.0
1769.138902,1.0
1769.379956,1.0
1769.62101,1.0
1769.862064,1.0
1770.103118,1.0
1770.344172,1.0
1770.585226,1.0
1770.82628,1.0
1771.067334,1.0
1771.308388,1.0
1771.549442,1.0
1771.790496,1.0
1772.03155,1.0
1772.272604,1.0
1772.513658,1.0
1772.754712,1.0
1772.995766,1.0
1773.23682,1.0
1773.477874,1.0
1773.718928,1.0
1773.959982,1.0
1774.201036,1.0
1774.44209,1.0
1774.683144,1.0
1774.924198,1.0
1775.165252,1.0
1775.406306,1.0
1775.64736,1.0
1775.888414,1.0
1776.129468,1.0
1776.370522,1.0
1776.611576,1.0
1776.85263,1.0
1777.093684,1.0
1777.334738,1.0
1777.575792,1.0
1777.816846,1.0
1778.0579,1.0
1778.298954,1.0
1778.540008,1.0
1778.781062,1.0
1779.022116,1.0
1779.26317,1.0
1779.504224,1.0
1779.745278,1.0
1779.986332,1.0
1780.227386,1.0
1780.46844,1.0
1780.709494,1.0
1780.950548,1.0
1781.191602,1.0
1781.432656,1.0
1781.67371,1.0
1781.914764,1.0
1782.155818,1.0
1782.396872,1.0
1782.637926,1.0
1782.87898,1.0
1783.120034,1.0
1783.361088,1.0
1783.602142,1.0
1783.843196,1.0
1784.08425,1.0
1784.325304,1.0
1784.566358,1.0
1784.807412,1.0
1785.048466,1.0
1785.28952,1.0
1785.530574,1.0
1785.771628,1.0
1786.012682,1.0
1786.253736,1.0
1786.49479,1.0
1786.735844,1.0
1786.976898,1.0
1787.217952,1.0
1787.459006,1.0
1787.70006,1.0
1787.941114,1.0
1788.182168,1.0
1788.423222,1.0
1788.664276,1.0
1788.90533,1.0
1789.146384,1.0
1789.387438,1.0
1789.628492,1.0
1789.869546,1.0
1790.1106,1.0
1790.351654,1.0
1790.592708,1.0
1790.833762,1.0
1791.074816,1.0
1791.31587,1.0
1791.556924,1.0
1791.797978,1.0
1792.039032,1.0
1792.280086,1.0
1792.52114,1.0
1792.762194,1.0
1793.003248,1.0
1793.244302,1.0
1793.485356,1.0
1793.72641,1.0
1793.967464,1.0
1794.208518,1.0
1794.449572,1.0
1794.690626,1.0
1794.93168,1.0
1795.172734,1.0
1795.413788,1.0
1795.654842,1.0
1795.895896,1.0
1796.13695,1.0
1796.378004,1.0
1796.619058,1.0
1796.860112,1.0
1797.101166,1.0
1797.34222,1.0
1797.583274,1.0
1797.824328,1.0
1798.065382,1.0
1798.306436,1.0
1798.54749,1.0
1798.788544,1.0
1799.029598,1.0
1799.270652,1.0
1799.511706,1.0
1799.75276,1.0
1799.993814,1.0
1800.234868,1.0
1800.475922,1.0
1800.716976,1.0
1800.95803,1.0
1801.199084,1.0
1801.440138,1.0
1801.681192,1.0
1801.922246,1.0
1802.1633,1.0
1802.404354,1.0
1802.645408,1.0
1802.886462,1.0
1803.127516,1.0
1803.36857,1.0
1803.609624,1.0
1803.850678,1.0
1804.091732,1.0
1804.332786,1.0
1804.57384,1.0
1804.814894,1.0
1805.055948,1.0
1805.297002,1.0
1805.538056,1.0
1805.77911,1.0
1806.020164,1.0
1806.261218,1.0
1806.502272,1.0
1806.743326,1.0
1806.98438,1.0
1807.225434,1.0
1807.466488,1.0
1807.707542,1.0
1807.948596,1.0
1808.18965,1.0
1808.430704,1.0
1808.671758,1.0
1808.912812,1.0
1809.153866,1.0
1809.39492,1.0
1809.635974,1.0
1809.877028,1.0
1810.118082,1.0
1810.359136,1.0
1810.60019,1.0
1810.841244,1.0
1811.082298,1.0
1811.323352,1.0
1811.564406,1.0
1811.80546,1.0
1812.046514,1.0
1812.287568,1.0
1812.528622,1.0
1812.769676,1.0
1813.01073,1.0
1813.251784,1.0
1813.492838,1.0
1813.733892,1.0
1813.974946,1.0
1814.216,1.0
1814.457054,1.0
1814.698108,1.0
1814.939162,1.0
1815.180216,1.0
1815.42127,1.0
1815.662324,1.0
1815.903378,1.0
1816.144432,1.0
1816.385486,1.0
1816.62654,1.0
1816.867594,1.0
1817.108648,1.0
1817.349702,1.0
1817.590756,1.0
1817.83181,1.0
1818.072864,1.0
1818.313918,1.0
1818.554972,1.0
1818.796026,1.0
1819.03708,1.0
1819.278134,1.0
1819.519188,1.0
1819.760242,1.0
1820.001296,0.9618892112203938
1820.24235,0.9471744400130608
1820.483404,0.9520335530608864
1820.724458,0.9569300339231555
1820.965512,0.9301996857711821
1821.206566,0.9422308224253401
1821.44762,0.947121399729562
1821.688674,0.9544824715476399
1821.929728,0.9253400383447521
1822.170782,0.9373420643712541
1822.411836,0.9643673389049618
1822.65289,0.9594625452422954
1822.893944,0.9545340149927639
1823.134998,0.9397926623647987
1823.376052,0.9471356066571096
1823.617106,0.9300955092403703
1823.85816,0.9373186311125618
1824.099214,0.9520221287267959
1824.340268,0.9520497377688582
1824.581322,0.9229446627132845
1824.822376,0.8923739569565795
1825.06343,0.8365491529755384
1825.304484,0.9110613868170563
1825.545538,0.9229058998514763
1825.786592,0.9253113532481847
1826.027646,0.9276924618399911
1826.2687,0.9229188206245195
1826.509754,0.9446507467109887
1826.750808,0.9181559707644252
1826.991862,0.9063298195019226
1827.232916,0.937340189689
1827.47397,0.9086957039317507
1827.715024,0.9157581294448164
1827.956078,0.9110358774553582
1828.197132,0.9205370769301316
1828.438186,0.9110340553854254
1828.67924,0.8923828807407679
1828.920294,0.8763585220745442
1829.161348,0.9229040540415224
1829.402402,0.8969994769803893
1829.643456,0.8763585220745442
1829.88451,0.8067269660432244
1830.125564,0.9086484529836816
1830.366618,0.8969994769803893
1830.607672,0.8650914976623353
1830.848726,0.8650828467906131
1831.08978,0.8628710669889018
1831.330834,0.8740916903166753
1831.571888,0.8628624383213754
1831.812942,0.8473766466469748
1832.053996,0.847368172922877
1832.29505,0.8407928191104924
1832.536104,0.8364487731000944
1832.777158,0.8517689281744881
1833.018212,0.8151362514671101
1833.259266,0.8364822317201863
1833.50032,0.821428813130723
1833.741374,0.8214698855981827
1833.982428,0.8193450314683924
1834.223482,0.8151362514671101
1834.464536,0.8193532249596746
1834.70559,0.8087786570815354
1834.946644,0.7901914666801055
1835.187698,0.7922248705542494
1835.428752,0.7800166604307567
1835.669806,0.7942396794495259
1835.91086,0.7601192120820447
1836.151914,0.7759555820992398
1836.392968,0.7640210025078072
1836.634022,0.769988268472864
1836.875076,0.746454959044013
1837.11613,0.7311914149158137
1837.357184,0.7522323700783917
1837.598238,0.7330876552516666
1837.839292,0.7330290105850644
1838.080346,0.7274354590168784
1838.3214,0.7406552585996542
1838.562454,0.7106679333348417
1838.803508,0.7198877369728504
1839.044562,0.6978647241116612
1839.285616,0.7198517434858464
1839.52667,0.7199237322595736
1839.767724,0.7311402333081469
1840.008778,0.7254450140141147
1840.249832,0.6996115685676957
1840.490886,0.7143516006251006
1840.73194,0.7254885420207826
1840.972994,0.7198589420392739
1841.214048,0.7124681995827056
1841.455102,0.7180112798211519
1841.696156,0.7199309315328926
1841.93721,0.6978926392589249
1842.178264,0.7198877369728504
1842.419318,0.7087871564415342
1842.660372,0.6995695931328573
1842.901426,0.717953841216341
1843.14248,0.7087375430770713
1843.383534,0.7161253911858195
1843.624588,0.7106181883206041
1843.865642,0.6593900750130615
1844.106696,0.5558148743372914
1844.34775,0.7161039077463371
1844.588804,0.744546478246566
1844.829858,0.7198877369728504
1845.070912,0.7236698491946361
1845.311966,0.7386729599732382
1845.55302,0.7292782008136304
1845.794074,0.7292927865235033
1846.035128,0.7387172816804745
1846.276182,0.7503841526874456
1846.517236,0.733058332331919
1846.75829,0.7464325657311431
1846.999344,0.7541756353274361
1847.240398,0.7425611906879479
1847.481452,0.7484656260184733
1847.722506,0.7541530103977518
1847.96356,0.7739407180440934
1848.204614,0.7561012372965963
1848.445668,0.7879662657520168
1848.686722,0.7759866209432964
1848.927776,0.7962994264402375
1849.16883,0.788186927197588
1849.409884,0.8129708702719779
1849.650938,0.8044712899585301
1849.891992,0.8214698855981827
1850.133046,0.8363233151937075
1850.3741,0.8384838151934778
1850.615154,0.8429227181289946
1850.856208,0.8496506618793263
1851.097262,0.8673089690486905
1851.338316,0.867213570309122
1851.57937,0.8784291705908325
1851.820424,0.871891752343131
1852.061478,0.9061993174042908
1852.302532,0.9180072415445535
1852.543586,0.9017120905041155
1852.78464,0.9157041013090248
1853.025694,0.9274902469255365
1853.266748,0.920482766844756
1853.507802,0.9445373954225966
1853.748856,0.9276952449215513
1853.98991,0.9421724059252798
1854.230964,0.9323826312472414
1854.472018,0.9518098514618846
1854.713072,0.9472814767722454
1854.954126,0.944756553519691
1855.19518,0.9642419792994551
1855.436234,0.9495253982586258
1855.677288,0.9521001977421374
1855.918342,0.9474235796512107
1856.159396,0.966814144535204
1856.40045,0.9971999275362052
1856.641504,0.9742055116589561
1856.882558,0.9473648412101828
1857.123612,0.9642651213846622
1857.364666,0.9568994126520128
1857.60572,0.9544471563495278
1857.846774,0.9594318429320873
1858.087828,0.9595057220283018
1858.328882,0.9693844466551657
1858.569936,0.9668808570127309
1858.81099,0.9721647431945831
1859.052044,0.9621229787003188
1859.293098,0.9718196859620317
1859.534152,0.9596247081148181
1859.775206,0.9871848227370459
1860.01626,0.9946349435987387
1860.257314,0.9919829096709053
1860.498368,0.9666788000293055
1860.739422,0.9618930587849338
1860.980476,0.9695036882753135
1861.22153,0.9595536985138052
1861.462584,0.9593915476408911
1861.703638,0.9591853006304965
1861.944692,0.9820913014004816
1862.185746,0.9892699817822024
1862.4268,0.9769361326073753
1862.667854,0.9794226632980234
1862.908908,0.9871019026946265
1863.149962,0.9742776055342592
1863.391016,0.9722425194850489
1863.63207,0.9768902176881519
1863.873124,0.9820038991641141
1864.114178,0.9845919377915112
1864.355232,0.994652946654145
1864.596286,0.9767056028836574
1864.83734,0.9794637999137448
1865.078394,1.0
1865.319448,1.0
1865.560502,1.0
1865.801556,1.0
1866.04261,1.0
1866.283664,1.0
1866.524718,1.0
1866.765772,1.0
1867.006826,1.0
1867.24788,1.0
1867.488934,1.0
1867.729988,1.0
1867.971042,1.0
1868.212096,1.0
1868.45315,1.0
1868.694204,1.0
1868.935258,1.0
1869.176312,1.0
1869.417366,1.0
1869.65842,1.0
1869.899474,1.0
1870.140528,1.0
1870.381582,1.0
1870.622636,1.0
1870.86369,1.0
1871.104744,1.0
1871.345798,1.0
1871.586852,1.0
1871.827906,1.0
1872.06896,1.0
1872.310014,1.0
1872.551068,1.0
1872.792122,1.0
1873.033176,1.0
1873.27423,1.0
1873.515284,1.0
1873.756338,1.0
1873.997392,1.0
1874.238446,1.0
1874.4795,1.0
1874.720554,1.0
1874.961608,1.0
1875.202662,1.0
1875.443716,1.0
1875.68477,1.0
1875.925824,1.0
1876.166878,1.0
1876.407932,1.0
1876.648986,1.0
1876.89004,1.0
1877.131094,1.0
1877.372148,1.0
1877.613202,1.0
1877.854256,1.0
1878.09531,1.0
1878.336364,1.0
1878.577418,1.0
1878.818472,1.0
1879.059526,1.0
1879.30058,1.0
1879.541634,1.0
1879.782688,1.0
1880.023742,1.0
1880.264796,1.0
1880.50585,1.0
1880.746904,1.0
1880.987958,1.0
1881.229012,1.0
1881.470066,1.0
1881.71112,1.0
1881.952174,1.0
1882.193228,1.0
1882.434282,1.0
1882.675336,1.0
1882.91639,1.0
1883.157444,1.0
1883.398498,1.0
1883.639552,1.0
1883.880606,1.0
1884.12166,1.0
1884.362714,1.0
1884.603768,1.0
1884.844822,1.0
1885.085876,1.0
1885.32693,1.0
1885.567984,1.0
1885.809038,1.0
1886.050092,1.0
1886.291146,1.0
1886.5322,1.0
1886.773254,1.0
1887.014308,1.0
1887.255362,1.0
1887.496416,1.0
1887.73747,1.0
1887.978524,1.0
1888.219578,1.0
1888.460632,1.0
1888.701686,1.0
1888.94274,1.0
1889.183794,1.0
1889.424848,1.0
1889.665902,1.0
1889.906956,1.0
1890.14801,1.0
1890.389064,1.0
1890.630118,1.0
1890.871172,1.0
1891.112226,1.0
1891.35328,1.0
1891.594334,1.0
1891.835388,1.0
1892.076442,1.0
1892.317496,1.0
1892.55855,1.0
1892.799604,1.0
1893.040658,1.0
1893.281712,1.0
1893.522766,1.0
1893.76382,1.0
1894.004874,1.0
1894.245928,1.0
1894.486982,1.0
1894.728036,1.0
1894.96909,1.0
1895.210144,1.0
1895.451198,1.0
1895.692252,1.0
1895.933306,1.0
1896.17436,1.0
1896.415414,1.0
1896.656468,1.0
1896.897522,1.0
1897.138576,1.0
1897.37963,1.0
1897.620684,1.0
1897.861738,1.0
1898.102792,1.0
1898.343846,1.0
1898.5849,1.0
1898.825954,1.0
1899.067008,1.0
1899.308062,1.0
1899.549116,1.0
1899.79017,1.0
1900.031224,1.0
1900.272278,1.0
1900.513332,1.0
1900.754386,1.0
1900.99544,1.0
1901.236494,1.0
1901.477548,1.0
1901.718602,1.0
1901.959656,1.0
1902.20071,1.0
1902.441764,1.0
1902.682818,1.0
1902.923872,1.0
1903.164926,1.0
1903.40598,1.0
1903.647034,1.0
1903.888088,1.0
1904.129142,1.0
1904.370196,1.0
1904.61125,1.0
1904.852304,1.0
1905.093358,1.0
1905.334412,1.0
1905.575466,1.0
1905.81652,1.0
1906.057574,1.0
1906.298628,1.0
1906.539682,1.0
1906.780736,1.0
1907.02179,1.0
1907.262844,1.0
1907.503898,1.0
1907.744952,1.0
1907.986006,1.0
1908.22706,1.0
1908.468114,1.0
1908.709168,1.0
1908.950222,1.0
1909.191276,1.0
1909.43233,1.0
1909.673384,1.0
1909.914438,1.0
1910.155492,1.0
1910.396546,1.0
1910.6376,1.0
1910.878654,1.0
1911.119708,1.0
1911.360762,1.0
1911.601816,1.0
1911.84287,1.0
1912.083924,1.0
1912.324978,1.0
1912.566032,1.0
1912.807086,1.0
1913.04814,1.0
1913.289194,1.0
1913.530248,1.0
1913.771302,1.0
1914.012356,1.0
1914.25341,1.0
1914.494464,1.0
1914.735518,1.0
1914.976572,1.0
1915.217626,1.0
1915.45868,1.0
1915.699734,1.0
1915.940788,1.0
1916.181842,1.0
1916.422896,1.0
1916.66395,1.0
1916.905004,1.0
1917.146058,1.0
1917.387112,1.0
1917.628166,1.0
1917.86922,1.0
1918.110274,1.0
1918.351328,1.0
1918.592382,1.0
1918.833436,1.0
1919.07449,1.0
1919.315544,1.0
1919.556598,1.0
1919.797652,1.0
1920.038706,1.0
1920.27976,1.0
1920.520814,1.0
1920.761868,1.0
1921.002922,1.0
1921.243976,1.0
1921.48503,1.0
1921.726084,1.0
1921.967138,1.0
1922.208192,1.0
1922.449246,1.0
1922.6903,1.0
1922.931354,1.0
1923.172408,1.0
1923.413462,1.0
1923.654516,1.0
1923.89557,1.0
1924.136624,1.0
1924.377678,1.0
1924.618732,1.0
1924.859786,1.0
1925.10084,1.0
1925.341894,1.0
1925.582948,1.0
1925.824002,1.0
1926.065056,1.0
1926.30611,1.0
1926.547164,1.0
1926.788218,1.0
1927.029272,1.0
1927.270326,1.0
1927.51138,1.0
1927.752434,1.0
1927.993488,1.0
1928.234542,1.0
1928.475596,1.0
1928.71665,1.0
1928.957704,1.0
1929.198758,1.0
1929.439812,1.0
1929.680866,1.0
1929.92192,1.0
1930.162974,1.0
1930.404028,1.0
1930.645082,1.0
1930.886136,1.0
1931.12719,1.0
1931.368244,1.0
1931.609298,1.0
1931.850352,1.0
1932.091406,1.0
1932.33246,1.0
1932.573514,1.0
1932.814568,1.0
1933.055622,1.0
1933.296676,1.0
1933.53773,1.0
1933.778784,1.0
1934.019838,1.0
1934.260892,1.0
1934.501946,1.0
1934.743,1.0
1934.984054,1.0
1935.225108,1.0
1935.466162,1.0
1935.707216,1.0
1935.94827,1.0
1936.189324,1.0
1936.430378,1.0
1936.671432,1.0
1936.912486,1.0
1937.15354,1.0
1937.394594,1.0
1937.635648,1.0
1937.876702,1.0
1938.117756,1.0
1938.35881,1.0
1938.599864,1.0
1938.840918,1.0
1939.081972,1.0
1939.323026,1.0
1939.56408,1.0
1939.805134,1.0
1940.046188,1.0
1940.287242,1.0
1940.528296,1.0
1940.76935,1.0
1941.010404,1.0
1941.251458,1.0
1941.492512,1.0
1941.733566,1.0
1941.97462,1.0
1942.215674,1.0
1942.456728,1.0
1942.697782,1.0
1942.938836,1.0
1943.17989,1.0
1943.420944,1.0
1943.661998,1.0
1943.903052,1.0
1944.144106,1.0
1944.38516,1.0
1944.626214,1.0
1944.867268,1.0
1945.108322,1.0
1945.349376,1.0
1945.59043,1.0
1945.831484,1.0
1946.072538,1.0
1946.313592,1.0
1946.554646,1.0
1946.7957,1.0
1947.036754,1.0
1947.277808,1.0
1947.518862,1.0
1947.759916,1.0
1948.00097,1.0
1948.242024,1.0
1948.483078,1.0
1948.724132,1.0
1948.965186,1.0
1949.20624,1.0
1949.447294,1.0
1949.688348,1.0
1949.929402,1.0
1950.170456,1.0
1950.41151,1.0
1950.652564,1.0
1950.893618,1.0
1951.134672,1.0
1951.375726,1.0
1951.61678,1.0
1951.857834,1.0
1952.098888,1.0
1952.339942,1.0
1952.580996,1.0
1952.82205,1.0
1953.063104,1.0
1953.304158,1.0
1953.545212,1.0
1953.786266,1.0
1954.02732,1.0
1954.268374,1.0
1954.509428,1.0
1954.750482,1.0
1954.991536,1.0
1955.23259,1.0
1955.473644,1.0
1955.714698,1.0
1955.955752,1.0
1956.196806,1.0
1956.43786,1.0
1956.678914,1.0
1956.919968,1.0
1957.161022,1.0
1957.402076,1.0
1957.64313,1.0
1957.884184,1.0
1958.125238,1.0
1958.366292,1.0
1958.607346,1.0
1958.8484,1.0
1959.089454,1.0
1959.330508,1.0
1959.571562,1.0
1959.812616,1.0
1960.05367,1.0
1960.294724,1.0
1960.535778,1.0
1960.776832,1.0
1961.017886,1.0
1961.25894,1.0
1961.499994,1.0
1961.741048,1.0
1961.982102,1.0
1962.223156,1.0
1962.46421,1.0
1962.705264,1.0
1962.946318,1.0
1963.187372,1.0
1963.428426,1.0
1963.66948,1.0
1963.910534,1.0
1964.151588,1.0
1964.392642,1.0
1964.633696,1.0
1964.87475,1.0
1965.115804,1.0
1965.356858,1.0
1965.597912,1.0
1965.838966,1.0
1966.08002,1.0
1966.321074,1.0
1966.562128,1.0
1966.803182,1.0
1967.044236,1.0
1967.28529,1.0
1967.526344,1.0
1967.767398,1.0
1968.008452,1.0
1968.249506,1.0
1968.49056,1.0
1968.731614,1.0
1968.972668,1.0
1969.213722,1.0
1969.454776,1.0
1969.69583,1.0
1969.936884,1.0
1970.177938,1.0
1970.418992,1.0
1970.660046,1.0
1970.9011,1.0
1971.142154,1.0
1971.383208,1.0
1971.624262,1.0
1971.865316,1.0
1972.10637,1.0
1972.347424,1.0
1972.588478,1.0
1972.829532,1.0
1973.070586,1.0
1973.31164,1.0
1973.552694,1.0
1973.793748,1.0
1974.034802,1.0
1974.275856,1.0
1974.51691,1.0
1974.757964,1.0
1974.999018,1.0
1975.240072,1.0
1975.481126,1.0
1975.72218,1.0
1975.963234,1.0
1976.204288,1.0
1976.445342,1.0
1976.686396,1.0
1976.92745,1.0
1977.168504,1.0
1977.409558,1.0
1977.650612,1.0
1977.891666,1.0
1978.13272,1.0
1978.373774,1.0
1978.614828,1.0
1978.855882,1.0
1979.096936,1.0
1979.33799,1.0
1979.579044,1.0
1979.820098,1.0
1980.061152,1.0
1980.302206,1.0
1980.54326,1.0
1980.784314,1.0
1981.025368,1.0
1981.266422,1.0
1981.507476,1.0
1981.74853,1.0
1981.989584,1.0
1982.230638,1.0
1982.471692,1.0
1982.712746,1.0
1982.9538,1.0
1983.194854,1.0
1983.435908,1.0
1983.676962,1.0
1983.918016,1.0
1984.15907,1.0
1984.400124,1.0
1984.641178,1.0
1984.882232,1.0
1985.123286,1.0
1985.36434,1.0
1985.605394,1.0
1985.846448,1.0
1986.087502,1.0
1986.328556,1.0
1986.56961,1.0
1986.810664,1.0
1987.051718,1.0
1987.292772,1.0
1987.533826,1.0
1987.77488,1.0
1988.015934,1.0
1988.256988,1.0
1988.498042,1.0
1988.739096,1.0
1988.98015,1.0
1989.221204,1.0
1989.462258,1.0
1989.703312,1.0
1989.944366,1.0
1990.18542,1.0
1990.426474,1.0
1990.667528,1.0
1990.908582,1.0
1991.149636,1.0
1991.39069,1.0
1991.631744,1.0
1991.872798,1.0
1992.113852,1.0
1992.354906,1.0
1992.59596,1.0
1992.837014,1.0
1993.078068,1.0
1993.319122,1.0
1993.560176,1.0
1993.80123,1.0
1994.042284,1.0
1994.283338,1.0
1994.524392,1.0
1994.765446,1.0
1995.0065,1.0
1995.247554,1.0
1995.488608,1.0
1995.729662,1.0
1995.970716,1.0
1996.21177,1.0
1996.452824,1.0
1996.693878,1.0
1996.934932,1.0
1997.175986,1.0
1997.41704,1.0
1997.658094,1.0
1997.899148,1.0
1998.140202,1.0
1998.381256,1.0
1998.62231,1.0
1998.863364,1.0
