nu,[0]Perfluoro-2-methyl-3-pentanone-HITRAN(x-sec)-X=0.01-T=298.0K-P=0.0atm-L=15cm
449.8149,1.0
450.297017,1.0
450.779133,1.0
451.26125,1.0
451.743367,1.0
452.225484,1.0
452.7076,1.0
453.189717,1.0
453.671834,1.0
454.15395,1.0
454.636067,1.0
455.118184,1.0
455.6003,1.0
456.082417,1.0
456.564534,1.0
457.046651,1.0
457.528767,1.0
458.010884,1.0
458.493001,1.0
458.975117,1.0
459.457234,1.0
459.939351,1.0
460.421467,1.0
460.903584,1.0
461.385701,1.0
461.867818,1.0
462.349934,1.0
462.832051,1.0
463.314168,1.0
463.796284,1.0
464.278401,1.0
464.760518,1.0
465.242634,1.0
465.724751,1.0
466.206868,1.0
466.688985,1.0
467.171101,1.0
467.653218,1.0
468.135335,1.0
468.617451,1.0
469.099568,1.0
469.581685,1.0
470.063802,1.0
470.545918,1.0
471.028035,1.0
471.510152,1.0
471.992268,1.0
472.474385,1.0
472.956502,1.0
473.438618,1.0
473.920735,1.0
474.402852,1.0
474.884969,1.0
475.367085,1.0
475.849202,1.0
476.331319,1.0
476.813435,1.0
477.295552,1.0
477.777669,1.0
478.259785,1.0
478.741902,1.0
479.224019,1.0
479.706136,1.0
480.188252,0.9999964590062693
480.670369,0.999997158904036
481.152486,0.9999973995033813
481.634602,0.9999977374025597
482.116719,0.9999988505006607
482.598836,0.9999987144008264
483.080953,0.9999968892048385
483.563069,0.9999958150087571
484.045186,0.9999957542090134
484.527303,0.9999960945076265
485.009419,0.9999969864045409
485.491536,0.9999971881039534
485.973653,0.9999964833061836
486.455769,0.9999964298063732
486.937886,0.999997436003287
487.420003,0.9999984033012748
487.90212,0.9999979634020739
488.384236,0.9999970083044751
488.866353,0.999997700902643
489.34847,0.9999989768005235
489.830586,0.9999984616011833
490.312703,0.999997010704468
490.79482,0.9999967993051222
491.276936,0.9999974506032497
491.759053,0.9999970472043596
492.24117,0.9999958587085752
492.723287,0.999995202511508
493.205403,0.9999955233100204
493.68752,0.9999967458052949
494.169637,0.9999977641024996
494.651753,0.9999978151023869
495.13387,0.9999966437056323
495.615987,0.9999945026151107
496.098103,0.9999939922180467
496.58022,0.999995647309473
497.062337,0.9999964517062953
497.544454,0.9999955598098577
498.02657,0.9999949036129866
498.508687,0.9999950616121939
498.990804,0.9999956303095471
499.47292,0.9999969548046366
499.955037,0.999998111601783
500.437154,0.9999972610037511
500.919271,0.9999952414113221
501.401387,0.9999938780187394
501.883504,0.9999934819212428
502.365621,0.9999936082204275
502.847737,0.999993494021164
503.329854,0.99999281112584
503.811971,0.9999923153295273
504.294087,0.9999925170279976
504.776204,0.9999930517241393
505.258321,0.9999940603176399
505.740438,0.9999950203123987
506.222554,0.9999942766163786
506.704671,0.9999928500255612
507.186788,0.9999928621254748
507.668904,0.9999933871218651
508.151021,0.9999928062258753
508.633138,0.9999910904396904
509.115254,0.9999893960562222
509.597371,0.9999890270602031
510.079488,0.9999898070519484
510.561605,0.9999909009413966
511.043721,0.9999917685338787
511.525838,0.999991557035642
512.007955,0.999990752642757
512.490071,0.9999900648493539
512.972188,0.9999886650642409
513.454305,0.9999868110869745
513.936421,0.9999861180963545
514.418538,0.9999862780941462
514.900655,0.9999854791054292
515.382772,0.9999835931345941
515.864888,0.9999822781570337
516.347005,0.9999812671754615
516.829122,0.9999787862250153
517.311238,0.9999751623084606
517.793355,0.9999716874008092
518.275472,0.9999686244922216
518.757589,0.9999652466039133
519.239705,0.9999611637541466
519.721822,0.9999571539179196
520.203939,0.9999538000672498
520.686055,0.9999502772362175
521.168172,0.9999464614332402
521.650289,0.9999430106239562
522.132405,0.999939899806089
522.614522,0.9999374449566483
523.096639,0.9999365220148125
523.578756,0.9999363520256183
524.060872,0.9999355500769855
524.542989,0.9999335082106771
525.025106,0.9999305684104843
525.507222,0.999928283571746
525.989339,0.9999279185979891
526.471456,0.9999297174699328
526.953572,0.9999326582675563
527.435689,0.9999351121053105
527.917806,0.9999371289764657
528.399923,0.999939680819275
528.882039,0.9999430836197987
529.364156,0.9999465584280517
529.846273,0.9999494502776802
530.328389,0.999952367134481
530.810506,0.9999561339621428
531.292623,0.9999599738010697
531.77474,0.9999627676931395
532.256856,0.9999653446005122
532.738973,0.9999680415106834
533.22109,0.9999696704599498
533.703206,0.9999705444338237
534.185323,0.9999716144028787
534.66744,0.9999737043457367
535.149556,0.9999772332591662
535.631673,0.9999804891903383
536.11379,0.9999817971656736
536.595907,0.9999811161783017
537.078023,0.9999795662087727
537.56014,0.9999785402302641
538.042257,0.9999780272414046
538.524373,0.9999772912578474
539.00649,0.9999766182733568
539.488607,0.9999767272708142
539.970723,0.9999770122642221
540.45284,0.9999770802626612
540.934957,0.9999776022508333
541.417074,0.9999785062309944
541.89919,0.9999790382197011
542.381307,0.9999791112181736
542.863424,0.9999789702211289
543.34554,0.9999782242370954
543.827657,0.9999768682675426
544.309774,0.9999760762861766
544.79189,0.999976662272329
545.274007,0.9999780272414046
545.756124,0.999978812224464
546.238241,0.9999788542235751
546.720357,0.9999790582192821
547.202474,0.9999795292095295
547.684591,0.9999801101978048
548.166707,0.9999804431912369
548.648824,0.9999800151996988
549.130941,0.9999800371992593
549.613058,0.9999815511701817
550.095174,0.9999830291440066
550.577291,0.9999838651301685
551.059408,0.9999847421164026
551.541524,0.9999851651100381
552.023641,0.9999849951125744
552.505758,0.9999851481102904
552.987874,0.9999861880953852
553.469991,0.999987644076335
553.952108,0.999988541065654
554.434225,0.99998863606457
554.916341,0.9999882130694664
555.398458,0.9999871140830241
555.880575,0.9999860840968271
556.362691,0.9999867060883648
556.844808,0.9999884920662168
557.326925,0.9999896570534886
557.809041,0.9999898610513995
558.291158,0.9999894430557249
558.773275,0.999989287057384
559.255392,0.9999903881461941
559.737508,0.9999917782337989
560.219625,0.9999923639291549
560.701742,0.9999926677268812
561.183858,0.9999927625261906
561.665975,0.9999924295286562
562.148092,0.999992621527221
562.630208,0.9999936520201486
563.112325,0.9999938416189629
563.594442,0.9999923202294896
564.076559,0.9999911487391726
564.558675,0.9999917758338186
565.040792,0.9999927989259279
565.522909,0.999992777126085
566.005025,0.9999920893312895
566.487142,0.9999918584331428
566.969259,0.9999920407316751
567.451376,0.9999923250294528
567.933492,0.9999928062258753
568.415609,0.9999928864253016
568.897726,0.999992521927961
569.379842,0.999992271629864
569.861959,0.9999919848321216
570.344076,0.9999915984352934
570.826192,0.999991228938466
571.308309,0.9999913140377232
571.790426,0.9999919629322974
572.272543,0.9999922691298834
572.754659,0.9999921039311741
573.236776,0.9999915692355391
573.718893,0.9999907307429599
574.201009,0.9999904318457751
574.683126,0.9999906870433658
575.165243,0.999990174248273
575.647359,0.9999886430644905
576.129476,0.9999874620786003
576.611593,0.9999877100755218
577.09371,0.9999886280646609
577.575826,0.9999887740630113
578.057943,0.9999882450690898
578.54006,0.9999880040719518
579.022176,0.9999876220766071
579.504293,0.9999866210894984
579.98641,0.9999860090978736
580.468527,0.9999864360919907
580.950643,0.9999872600811535
581.43276,0.9999879920720958
581.914877,0.9999882080695254
582.396993,0.9999874790783874
582.87911,0.9999870120843437
583.361227,0.9999876810758785
583.843343,0.9999881980696433
584.32546,0.9999881470702465
584.807577,0.9999880180717838
585.289694,0.9999878950732652
585.77181,0.9999880700711622
586.253927,0.9999886040649342
586.736044,0.9999893530566791
587.21816,0.9999900114498859
587.700277,0.9999900284497162
588.182394,0.9999896980530654
588.66451,0.9999902301477254
589.146627,0.9999916640347444
589.628744,0.999992184130544
590.110861,0.9999911609390647
590.592977,0.9999904512455896
591.075094,0.9999910175403426
591.557211,0.9999921014311939
592.039327,0.9999928816253357
592.521444,0.999992930224991
593.003561,0.999993170823319
593.485677,0.9999939145185166
593.967794,0.9999940603176399
594.449911,0.9999937055198104
594.932028,0.9999941308172238
595.414144,0.9999953095110004
595.896261,0.9999959729081087
596.378378,0.9999921573307539
596.860494,0.9999798112037965
597.342611,0.9999687954868709
597.824728,0.999973631347659
598.306845,0.9999867640875955
598.788961,0.9999936253203183
599.271078,0.9999941235172666
599.753195,0.999993255822742
600.235311,0.9999932996224477
600.717428,0.9999939412183545
601.199545,0.999993970418178
601.681661,0.999993265622676
602.163778,0.9999925243279429
602.645895,0.9999926653268989
603.128012,0.999993209723054
603.610128,0.9999931416235188
604.092245,0.999992650727006
604.574362,0.999992526727925
605.056478,0.9999925924274362
605.538595,0.9999925365278518
606.020712,0.9999928087258574
606.502828,0.9999932145230215
606.984945,0.9999927916259804
607.467062,0.9999915133360119
607.949179,0.9999904731453808
608.431295,0.9999903467465929
608.913412,0.9999906165440249
609.395529,0.9999909300411324
609.877645,0.9999913772371762
610.359762,0.9999915182359703
610.841879,0.9999907210430498
611.323995,0.9999894400557566
611.806112,0.9999884190670595
612.288229,0.9999875710772397
612.770346,0.9999869270854513
613.252462,0.9999864270921127
613.734579,0.9999856831024878
614.216696,0.9999847211167233
614.698812,0.9999840451272803
615.180929,0.9999837341322907
615.663046,0.9999828031478676
616.145163,0.9999808001843188
616.627279,0.9999788902228145
617.109396,0.9999778232459079
617.591513,0.9999771062620656
618.073629,0.999976350279659
618.555746,0.9999755272994614
619.037863,0.9999745303243577
619.519979,0.9999735093508835
620.002096,0.9999727323717685
620.484213,0.9999725623764185
620.96633,0.9999732423579921
621.448446,0.999974214332456
621.930563,0.9999749193145256
622.41268,0.9999754053024545
622.894796,0.9999759642888624
623.376913,0.9999767542701862
623.85903,0.9999779012441811
624.341146,0.999979362212962
624.823263,0.9999808951824993
625.30538,0.9999827201492983
625.787497,0.9999850731114072
626.269613,0.9999869520851248
626.75173,0.9999876930757308
627.233847,0.9999882400691485
627.715963,0.9999889880606319
628.19808,0.9999895250548626
628.680197,0.9999903151468985
629.162313,0.9999915327358475
629.64443,0.9999922813297891
630.126547,0.9999922132303171
630.608664,0.9999920164318689
631.09078,0.9999921500308112
631.572897,0.9999924077288215
632.055014,0.9999922278302035
632.53713,0.9999918754330045
633.019247,0.999992055331559
633.501364,0.999992565627635
633.983481,0.999993209723054
634.465597,0.9999940530176834
634.947714,0.9999944832152176
635.429831,0.9999943033162262
635.911947,0.9999938367189931
636.394064,0.9999931173236857
636.876181,0.9999927212264904
637.358297,0.9999929691247167
637.840414,0.9999930833239203
638.322531,0.9999928767253706
638.804648,0.9999926920267034
639.286764,0.9999923712290992
639.768881,0.9999917588339586
640.250998,0.999991156039108
640.733114,0.9999909227411986
641.215231,0.9999910467400807
641.697348,0.9999914963361564
642.179464,0.999992184130544
642.661581,0.9999924004288769
643.143698,0.9999917904336987
643.625815,0.9999911755389358
644.107931,0.9999907113431399
644.590048,0.9999902592474414
645.072165,0.999990215547868
645.554281,0.999990249547536
646.036398,0.9999897440525926
646.518515,0.9999888520621387
647.000632,0.999988186069785
647.482748,0.9999881180705907
647.964865,0.999988150070211
648.446982,0.9999875640773267
648.929098,0.9999867330880062
649.411215,0.9999862200949438
649.893332,0.9999860500973008
650.375448,0.9999860010979855
650.857565,0.9999859020993763
651.339682,0.9999858431002099
651.821799,0.9999859670984621
652.303915,0.9999858291004081
652.786032,0.9999854161063461
653.268149,0.9999854471058944
653.750265,0.9999860430973985
654.232382,0.9999865120909627
654.714499,0.9999864610916519
655.196615,0.9999860690970359
655.678732,0.999985719101973
656.160849,0.999985734101759
656.642966,0.9999860820968549
657.125082,0.9999865170908953
657.607199,0.9999864950911921
658.089316,0.9999861280962158
658.571432,0.9999863100937076
659.053549,0.9999869180855689
659.535666,0.9999873040805939
660.017782,0.9999877880745661
660.499899,0.9999887230635851
660.982016,0.9999894430557249
661.464133,0.9999894500556511
661.946249,0.9999890100603899
662.428366,0.9999883560677911
662.910483,0.9999877150754602
663.392599,0.9999875030780871
663.874716,0.9999877710747739
664.356833,0.9999879990720117
664.83895,0.9999876490762732
665.321066,0.9999868520864346
665.803183,0.9999860790968966
666.2853,0.9999856081035643
666.767416,0.9999850221121697
667.249533,0.999984188125009
667.73165,0.9999834181374806
668.213766,0.9999822511575126
668.695883,0.9999801351973078
669.178,0.9999775192526957
669.660117,0.9999750163120975
670.142233,0.9999726353744182
670.62435,0.9999701564453277
671.106467,0.9999675555263333
671.588583,0.9999652716030447
672.0707,0.9999633756706872
672.552817,0.9999607507702711
673.034933,0.9999573239106502
673.51705,0.9999543110437722
673.999167,0.9999519781530858
674.481284,0.99995020423985
674.9634,0.9999492802862882
675.445517,0.9999489163048164
675.927634,0.9999481863423739
676.40975,0.999946728418981
676.891867,0.9999454894857521
677.373984,0.999945416489734
677.8561,0.9999460234567861
678.338217,0.9999466804215392
678.820334,0.9999477253663662
679.302451,0.9999492802862882
679.784567,0.9999508112098082
680.266684,0.9999521721437884
680.748801,0.999954019057156
681.230917,0.9999567899335818
681.713034,0.9999596328147767
682.195151,0.9999616497353901
682.677268,0.9999629136877143
683.159384,0.9999641046442537
683.641501,0.9999659755788437
684.123618,0.9999683814998753
684.605734,0.9999701564453277
685.087851,0.9999706664302376
685.569968,0.9999706664302376
686.052084,0.9999708854238375
686.534201,0.9999714684070337
687.016318,0.9999723433824513
687.498435,0.9999728533684765
687.980551,0.9999729263664975
688.462668,0.9999732913566821
688.944785,0.999973923340002
689.426901,0.9999744573262197
689.909018,0.9999751623084606
690.391135,0.999975779293326
690.873251,0.9999758502916088
691.355368,0.9999759452893192
691.837485,0.99997681526877
692.319602,0.9999780232414925
692.801718,0.9999788932227511
693.283835,0.9999792672149271
693.765952,0.9999795322094681
694.248068,0.9999801101978048
694.730185,0.9999807641850107
695.212302,0.9999810561794364
695.694419,0.9999811141783393
696.176535,0.9999811431777921
696.658652,0.9999812721753679
697.140769,0.9999812861751058
697.622885,0.9999809271818885
698.105002,0.9999804941902408
698.587119,0.9999800541989201
699.069235,0.9999792862145335
699.551352,0.999978394233408
700.033469,0.9999779692426807
700.515586,0.9999782412367253
700.997702,0.9999785552299424
701.479819,0.9999782532364643
701.961936,0.9999776992486654
702.444052,0.9999775802513263
702.926169,0.9999777752469735
703.408286,0.9999777922465958
703.890402,0.9999774952532356
704.372519,0.9999772892578928
704.854636,0.9999770552632345
705.336753,0.9999764212779825
705.818869,0.9999757332944412
706.300986,0.9999753813030451
706.783103,0.9999753813030451
707.265219,0.9999752843054378
707.747336,0.9999745543237467
708.229453,0.999973364354735
708.711569,0.9999722213858329
709.193686,0.999970909423139
709.675803,0.9999689404823568
710.15792,0.9999662185706053
710.640036,0.9999626706967558
711.122153,0.9999578108899856
711.60427,0.9999511511931418
712.086386,0.9999424756545886
712.568503,0.9999312483635021
713.05062,0.9999169344501339
713.532737,0.9998991250882161
714.014853,0.9998774975040436
714.49697,0.9998530008054406
714.979087,0.9998278548186824
715.461203,0.9998044991127896
715.94332,0.9997855929884693
716.425437,0.9997730057670903
716.907553,0.9997665972426627
717.38967,0.9997624182270203
717.871787,0.9997531104822343
718.353904,0.9997356149558871
718.83602,0.999722498510663
719.318137,0.9997278370430589
719.800254,0.9997443626807893
720.28237,0.9997535903638425
720.764487,0.9997533504230096
721.246604,0.9997526206033301
721.72872,0.9997583092119254
722.210837,0.9997723559148477
722.692954,0.9997920616221819
723.175071,0.9998136873583563
723.657187,0.9998341937473764
724.139304,0.9998507411402121
724.621421,0.9998619695270824
725.103537,0.9998694785186698
725.585654,0.999874847832186
726.067771,0.99987792745146
726.549887,0.9998790473153658
727.032004,0.9998792472911953
727.514121,0.9998796772393641
727.996238,0.9998805771314786
728.478354,0.999880707115962
728.960471,0.9998798072237306
729.442588,0.9998799772033122
729.924704,0.9998827168782032
730.406821,0.9998866364261356
730.888938,0.9998905159938113
731.371055,0.9998950655060092
731.853171,0.9999008959111347
732.335288,0.9999077242576683
732.817405,0.9999149906135026
733.299521,0.9999224270089401
733.781638,0.9999300334477734
734.263755,0.9999377129399195
734.745871,0.9999451495043434
735.227988,0.999951905156594
735.710105,0.9999576398972145
736.192222,0.9999627676931395
736.674338,0.9999680415106834
737.156455,0.999972950365848
737.638572,0.9999766882717226
738.120688,0.9999792672149271
738.602805,0.9999808031842612
739.084922,0.9999820641608491
739.567038,0.9999837221324859
740.049155,0.999985131110543
740.531272,0.9999855781039966
741.013389,0.9999857071021444
741.495505,0.999986570090182
741.977622,0.9999883030684097
742.459739,0.9999903297467572
742.941855,0.9999915449357443
743.423972,0.9999913067377866
743.906089,0.999990310346945
744.388206,0.9999900527494743
744.870322,0.9999901815482013
745.352439,0.9999900284497162
745.834556,0.9999894990551353
746.316672,0.9999891240591434
746.798789,0.9999885090660213
747.280906,0.999986949085164
747.763022,0.9999865340906662
748.245139,0.9999891390589805
748.727256,0.9999916154351507
749.209373,0.9999920650314821
749.691489,0.9999922084303544
750.173606,0.9999923615291733
750.655723,0.9999919265325906
751.137839,0.9999914939361768
751.619956,0.9999905144449882
752.102073,0.9999891290590891
752.584189,0.9999868180868822
753.066306,0.9999841831250881
753.548423,0.9999811651773775
754.03054,0.9999780952399128
754.512656,0.9999750653108745
754.994773,0.9999721003892014
755.47689,0.999969572462927
755.959006,0.9999674825287044
756.441123,0.9999652956022116
756.92324,0.9999629136877143
757.405356,0.9999604837807864
757.887473,0.9999582478716443
758.36959,0.9999567649346623
758.851707,0.9999562309578924
759.333823,0.9999556479835797
759.81594,0.9999545300337902
760.298057,0.9999540440560067
760.780173,0.9999550160118099
761.26229,0.9999567169367388
761.744407,0.999958660854486
762.226524,0.9999613587465924
762.70864,0.9999648336183516
763.190757,0.9999683575006344
763.672874,0.9999712984118985
764.15499,0.9999733883540961
764.637107,0.999974943313924
765.119224,0.99997707726273
765.60134,0.9999804071919416
766.083457,0.9999840251275997
766.565574,0.999986689088591
767.047691,0.9999880740711145
767.529807,0.999988981060709
768.011924,0.9999901377486323
768.494041,0.9999913845371133
768.976157,0.9999922813297891
769.458274,0.9999930954238367
769.940391,0.999993975218149
770.422507,0.9999947116139836
770.904624,0.9999956303095471
771.386741,0.9999970812042597
771.868858,0.9999981651016834
772.350974,0.9999980971018105
772.833091,0.9999975502030007
773.315208,0.9999973558034959
773.797324,0.9999973971033875
774.279441,0.9999974652032126
774.761558,0.9999974093033559
775.243674,0.9999973461035216
775.725791,0.9999974457032622
776.207908,0.9999976645027273
776.690025,0.9999976888026708
777.172141,0.999997460303225
777.654258,0.9999973680034637
778.136375,0.9999974506032497
778.618491,0.9999978419023287
779.100608,0.9999983790013138
779.582725,0.999998546701056
780.064842,0.9999984203012477
780.546958,0.999998327901398
781.029075,0.9999983620013415
781.511192,0.9999984640011796
781.993308,0.9999983741013218
782.475425,0.9999981262017555
782.957542,0.9999979682020641
783.439658,0.9999979512020988
783.921775,0.9999982186015867
784.403892,0.9999987022008422
784.886009,0.9999989185005849
785.368125,0.9999986876008612
785.850242,0.9999983814013099
786.332359,0.9999984373012211
786.814475,0.9999986244009461
787.296592,0.9999981554017012
787.778709,0.9999972173038717
788.260825,0.9999971565040428
788.742942,0.9999979318021387
789.225059,0.999997890502225
789.707176,0.999996925604726
790.189292,0.9999963934065038
790.671409,0.9999964882061664
791.153526,0.999996548905955
791.635642,0.9999965222060475
792.117759,0.9999965757058629
792.599876,0.9999966802055106
793.081993,0.9999968795048687
793.564109,0.9999971468040704
794.046226,0.9999971201041469
794.528343,0.9999969232047333
795.010459,0.9999973169035995
795.492576,0.9999978321023499
795.974693,0.9999973218035864
796.456809,0.9999961892072611
796.938926,0.999995722609148
797.421043,0.9999958612085649
797.90316,0.999995734809096
798.385276,0.9999953119109891
798.867393,0.9999950397123023
799.34951,0.9999948015135122
799.831626,0.9999945634147783
800.313743,0.9999942401165882
800.79586,0.9999935548207702
801.277976,0.9999925073280702
801.760093,0.9999913407374916
802.24221,0.9999901499485121
802.724327,0.9999889150614384
803.206443,0.9999875980769045
803.68856,0.9999861790955096
804.170677,0.9999843881218666
804.652793,0.9999818281651098
805.13491,0.9999787662254398
805.617027,0.9999755512988744
806.099143,0.99997171140013
806.58126,0.999966899547832
807.063377,0.9999616497353901
807.545494,0.9999560849642934
808.02761,0.9999500332483797
808.509727,0.9999437155840272
808.991844,0.9999372019718787
809.47396,0.9999303734240426
809.956077,0.9999237149098554
810.438194,0.9999177123858115
810.920311,0.9999123178443049
811.402427,0.9999073362935464
811.884544,0.9999026697368975
812.366661,0.9998988551154888
812.848777,0.9998962753797704
813.330894,0.9998946055543848
813.813011,0.9998937556443314
814.295127,0.9998942155955647
814.777244,0.999895715438013
815.259361,0.9998978552171336
815.741478,0.9999007749231336
816.223594,0.999904759535661
816.705711,0.9999096690800833
817.187828,0.9999154525743351
817.669944,0.9999220620373208
818.152061,0.9999292795008125
818.634178,0.9999363520256183
819.116294,0.999942937628119
819.598411,0.9999490862961466
820.080528,0.9999547000260748
820.562645,0.9999595598177262
821.044761,0.9999635946626904
821.526878,0.9999670455430101
822.008995,0.9999705444338237
822.491111,0.9999744093274469
822.973228,0.9999779572429451
823.455345,0.9999805791885864
823.937461,0.9999823171563433
824.419578,0.9999835051360417
824.901695,0.9999847041169833
825.383812,0.999986298093872
825.865928,0.9999878410739204
826.348045,0.9999886920639351
826.830162,0.9999890390600715
827.312278,0.9999892260580393
827.794395,0.9999891730586118
828.276512,0.9999888300623843
828.758629,0.9999882300692662
829.240745,0.9999877070755586
829.722862,0.9999874600786255
830.204979,0.9999872330814978
830.687095,0.9999868740861456
831.169212,0.9999863680929153
831.651329,0.9999856981022731
832.133445,0.9999848201152156
832.615562,0.9999835081359922
833.097679,0.9999816531683052
833.579796,0.999979330213623
834.061912,0.999976615273427
834.544029,0.9999738743412809
835.026146,0.9999708854238375
835.508262,0.9999669725454184
835.990379,0.999962014721459
836.472496,0.9999565709430688
836.954612,0.9999511031954877
837.436729,0.9999453194950333
837.918846,0.999939073856073
838.400963,0.9999324882790188
838.883079,0.9999255617706625
839.365196,0.9999185873141926
839.847313,0.9999123178443049
840.329429,0.9999067283500709
840.811546,0.999901406860623
841.293663,0.999896575348698
841.77578,0.9998928057457147
842.257896,0.9998904759981915
842.740013,0.9998895261026904
843.22213,0.9998897160817185
843.704246,0.999890815961011
844.186363,0.9998927357532207
844.66848,0.9998956454453154
845.150596,0.9998999750028337
845.632713,0.9999056594503496
846.11483,0.9999123418422009
846.596947,0.9999194622433393
847.079063,0.9999266796880655
847.56118,0.9999339941784801
848.043297,0.9999416007053052
848.525413,0.9999496452678421
849.00753,0.9999577128941248
849.489647,0.9999645176295142
849.971763,0.9999694994651508
850.45388,0.9999734123534577
850.935997,0.9999766692721657
851.418114,0.9999792302156949
851.90023,0.9999812521757426
852.382347,0.9999828561469575
852.864464,0.9999840501272006
853.34658,0.9999849251136272
853.828697,0.9999858001008195
854.310814,0.999986784087331
854.79293,0.9999875350776878
855.275047,0.9999877850746028
855.757164,0.999987919072975
856.239281,0.9999884490667126
856.721397,0.9999889420611394
857.203514,0.9999891830585035
857.685631,0.9999898460515517
858.167747,0.9999908352419966
858.649864,0.9999914355366752
859.131981,0.9999918487332218
859.614098,0.9999925292279064
860.096214,0.9999932267229388
860.578331,0.9999936982198563
861.060448,0.9999938634188289
861.542564,0.9999935596207393
862.024681,0.9999931076237525
862.506798,0.9999932388228568
862.988914,0.9999938804187247
863.471031,0.999994252316518
863.953148,0.9999943106161846
864.435265,0.9999944516153924
864.917381,0.9999946022145682
865.399498,0.9999946727141901
865.881615,0.9999950105124475
866.363731,0.9999953678107286
866.845848,0.999995387210639
867.327965,0.99999538481065
867.810081,0.9999957323091067
868.292198,0.9999962257071227
868.774315,0.9999965635059047
869.256432,0.9999965587059213
869.738548,0.9999963326067249
870.220665,1.0
870.702782,1.0
871.184898,1.0
871.667015,1.0
872.149132,1.0
872.631248,1.0
873.113365,1.0
873.595482,1.0
874.077599,1.0
874.559715,1.0
875.041832,1.0
875.523949,1.0
876.006065,1.0
876.488182,1.0
876.970299,1.0
877.452416,1.0
877.934532,1.0
878.416649,1.0
878.898766,1.0
879.380882,1.0
879.862999,1.0
880.345116,1.0
880.827232,1.0
881.309349,1.0
881.791466,1.0
882.273583,1.0
882.755699,1.0
883.237816,1.0
883.719933,1.0
884.202049,1.0
884.684166,1.0
885.166283,1.0
885.648399,1.0
886.130516,1.0
886.612633,1.0
887.09475,1.0
887.576866,1.0
888.058983,1.0
888.5411,1.0
889.023216,1.0
889.505333,1.0
889.98745,1.0
890.469567,1.0
890.951683,1.0
891.4338,1.0
891.915917,1.0
892.398033,1.0
892.88015,1.0
893.362267,1.0
893.844383,1.0
894.3265,1.0
894.808617,1.0
895.290734,1.0
895.77285,1.0
896.254967,1.0
896.737084,1.0
897.2192,1.0
897.701317,1.0
898.183434,1.0
898.66555,1.0
899.147667,1.0
899.629784,1.0
900.111901,1.0
900.594017,1.0
901.076134,1.0
901.558251,1.0
902.040367,1.0
902.522484,1.0
903.004601,1.0
903.486717,1.0
903.968834,1.0
904.450951,1.0
904.933068,1.0
905.415184,1.0
905.897301,1.0
906.379418,1.0
906.861534,1.0
907.343651,1.0
907.825768,1.0
908.307885,1.0
908.790001,1.0
909.272118,1.0
909.754235,1.0
910.236351,1.0
910.718468,1.0
911.200585,1.0
911.682701,1.0
912.164818,1.0
912.646935,1.0
913.129052,1.0
913.611168,1.0
914.093285,1.0
914.575402,1.0
915.057518,1.0
915.539635,1.0
916.021752,1.0
916.503868,1.0
916.985985,1.0
917.468102,1.0
917.950219,1.0
918.432335,1.0
918.914452,1.0
919.396569,1.0
919.878685,1.0
920.360802,1.0
920.842919,1.0
921.325035,1.0
921.807152,1.0
922.289269,1.0
922.771386,1.0
923.253502,1.0
923.735619,1.0
924.217736,1.0
924.699852,1.0
925.181969,1.0
925.664086,1.0
926.146203,1.0
926.628319,1.0
927.110436,1.0
927.592553,1.0
928.074669,1.0
928.556786,1.0
929.038903,1.0
929.521019,1.0
930.003136,1.0
930.485253,1.0
930.96737,1.0
931.449486,1.0
931.931603,1.0
932.41372,1.0
932.895836,1.0
933.377953,1.0
933.86007,1.0
934.342186,1.0
934.824303,1.0
935.30642,1.0
935.788537,1.0
936.270653,1.0
936.75277,1.0
937.234887,1.0
937.717003,1.0
938.19912,1.0
938.681237,1.0
939.163353,1.0
939.64547,1.0
940.127587,1.0
940.609704,1.0
941.09182,1.0
941.573937,1.0
942.056054,1.0
942.53817,1.0
943.020287,1.0
943.502404,1.0
943.984521,1.0
944.466637,1.0
944.948754,1.0
945.430871,1.0
945.912987,1.0
946.395104,1.0
946.877221,1.0
947.359337,1.0
947.841454,1.0
948.323571,1.0
948.805688,1.0
949.287804,1.0
949.769921,1.0
950.252038,0.999998063001876
950.734154,0.9999978249023656
951.216271,0.9999979026021996
951.698388,0.9999978613022871
952.180504,0.9999975721029474
952.662621,0.999997474903188
953.144738,0.9999978176023814
953.626855,0.9999980314019377
954.108971,0.9999976280028132
954.591088,0.9999970156044533
955.073205,0.9999968187050603
955.555321,0.9999969694045923
956.037438,0.9999968770048766
956.519555,0.9999964833061836
957.001672,0.9999960726077122
957.483788,0.9999957153091793
957.965905,0.9999952633112181
958.448022,0.9999949206129002
958.930138,0.9999950494122541
959.412255,0.999995202511508
959.894372,0.9999949571127154
960.376488,0.9999945755147126
960.858605,0.9999940749175533
961.340722,0.9999934964211483
961.822839,0.9999933433221557
962.304955,0.9999934551214178
962.787072,0.9999930638240554
963.269189,0.9999920212318305
963.751305,0.9999907720425779
964.233422,0.9999896950530963
964.715539,0.9999887350634499
965.197655,0.9999877900745417
965.679772,0.9999866230894716
966.161889,0.9999851261106174
966.644006,0.9999835611351197
967.126122,0.9999821831587218
967.608239,0.9999808981824421
968.090356,0.9999791962164017
968.572472,0.9999768392682139
969.054589,0.9999743113299595
969.536706,0.9999719783926125
970.018822,0.9999697674570125
970.500939,0.9999673615326463
970.983056,0.9999647126226141
971.465173,0.9999621607159238
971.947289,0.9999596328147767
972.429406,0.9999570089241427
972.911523,0.9999545050349273
973.393639,0.9999519781530858
973.875756,0.9999493042850712
974.357873,0.9999466074254343
974.83999,0.9999438365772241
975.322106,0.9999410907352189
975.804223,0.9999384658933008
976.28634,0.9999357680629593
976.768456,0.9999326332692401
977.250573,0.9999289885214344
977.73269,0.99992502681063
978.214806,0.9999210171193119
978.696923,0.9999168624561171
979.17904,0.9999123908379068
979.661157,0.9999073362935464
980.143273,0.9999017708248014
980.62539,0.9998960354046932
981.107507,0.999890735969749
981.589623,0.9998859964988931
982.07174,0.999881527018478
982.553857,0.9998772475347005
983.035973,0.9998731180501955
983.51809,0.9998691585604879
984.000207,0.9998664089240826
984.482324,0.999865369063558
984.96444,0.9998652190837639
985.446557,0.9998656090312754
985.928674,0.9998667988720581
986.41079,0.9998684786496912
986.892907,0.9998711782982281
987.375024,0.9998755777410914
987.85714,0.9998812570505021
988.339257,0.9998877762975509
988.821374,0.9998952854829478
989.303491,0.9999034476614771
989.785607,0.9999114189235353
990.267724,0.9999186363102046
990.749841,0.9999257077598052
991.231957,0.9999329012512217
991.714074,0.9999395838251306
992.196191,0.9999453194950333
992.678308,0.9999498632568885
993.160424,0.9999536790728473
993.642541,0.9999575429013281
994.124658,0.9999611637541466
994.606774,0.9999640076477403
995.088891,0.999966170572228
995.571008,0.9999680665098848
996.053124,0.9999698884533618
996.535241,0.9999715174056368
997.017358,0.9999723673817879
997.499475,0.9999724643791121
997.981591,0.9999725133777642
998.463708,0.9999730723625554
998.945825,0.999973995338127
999.427941,0.9999748703157558
999.910058,0.9999755272994614
1000.392175,0.9999758672911985
1000.874291,0.9999760732862484
1001.356408,0.9999764892763814
1001.838525,0.9999769852648431
1002.320642,0.9999772252593483
1002.802758,0.9999775802513263
1003.284875,0.999978479231575
1003.766992,0.9999795932082214
1004.249108,0.9999804871903774
1004.731225,0.999981233176099
1005.213342,0.9999819351631711
1005.695459,0.9999825261526695
1006.177575,0.9999829221458282
1006.659692,0.9999831211424495
1007.141809,0.9999832141408841
1007.623925,0.9999832571401632
1008.106042,0.9999832431403978
1008.588159,0.9999832621400795
1009.070275,0.999983209140968
1009.552392,0.9999829081460674
1010.034509,0.9999824141546327
1010.516626,0.9999816971674989
1010.998742,0.9999807931844532
1011.480859,0.9999799232015416
1011.962976,0.9999790192200997
1012.445092,0.9999777242481083
1012.927209,0.9999759252898005
1013.409326,0.9999740203374773
1013.891442,0.9999721003892014
1014.373559,0.9999697424577687
1014.855676,0.9999666325567055
1015.337793,0.9999629866850096
1015.819909,0.9999589278434842
1016.302026,0.9999543590415803
1016.784143,0.9999490862961466
1017.266259,0.999943107618433
1017.748376,0.9999363030287383
1018.230493,0.9999288185335208
1018.712609,0.9999209691231044
1019.194726,0.9999127548060833
1019.676843,0.9999041285959568
1020.15896,0.9998954754630701
1020.641076,0.9998871463684502
1021.123193,0.9998792472911953
1021.60531,0.9998718082172688
1022.087426,0.9998653490662508
1022.569543,0.999860269763179
1023.05166,0.9998565702870249
1023.533777,0.9998541706341358
1024.015893,0.9998531707804651
1024.49801,0.999853610715957
1024.980127,0.9998552804728812
1025.462243,0.9998581000687478
1025.94436,0.9998621395036317
1026.426477,0.9998673587976222
1026.908593,0.9998735779919357
1027.39071,0.9998806771195412
1027.872827,0.9998885762080919
1028.354944,0.9998971052940234
1028.83706,0.9999062663932691
1029.319177,0.9999155985620017
1029.801294,0.9999242738673684
1030.28341,0.9999320013120155
1030.765527,0.9999387578753755
1031.247644,0.9999444685419285
1031.72976,0.9999491342937039
1032.211877,0.9999529011091876
1032.693994,0.9999556229846889
1033.176111,0.9999573729085602
1033.658227,0.9999583688665997
1034.140344,0.9999589768414728
1034.622461,0.9999592688295367
1035.104577,0.9999595118196685
1035.586694,0.9999597548098594
1036.068811,0.9999599738010697
1036.550927,0.9999603377865663
1037.033044,0.9999609937607631
1037.515161,0.9999618927261006
1037.997278,0.9999630106841216
1038.479394,0.9999643716347053
1038.961511,0.9999659275804781
1039.443628,0.999967774519252
1039.925744,0.9999700834475089
1040.407861,0.9999726593737618
1040.889978,0.9999752113072448
1041.372095,0.9999777632472403
1041.854211,0.999979661206836
1042.336328,0.9999815221707172
1042.818445,0.9999834031377295
1043.300561,0.999985071111437
1043.782678,0.9999863730928471
1044.264795,0.9999876000768797
1044.746911,0.9999890640597978
1045.229028,0.9999903905461711
1045.711145,0.9999912071386574
1046.193262,0.9999913383375124
1046.675378,0.9999909592408679
1047.157495,0.9999911828388713
1047.639612,0.9999920626315011
1048.121728,0.9999915959353144
1048.603845,0.999991241138359
1049.085962,0.9999914112368836
1049.568078,0.9999917733338392
1050.050195,0.9999922448300714
1050.532312,0.9999925754275623
1051.014429,0.9999925705275987
1051.496545,0.9999925972274006
1051.978662,0.9999929545248195
1052.460779,0.9999933288222524
1052.942895,0.9999935159210217
1053.425012,0.9999935718206608
1053.907129,0.9999936714200256
1054.389246,0.9999939461183248
1054.871362,0.9999940992174097
1055.353479,0.9999940263178425
1055.835596,0.9999939388183691
1056.317712,0.9999941891168832
1056.799829,0.9999946824141384
1057.281946,0.9999948647131857
1057.764062,0.9999946241144502
1058.246179,0.9999943568159229
1058.728296,0.9999943519159505
1059.210413,0.9999946363143846
1059.692529,0.9999950956120266
1060.174646,0.9999954407103936
1060.656763,0.9999956181096005
1061.138879,0.9999955987096857
1061.620996,0.9999954480103603
1062.103113,0.9999953265109208
1062.585229,0.9999953484108187
1063.067346,0.9999955987096857
1063.549463,0.9999959414082361
1064.03158,0.9999960653077409
1064.513696,0.9999959657081378
1064.995813,0.9999959049083849
1065.47793,0.9999959098083648
1065.960046,0.9999958587085752
1066.442163,0.9999957882088696
1066.92428,0.9999957785089105
1067.406396,0.9999959268082955
1067.888513,0.9999962670069676
1068.37063,0.9999966316056731
1068.852747,0.9999968600049298
1069.334863,0.9999970034044898
1069.81698,0.999997076304274
1070.299097,0.9999971055041891
1070.781213,0.9999971201041469
1071.26333,0.9999971711040013
1071.745447,0.9999972076038988
1072.227564,0.9999971492040636
1072.70968,0.999997073904281
1073.191797,0.9999971006042032
1073.673914,0.9999971103041752
1074.15603,0.9999970301044101
1074.638147,0.9999969645046072
1075.120264,0.9999970885042384
1075.60238,0.9999974020033748
1076.084497,0.9999976596027388
1076.566614,0.9999976329028015
1077.048731,0.999997499203127
1077.530847,0.9999974044033686
1078.012964,0.9999973412035346
1078.495081,0.9999972464037912
1078.977197,0.9999970350043956
1079.459314,0.9999967458052949
1079.941431,0.9999967191053821
1080.423547,0.9999969475046588
1080.905664,0.9999970472043596
1081.387781,0.9999968940048236
1081.869898,0.9999966559055915
1082.352014,0.999996463906252
1082.834131,0.9999963812065479
1083.316248,0.9999963399066981
1083.798364,0.999996296206859
1084.280481,0.9999961892072611
1084.762598,0.9999959924080304
1085.244714,0.999995917108335
1085.726831,0.999996007007972
1086.208948,0.9999960920076362
1086.691065,0.9999961139075508
1087.173181,0.9999961285074942
1087.655298,0.9999960823076742
1088.137415,0.9999958587085752
1088.619531,0.9999955428099333
1089.101648,0.9999954164105047
1089.583765,0.9999954091105382
1090.065882,0.9999953168109662
1090.547998,0.9999951564117302
1091.030115,0.9999951029119908
1091.512232,0.9999950664121702
1091.994348,0.9999950154124231
1092.476465,0.9999951709116601
1092.958582,0.9999953168109662
1093.440698,0.9999951078119668
1093.922815,0.9999947894135751
1094.404932,0.9999946363143846
1094.887049,0.9999944443154328
1095.369165,0.9999942134167423
1095.851282,0.9999942037167985
1096.333399,0.9999941867168972
1096.815515,0.9999939606182371
1097.297632,0.9999938027192032
1097.779749,0.9999936811199642
1098.261865,0.9999933385221877
1098.743982,0.9999929034251808
1099.226099,0.9999926701268637
1099.708216,0.9999925438277973
1100.190332,0.9999923080295834
1100.672449,0.9999917490340394
1101.154566,0.999991224138508
1101.636682,0.9999910758398206
1102.118799,0.9999909592408679
1102.600916,0.9999905971442071
1103.083033,0.9999902325477019
1103.565149,0.9999899480505212
1104.047266,0.9999895640544548
1104.529383,0.9999890150603349
1105.011499,0.9999885560654823
1105.493616,0.9999882470690662
1105.975733,0.9999878900733258
1106.457849,0.9999874770784124
1106.939966,0.9999871920820221
1107.422083,0.9999869950845647
1107.9042,0.9999867010884314
1108.386316,0.9999862270948473
1108.868433,0.999985741101659
1109.35055,0.9999854451059235
1109.832666,0.9999852451088544
1110.314783,0.9999849811127847
1110.7969,0.9999846991170597
1111.279016,0.9999845161198765
1111.761133,0.9999843561223667
1112.24325,0.9999841401257691
1112.725367,0.9999838361306368
1113.207483,0.9999833331388936
1113.6896,0.999982801147902
1114.171717,0.99998245815386
1114.653833,0.9999823021566087
1115.13595,0.9999820741606698
1115.618067,0.9999816291687458
1116.100183,0.9999809921806508
1116.5823,0.9999803091938665
1117.064417,0.9999796802064498
1117.546534,0.9999791652170471
1118.02865,0.999978611228743
1118.510767,0.9999778572451544
1118.992884,0.9999768832671958
1119.475,0.9999758212923097
1119.957117,0.9999747733181981
1120.439234,0.999973728345106
1120.921351,0.9999725623764185
1121.403467,0.9999711284167921
1121.885584,0.9999694994651508
1122.367701,0.9999677505200256
1122.849817,0.999965854582968
1123.331934,0.9999636676600354
1123.814051,0.9999611397550788
1124.296167,0.9999582718706426
1124.778284,0.9999551860041771
1125.260401,0.9999517831624691
1125.742518,0.9999478223613003
1126.224634,0.999943399601863
1126.706751,0.9999385878858011
1127.188868,0.999933168233342
1127.670984,0.9999268986720323
1128.153101,0.9999198752101625
1128.635218,0.9999122208528148
1129.117334,0.9999041285959568
1129.599451,0.9998957454348849
1130.081568,0.9998868464023513
1130.563685,0.9998773475224302
1131.045801,0.999867818736713
1131.527918,0.9998587099823748
1132.010035,0.9998499112644414
1132.492151,0.9998415825493697
1132.974268,0.9998340937639619
1133.456385,0.9998277048445154
1133.938501,0.9998224557628438
1134.420618,0.9998183964919137
1134.902735,0.9998157469766736
1135.384852,0.9998147571595741
1135.866968,0.9998154070393774
1136.349085,0.9998175766411648
1136.831202,0.9998210460141751
1137.313318,0.9998258351684555
1137.795435,0.9998318641364189
1138.277552,0.9998389829646346
1138.759669,0.9998471216870805
1139.241785,0.9998562803286616
1139.723902,0.9998660289749194
1140.206019,0.9998760076876823
1140.688135,0.9998859964988931
1141.170252,0.9998956754421852
1141.652369,0.9999046385471925
1142.134485,0.9999126818124549
1142.616602,0.9999196562277337
1143.098719,0.999925756756166
1143.580836,0.9999311273718283
1144.062952,0.9999357200660435
1144.545069,0.9999395348280922
1145.027186,0.9999427186406398
1145.509302,0.9999453434937212
1145.991419,0.999947409382935
1146.473536,0.999948988301141
1146.955652,0.9999504472277791
1147.437769,0.9999517591636266
1147.919886,0.9999526341217986
1148.402003,0.9999530471023218
1148.884119,0.9999532900909418
1149.366236,0.9999534360841328
1149.848353,0.9999534850818523
1150.330469,0.999953314089821
1150.812586,0.9999529501068809
1151.294703,0.9999523421356721
1151.77682,0.9999513941813011
1152.258936,0.9999501552422912
1152.741053,0.9999486003210087
1153.22317,0.9999468744112141
1153.705286,0.9999450275110426
1154.187403,0.9999428886309163
1154.66952,0.9999405077697329
1155.151636,0.9999380039218363
1155.633753,0.9999351371036886
1156.11587,0.9999318313235899
1156.597987,0.9999280645874759
1157.080103,0.9999238608987285
1157.56222,0.9999192922570451
1158.044337,0.9999145046549354
1158.526453,0.9999093531086778
1159.00857,0.9999036666403561
1159.490687,0.999897445259097
1159.972803,0.999890735969749
1160.45492,0.9998834967870265
1160.937037,0.9998757977137427
1161.419154,0.9998676787552283
1161.90127,0.999859249906224
1162.383387,0.9998504711805485
1162.865504,0.9998412626001145
1163.34762,0.9998318641364189
1163.829737,0.9998223857752744
1164.311854,0.9998127575320594
1164.79397,0.9998029194229289
1165.276087,0.9997928614561512
1165.758204,0.9997825836383635
1166.240321,0.9997721359649536
1166.722437,0.9997617083959554
1167.204554,0.999751410903391
1167.686671,0.9997414434315123
1168.168787,0.9997312461207957
1168.650904,0.9997210389168807
1169.133021,0.9997105918866098
1169.615138,0.9997001449655099
1170.097254,0.999689938079136
1170.579371,0.999679981216938
1171.061488,0.9996702543780419
1171.543604,0.9996612673828517
1172.025721,0.9996532501316364
1172.507838,0.9996459626860057
1172.989954,0.9996398948534281
1173.472071,0.9996350266189944
1173.954188,0.9996311480426155
1174.436305,0.9996287189418771
1174.918421,0.9996270095782293
1175.400538,0.9996267696677757
1175.882655,0.9996287189418771
1176.364771,0.9996330873289239
1176.846888,0.9996408645045964
1177.329005,0.9996527702981916
1177.811121,0.9996685549400539
1178.293238,0.9996879986825373
1178.775355,0.9997093722404317
1179.257472,0.9997302663846546
1179.739588,0.9997494613900406
1180.221705,0.999766037373525
1180.703822,0.9997804940949472
1181.185938,0.9997933413568398
1181.668055,0.9998050590034658
1182.150172,0.9998156070024788
1182.632288,0.9998246453764196
1183.114405,0.9998320041128896
1183.596522,0.9998375731926624
1184.078639,0.9998411426191701
1184.560755,0.9998426723772886
1185.042872,0.9998422824387224
1185.524989,0.9998400527929187
1186.007105,0.9998360634390668
1186.489222,0.9998306443422887
1186.971339,0.9998242254501567
1187.453456,0.9998170867306723
1187.935572,0.9998096781135085
1188.417689,0.9998024795097411
1188.899806,0.9997960707963874
1189.381922,0.9997906719121821
1189.864039,0.9997864927959079
1190.346156,0.9997837533846706
1190.828272,0.9997825136535851
1191.310389,0.9997826036340154
1191.792506,0.9997837033954842
1192.274623,0.9997857629520346
1192.756739,0.9997875125786506
1193.238856,0.9997879724810121
1193.720973,0.9997903319834115
1194.203089,0.9997968206437217
1194.685206,0.9998020495947674
1195.167323,0.999804009208705
1195.649439,0.999808218392444
1196.131556,0.9998140472913486
1196.613673,0.9998181065446208
1197.09579,0.9998225557450944
1197.577906,0.9998280647825539
1198.060023,0.9998320541044912
1198.54214,0.9998339937805576
1199.024256,0.9998350636035033
1199.506373,0.9998356235112956
1199.98849,0.9998355735195157
1200.470607,0.9998349736183516
1200.952723,0.999833823808793
1201.43484,0.9998323440558289
1201.916957,0.9998308343101292
1202.399073,0.9998293345650026
1202.88119,0.9998279747980322
1203.363307,0.9998270749532597
1203.845423,0.9998266850207765
1204.32754,0.9998268749878648
1204.809657,0.9998277248410697
1205.291774,0.9998291845906137
1205.77389,0.9998312242442307
1206.256007,0.9998338038121168
1206.738124,0.9998366433441518
1207.22024,0.9998394628874615
1207.702357,0.9998419924845026
1208.184474,0.9998440121673673
1208.66659,0.9998453719561485
1209.148707,0.9998462218250759
1209.630824,0.9998465317774526
1210.112941,0.9998462418220004
1210.595057,0.9998453019669749
1211.077174,0.9998435222439214
1211.559291,0.9998408226700557
1212.041407,0.9998371132674846
1212.523524,0.9998322440725994
1213.005641,0.9998262450971319
1213.487757,0.9998191963469509
1213.969874,0.9998112578140479
1214.451991,0.9998024295196184
1214.934108,0.9997926215058932
1215.416224,0.9997820737493758
1215.898341,0.9997712861589992
1216.380458,0.9997601587665084
1216.862574,0.9997484916335334
1217.344691,0.9997363447631524
1217.826808,0.9997241980403551
1218.308925,0.9997122913960605
1218.791041,0.9997006248216946
1219.273158,0.9996892083057476
1219.755275,0.9996785216852309
1220.237391,0.9996685549400539
1220.719508,0.9996588382089233
1221.201625,0.9996493614880568
1221.683741,0.9996406145944116
1222.165858,0.9996323575970364
1222.647975,0.9996241006678639
1223.130092,0.9996158438068932
1223.612208,0.9996068473047832
1224.094325,0.9995973710767883
1224.576442,0.9995874151365529
1225.058558,0.9995764797100483
1225.540675,0.9995648247162435
1226.022792,0.9995521902967088
1226.504908,0.9995385864839731
1226.987025,0.9995240133176208
1227.469142,0.999508950604238
1227.951259,0.9994931584875765
1228.433375,0.9994771267458892
1228.915492,0.9994615849974057
1229.397609,0.9994467630920049
1229.879725,0.999434140159101
1230.361842,0.9994249054303105
1230.843959,0.9994198083762903
1231.326075,0.9994188389395463
1231.808192,0.99942101767499
1232.290309,0.999424665568362
1232.772426,0.9994295227840396
1233.254542,0.9994358391985835
1233.736659,0.9994443344393213
1234.218776,0.9994545388180692
1234.700892,0.9994654729105333
1235.183009,0.999475427636218
1235.665126,0.9994836933321831
1236.147243,0.9994885508347364
1236.629359,0.9994892804616449
1237.111476,0.9994853924559061
1237.593593,0.9994768868714076
1238.075709,0.9994640136920081
1238.557826,0.9994470129537268
1239.039943,0.9994273340357814
1239.522059,0.999405716656339
1240.004176,0.9993831303423689
1240.486293,0.9993607843854032
1240.96841,0.9993396581217266
1241.450526,0.9993204709844878
1241.932643,0.9993039523536293
1242.41476,0.9992908415717814
1242.896876,0.999280878691756
1243.378993,0.9992745632565594
1243.86111,0.9992721350223209
1244.343226,0.9992733541350693
1244.825343,0.9992777209691684
1245.30746,0.9992850057303072
1245.789577,0.99929399933583
1246.271693,0.9993041921866067
1246.75381,0.9993143951344948
1247.235927,0.9993238686798652
1247.718043,0.9993321231291113
1248.20016,0.9993389286040425
1248.682277,0.9993437854030376
1249.164393,0.9993464536545067
1249.64651,0.9993471831776841
1250.128627,0.999345973968324
1250.610744,0.999342566204363
1251.09286,0.9993369798950317
1251.574977,0.9993294549159047
1252.057094,0.9993202211544013
1252.53921,0.9993090488167823
1253.021327,0.9992966674543702
1253.503444,0.9992830671192766
1253.985561,0.9992682578539588
1254.467677,0.9992522297196488
1254.949794,0.99923522259143
1255.431911,0.9992162872633747
1255.914027,0.9991954038612032
1256.396144,0.999171603310149
1256.878261,0.9991451356049436
1257.360377,0.9991157511786055
1257.842494,0.9990827309486914
1258.324611,0.999046305056369
1258.806728,0.999006493854356
1259.288844,0.9989628382244571
1259.770961,0.9989151888335208
1260.253078,0.9988644452308264
1260.735194,0.9988111072935867
1261.217311,0.9987552753132074
1261.699428,0.9986984477548014
1262.181544,0.9986419230223236
1262.663661,0.9985877980968945
1263.145778,0.9985372708326613
1263.627895,0.9984924375157165
1264.110011,0.9984557935156811
1264.592128,0.9984290352589772
1265.074245,0.9984144583014745
1265.556361,0.9984130605222112
1266.038478,0.998426639032168
1266.520595,0.9984557935156811
1267.002712,0.9985004254871684
1267.484828,0.9985588394706517
1267.966945,0.9986285413102127
1268.449062,0.9987059380212481
1268.931178,0.998788035023494
1269.413295,0.998872935614695
1269.895412,0.9989584427976388
1270.377528,0.9990426685344371
1270.859645,0.9991244934796759
1271.341762,0.9992024382216074
1271.823879,0.9992750529012153
1272.305995,0.999341596842544
1272.788112,0.9994010994125939
1273.270229,0.9994538092165223
1273.752345,0.999499965059162
1274.234462,0.9995400458113747
1274.716579,0.9995750303252035
1275.198695,0.9996056377812298
1275.680812,0.9996321176852994
1276.162929,0.9996556792919857
1276.645046,0.9996763323916656
1277.127162,0.9996950365108211
1277.609279,0.9997118015371578
1278.091396,0.9997268673075272
1278.573512,0.9997395039349933
1279.055629,0.9997504411449928
1279.537746,0.9997600587904975
1280.019862,0.9997682468589091
1280.501979,0.9997752652566365
1280.984096,0.9997811739459144
1281.466213,0.9997860828835299
1281.948329,0.9997899720589567
1282.430446,0.9997928314623657
1282.912563,0.9997948310500283
1283.394679,0.9997961207861922
1283.876796,0.9997968006477855
1284.358913,0.9997968406396583
1284.84103,0.9997963107474732
1285.323146,0.9997952609618981
1285.805263,0.9997938812453899
1286.28738,0.9997920116325801
1286.769496,0.999789632130424
1287.251613,0.9997868827127161
1287.73373,0.9997837933760215
1288.215846,0.9997801741652403
1288.697963,0.9997759950928465
1289.18008,0.9997713561429917
1289.662197,0.99976610735715
1290.144313,0.9997601587665084
1290.62643,0.9997535903638425
1291.108547,0.9997460622476504
1291.590663,0.9997373145078772
1292.07278,0.9997271072420042
1292.554897,0.9997154504918928
1293.037013,0.9997025742398137
1293.51913,0.9996877487605689
1294.001247,0.9996707442165865
1294.483364,0.9996515507225557
1294.96548,0.9996299284933589
1295.447597,0.9996061175920511
1295.929714,0.9995798882716557
1296.41183,0.9995514606238762
1296.893947,0.9995208548267291
1297.376064,0.9994880610854665
1297.85818,0.9994538092165223
1298.340297,0.9994185890848678
1298.822414,0.999382640644755
1299.304531,0.9993469433343889
1299.786647,0.9993117269686218
1300.268764,0.999278450442171
1300.750881,0.9992478530044676
1301.232997,0.9992201642300906
1301.715114,0.999195643668129
1302.197231,0.9991754900952456
1302.679348,0.9991592136590839
1303.161464,0.999147563530573
1303.643581,0.9991410091440547
1304.125698,0.9991405195650801
1304.607814,0.999146344571289
1305.089931,0.9991589738609015
1305.572048,0.9991776683001883
1306.054164,0.9992017088040936
1306.536281,0.999230366320049
1307.018398,0.9992631516062076
1307.500515,0.9992998252368286
1307.982631,0.9993401378048777
1308.464748,0.9993828904904464
1308.946865,0.9994263645917376
1309.428981,0.999469360838785
1309.911098,0.9995113794139389
1310.393215,0.9995517005162556
1310.875331,0.9995903339360666
1311.357448,0.9996277393062126
1311.839565,0.9996632167242236
1312.321682,0.9996967459907952
1312.803798,0.9997273571738122
1313.285915,0.9997548100639667
1313.768032,0.9997786944916776
1314.250148,0.9997992301569629
1314.732265,0.9998163368681384
1315.214382,0.9998304943677033
1315.696499,0.9998423324308379
1316.178615,0.9998521209351869
1316.660732,0.9998600997869476
1317.142849,0.9998667088840503
1317.624965,0.9998720981801352
1318.107082,0.9998765276233414
1318.589199,0.9998803571577758
1319.071315,0.9998836867649089
1319.553432,0.9998865064408813
1320.035549,0.9998888961724874
1320.517666,0.9998911259272121
1320.999782,0.9998932157018491
1321.481899,0.9998951854934243
1321.964016,0.9998969853063779
1322.446132,0.9998984651550114
1322.928249,0.9998997550248633
1323.410366,0.9999010418966762
1323.892482,0.9999022327795262
1324.374599,0.9999029377108488
1324.856716,0.9999031806872922
1325.338833,0.9999032776779054
1325.820949,0.9999035696497052
1326.303066,0.9999038606216862
1326.785183,0.9999039336146708
1327.267299,0.9999039576123654
1327.749416,0.999904030605357
1328.231533,0.9999041525936562
1328.713649,0.9999043225773766
1329.195766,0.9999044445657114
1329.677883,0.9999045655541565
1330.16,0.9999050515078934
1330.642116,0.9999059754205879
1331.124233,0.9999071413116349
1331.60635,0.9999084291928623
1332.088466,0.999910033047269
1332.570583,0.9999120018720624
1333.0527,0.9999141156882687
1333.534817,0.99991627850484
1334.016933,0.9999185873141926
1334.49905,0.9999211151115764
1334.981167,0.9999237149098554
1335.463283,0.9999262907166627
1335.9454,0.9999289155266209
1336.427517,0.999931394353475
1336.909633,0.9999336781993878
1337.39175,0.9999357930613537
1337.873867,0.9999376639429728
1338.355984,0.9999394628324483
1338.8381,0.9999413337209334
1339.320217,0.999943107618433
1339.802334,0.9999447845244305
1340.28445,0.9999464854319556
1340.766567,0.9999480893474045
1341.248684,0.9999495722715206
1341.7308,0.9999509572026373
1342.212917,0.9999521481449365
1342.695034,0.9999529261080105
1343.177151,0.9999534600830156
1343.659267,0.999954287044869
1344.141384,0.9999558419749943
1344.623501,0.9999582238726468
1345.105617,0.9999603867846242
1345.587734,0.9999611397550788
1346.069851,0.9999611397550788
1346.551967,0.9999616747344318
1347.034084,0.9999629626858982
1347.516201,0.9999643966338149
1347.998318,0.9999654655963263
1348.480434,0.999966170572228
1348.962551,0.999966559559144
1349.444668,0.9999669725454184
1349.926784,0.9999674095310809
1350.408901,0.9999675075278918
1350.891018,0.9999671425398182
1351.373135,0.999966656555905
1351.855251,0.9999662675689512
1352.337368,0.9999656355904698
1352.819485,0.9999647366217675
1353.301601,0.9999637406573858
1353.783718,0.9999626946958602
1354.265835,0.999961455742849
1354.747951,0.9999599738010697
1355.230068,0.9999582718706426
1355.712185,0.9999566439399011
1356.194302,0.9999551860041771
1356.676418,0.9999538490649872
1357.158535,0.9999524151321958
1357.640652,0.9999507382134016
1358.122768,0.999949110294925
1358.604885,0.9999478223613003
1359.087002,0.9999468744112141
1359.569118,0.9999460234567861
1360.051235,0.9999450765083502
1360.533352,0.9999442985513833
1361.015469,0.999944128560867
1361.497585,0.9999444685419285
1361.979702,0.9999448815190793
1362.461819,0.999945124505715
1362.943935,0.9999457564712334
1363.426052,0.9999470444021972
1363.908169,0.9999486243197755
1364.390286,0.99995020423985
1364.872402,0.9999518321601076
1365.354519,0.9999538490649872
1365.836636,0.9999562549568423
1366.318752,0.9999587828494501
1366.800869,0.9999612367513141
1367.282986,0.9999635696636008
1367.765102,0.9999657325871412
1368.247219,0.9999679205145577
1368.729336,0.9999702534424376
1369.211453,0.9999726833731059
1369.693569,0.9999748703157558
1370.175686,0.9999768712674733
1370.657803,0.9999788152244006
1371.139919,0.9999805281895782
1371.622036,0.999981821165237
1372.104153,0.9999827691484529
1372.586269,0.9999835351355474
1373.068386,0.9999841011263885
1373.550503,0.9999845211197991
1374.03262,0.9999849321135218
1374.514736,0.9999854111064189
1374.996853,0.9999858261004506
1375.47897,0.9999862640943384
1375.961086,0.99998680308708
1376.443203,0.9999871950819836
1376.92532,0.9999873720797329
1377.407436,0.9999875450775632
1377.889553,0.9999877370751903
1378.37167,0.9999877710747739
1378.853787,0.99998780907431
1379.335903,0.9999881010707928
1379.81802,0.9999886070649
1380.300137,0.999989017060313
1380.782253,0.9999893160570738
1381.26437,0.9999896780532717
1381.746487,0.9999900697493053
1382.228604,0.9999902738472993
1382.71072,0.999990424545845
1383.192837,0.9999906384438196
1383.674954,0.9999906627435925
1384.15707,0.9999906189440024
1384.639187,0.9999908838415524
1385.121304,0.99999134323747
1385.60342,0.9999915473357239
1386.085537,0.9999914696363837
1386.567654,0.9999914307367164
1387.049771,0.9999913942370298
1387.531887,0.9999914185368209
1388.014004,0.9999918414332812
1388.496121,0.9999923518292474
1388.978237,0.9999924417285638
1389.460354,0.9999923591291916
1389.942471,0.999992541327816
1390.424587,0.9999928621254748
1390.906704,0.9999930274243085
1391.388821,0.9999931659233524
1391.870938,0.9999933555220747
1392.353054,0.9999934964211483
1392.835171,0.9999935742206454
1393.317288,0.9999936423202102
1393.799404,0.9999936739200097
1394.281521,0.9999939193184875
1394.763638,0.9999944856152043
1395.245754,0.9999949498127523
1395.727871,0.9999951831116013
1396.209988,0.9999953824106611
1396.692105,0.99999538481065
1397.174221,0.9999950664121702
1397.656338,0.9999949328128382
1398.138455,0.9999951005120026
1398.620571,0.9999952876111033
1399.102688,0.9999954407103936
1399.584805,0.9999955744097929
1400.066922,1.0
1400.549038,1.0
1401.031155,1.0
1401.513272,1.0
1401.995388,1.0
1402.477505,1.0
1402.959622,1.0
1403.441738,1.0
1403.923855,1.0
1404.405972,1.0
1404.888089,1.0
1405.370205,1.0
1405.852322,1.0
1406.334439,1.0
1406.816555,1.0
1407.298672,1.0
1407.780789,1.0
1408.262905,1.0
1408.745022,1.0
1409.227139,1.0
1409.709256,1.0
1410.191372,1.0
1410.673489,1.0
1411.155606,1.0
1411.637722,1.0
1412.119839,1.0
1412.601956,1.0
1413.084073,1.0
1413.566189,1.0
1414.048306,1.0
1414.530423,1.0
1415.012539,1.0
1415.494656,1.0
1415.976773,1.0
1416.458889,1.0
1416.941006,1.0
1417.423123,1.0
1417.90524,1.0
1418.387356,1.0
1418.869473,1.0
1419.35159,1.0
1419.833706,1.0
1420.315823,1.0
1420.79794,1.0
1421.280056,1.0
1421.762173,1.0
1422.24429,1.0
1422.726407,1.0
1423.208523,1.0
1423.69064,1.0
1424.172757,1.0
1424.654873,1.0
1425.13699,1.0
1425.619107,1.0
1426.101223,1.0
1426.58334,1.0
1427.065457,1.0
1427.547574,1.0
1428.02969,1.0
1428.511807,1.0
1428.993924,1.0
1429.47604,1.0
1429.958157,1.0
1430.440274,1.0
1430.922391,1.0
1431.404507,1.0
1431.886624,1.0
1432.368741,1.0
1432.850857,1.0
1433.332974,1.0
1433.815091,1.0
1434.297207,1.0
1434.779324,1.0
1435.261441,1.0
1435.743558,1.0
1436.225674,1.0
1436.707791,1.0
1437.189908,1.0
1437.672024,1.0
1438.154141,1.0
1438.636258,1.0
1439.118374,1.0
1439.600491,1.0
1440.082608,1.0
1440.564725,1.0
1441.046841,1.0
1441.528958,1.0
1442.011075,1.0
1442.493191,1.0
1442.975308,1.0
1443.457425,1.0
1443.939541,1.0
1444.421658,1.0
1444.903775,1.0
1445.385892,1.0
1445.868008,1.0
1446.350125,1.0
1446.832242,1.0
1447.314358,1.0
1447.796475,1.0
1448.278592,1.0
1448.760709,1.0
1449.242825,1.0
1449.724942,1.0
1450.207059,1.0
1450.689175,1.0
1451.171292,1.0
1451.653409,1.0
1452.135525,1.0
1452.617642,1.0
1453.099759,1.0
1453.581876,1.0
1454.063992,1.0
1454.546109,1.0
1455.028226,1.0
1455.510342,1.0
1455.992459,1.0
1456.474576,1.0
1456.956692,1.0
1457.438809,1.0
1457.920926,1.0
1458.403043,1.0
1458.885159,1.0
1459.367276,1.0
1459.849393,1.0
1460.331509,1.0
1460.813626,1.0
1461.295743,1.0
1461.77786,1.0
1462.259976,1.0
1462.742093,1.0
1463.22421,1.0
1463.706326,1.0
1464.188443,1.0
1464.67056,1.0
1465.152676,1.0
1465.634793,1.0
1466.11691,1.0
1466.599027,1.0
1467.081143,1.0
1467.56326,1.0
1468.045377,1.0
1468.527493,1.0
1469.00961,1.0
1469.491727,1.0
1469.973843,1.0
1470.45596,1.0
1470.938077,1.0
1471.420194,1.0
1471.90231,1.0
1472.384427,1.0
1472.866544,1.0
1473.34866,1.0
1473.830777,1.0
1474.312894,1.0
1474.79501,1.0
1475.277127,1.0
1475.759244,1.0
1476.241361,1.0
1476.723477,1.0
1477.205594,1.0
1477.687711,1.0
1478.169827,1.0
1478.651944,1.0
1479.134061,1.0
1479.616178,1.0
1480.098294,1.0
1480.580411,1.0
1481.062528,1.0
1481.544644,1.0
1482.026761,1.0
1482.508878,1.0
1482.990994,1.0
1483.473111,1.0
1483.955228,1.0
1484.437345,1.0
1484.919461,1.0
1485.401578,1.0
1485.883695,1.0
1486.365811,1.0
1486.847928,1.0
1487.330045,1.0
1487.812161,1.0
1488.294278,1.0
1488.776395,1.0
1489.258512,1.0
1489.740628,1.0
1490.222745,1.0
1490.704862,1.0
1491.186978,1.0
1491.669095,1.0
1492.151212,1.0
1492.633328,1.0
1493.115445,1.0
1493.597562,1.0
1494.079679,1.0
1494.561795,1.0
1495.043912,1.0
1495.526029,1.0
1496.008145,1.0
1496.490262,1.0
1496.972379,1.0
1497.454496,1.0
1497.936612,1.0
1498.418729,1.0
1498.900846,1.0
1499.382962,1.0
1499.865079,1.0
1500.347196,1.0
1500.829312,1.0
1501.311429,1.0
1501.793546,1.0
1502.275663,1.0
1502.757779,1.0
1503.239896,1.0
1503.722013,1.0
1504.204129,1.0
1504.686246,1.0
1505.168363,1.0
1505.650479,1.0
1506.132596,1.0
1506.614713,1.0
1507.09683,1.0
1507.578946,1.0
1508.061063,1.0
1508.54318,1.0
1509.025296,1.0
1509.507413,1.0
1509.98953,1.0
1510.471647,1.0
1510.953763,1.0
1511.43588,1.0
1511.917997,1.0
1512.400113,1.0
1512.88223,1.0
1513.364347,1.0
1513.846463,1.0
1514.32858,1.0
1514.810697,1.0
1515.292814,1.0
1515.77493,1.0
1516.257047,1.0
1516.739164,1.0
1517.22128,1.0
1517.703397,1.0
1518.185514,1.0
1518.66763,1.0
1519.149747,1.0
1519.631864,1.0
1520.113981,1.0
1520.596097,1.0
1521.078214,1.0
1521.560331,1.0
1522.042447,1.0
1522.524564,1.0
1523.006681,1.0
1523.488797,1.0
1523.970914,1.0
1524.453031,1.0
1524.935148,1.0
1525.417264,1.0
1525.899381,1.0
1526.381498,1.0
1526.863614,1.0
1527.345731,1.0
1527.827848,1.0
1528.309965,1.0
1528.792081,1.0
1529.274198,1.0
1529.756315,1.0
1530.238431,1.0
1530.720548,1.0
1531.202665,1.0
1531.684781,1.0
1532.166898,1.0
1532.649015,1.0
1533.131132,1.0
1533.613248,1.0
1534.095365,1.0
1534.577482,1.0
1535.059598,1.0
1535.541715,1.0
1536.023832,1.0
1536.505948,1.0
1536.988065,1.0
1537.470182,1.0
1537.952299,1.0
1538.434415,1.0
1538.916532,1.0
1539.398649,1.0
1539.880765,1.0
1540.362882,1.0
1540.844999,1.0
1541.327115,1.0
1541.809232,1.0
1542.291349,1.0
1542.773466,1.0
1543.255582,1.0
1543.737699,1.0
1544.219816,1.0
1544.701932,1.0
1545.184049,1.0
1545.666166,1.0
1546.148283,1.0
1546.630399,1.0
1547.112516,1.0
1547.594633,1.0
1548.076749,1.0
1548.558866,1.0
1549.040983,1.0
1549.523099,1.0
1550.005216,1.0
1550.487333,1.0
1550.96945,1.0
1551.451566,1.0
1551.933683,1.0
1552.4158,1.0
1552.897916,1.0
1553.380033,1.0
1553.86215,1.0
1554.344266,1.0
1554.826383,1.0
1555.3085,1.0
1555.790617,1.0
1556.272733,1.0
1556.75485,1.0
1557.236967,1.0
1557.719083,1.0
1558.2012,1.0
1558.683317,1.0
1559.165433,1.0
1559.64755,1.0
1560.129667,1.0
1560.611784,1.0
1561.0939,1.0
1561.576017,1.0
1562.058134,1.0
1562.54025,1.0
1563.022367,1.0
1563.504484,1.0
1563.986601,1.0
1564.468717,1.0
1564.950834,1.0
1565.432951,1.0
1565.915067,1.0
1566.397184,1.0
1566.879301,1.0
1567.361417,1.0
1567.843534,1.0
1568.325651,1.0
1568.807768,1.0
1569.289884,1.0
1569.772001,1.0
1570.254118,1.0
1570.736234,1.0
1571.218351,1.0
1571.700468,1.0
1572.182584,1.0
1572.664701,1.0
1573.146818,1.0
1573.628935,1.0
1574.111051,1.0
1574.593168,1.0
1575.075285,1.0
1575.557401,1.0
1576.039518,1.0
1576.521635,1.0
1577.003752,1.0
1577.485868,1.0
1577.967985,1.0
1578.450102,1.0
1578.932218,1.0
1579.414335,1.0
1579.896452,1.0
1580.378568,1.0
1580.860685,1.0
1581.342802,1.0
1581.824919,1.0
1582.307035,1.0
1582.789152,1.0
1583.271269,1.0
1583.753385,1.0
1584.235502,1.0
1584.717619,1.0
1585.199735,1.0
1585.681852,1.0
1586.163969,1.0
1586.646086,1.0
1587.128202,1.0
1587.610319,1.0
1588.092436,1.0
1588.574552,1.0
1589.056669,1.0
1589.538786,1.0
1590.020902,1.0
1590.503019,1.0
1590.985136,1.0
1591.467253,1.0
1591.949369,1.0
1592.431486,1.0
1592.913603,1.0
1593.395719,1.0
1593.877836,1.0
1594.359953,1.0
1594.84207,1.0
1595.324186,1.0
1595.806303,1.0
1596.28842,1.0
1596.770536,1.0
1597.252653,1.0
1597.73477,1.0
1598.216886,1.0
1598.699003,1.0
1599.18112,1.0
1599.663237,1.0
1600.145353,1.0
1600.62747,1.0
1601.109587,1.0
1601.591703,1.0
1602.07382,1.0
1602.555937,1.0
1603.038053,1.0
1603.52017,1.0
1604.002287,1.0
1604.484404,1.0
1604.96652,1.0
1605.448637,1.0
1605.930754,1.0
1606.41287,1.0
1606.894987,1.0
1607.377104,1.0
1607.85922,1.0
1608.341337,1.0
1608.823454,1.0
1609.305571,1.0
1609.787687,1.0
1610.269804,1.0
1610.751921,1.0
1611.234037,1.0
1611.716154,1.0
1612.198271,1.0
1612.680388,1.0
1613.162504,1.0
1613.644621,1.0
1614.126738,1.0
1614.608854,1.0
1615.090971,1.0
1615.573088,1.0
1616.055204,1.0
1616.537321,1.0
1617.019438,1.0
1617.501555,1.0
1617.983671,1.0
1618.465788,1.0
1618.947905,1.0
1619.430021,1.0
1619.912138,1.0
1620.394255,1.0
1620.876371,1.0
1621.358488,1.0
1621.840605,1.0
1622.322722,1.0
1622.804838,1.0
1623.286955,1.0
1623.769072,1.0
1624.251188,1.0
1624.733305,1.0
1625.215422,1.0
1625.697539,1.0
1626.179655,1.0
1626.661772,1.0
1627.143889,1.0
1627.626005,1.0
1628.108122,1.0
1628.590239,1.0
1629.072355,1.0
1629.554472,1.0
1630.036589,1.0
1630.518706,1.0
1631.000822,1.0
1631.482939,1.0
1631.965056,1.0
1632.447172,1.0
1632.929289,1.0
1633.411406,1.0
1633.893522,1.0
1634.375639,1.0
1634.857756,1.0
1635.339873,1.0
1635.821989,1.0
1636.304106,1.0
1636.786223,1.0
1637.268339,1.0
1637.750456,1.0
1638.232573,1.0
1638.714689,1.0
1639.196806,1.0
1639.678923,1.0
1640.16104,1.0
1640.643156,1.0
1641.125273,1.0
1641.60739,1.0
1642.089506,1.0
1642.571623,1.0
1643.05374,1.0
1643.535857,1.0
1644.017973,1.0
1644.50009,1.0
1644.982207,1.0
1645.464323,1.0
1645.94644,1.0
1646.428557,1.0
1646.910673,1.0
1647.39279,1.0
1647.874907,1.0
1648.357024,1.0
1648.83914,1.0
1649.321257,1.0
1649.803374,1.0
1650.28549,1.0
1650.767607,1.0
1651.249724,1.0
1651.73184,1.0
1652.213957,1.0
1652.696074,1.0
1653.178191,1.0
1653.660307,1.0
1654.142424,1.0
1654.624541,1.0
1655.106657,1.0
1655.588774,1.0
1656.070891,1.0
1656.553007,1.0
1657.035124,1.0
1657.517241,1.0
1657.999358,1.0
1658.481474,1.0
1658.963591,1.0
1659.445708,1.0
1659.927824,1.0
1660.409941,1.0
1660.892058,1.0
1661.374175,1.0
1661.856291,1.0
1662.338408,1.0
1662.820525,1.0
1663.302641,1.0
1663.784758,1.0
1664.266875,1.0
1664.748991,1.0
1665.231108,1.0
1665.713225,1.0
1666.195342,1.0
1666.677458,1.0
1667.159575,1.0
1667.641692,1.0
1668.123808,1.0
1668.605925,1.0
1669.088042,1.0
1669.570158,1.0
1670.052275,1.0
1670.534392,1.0
1671.016509,1.0
1671.498625,1.0
1671.980742,1.0
1672.462859,1.0
1672.944975,1.0
1673.427092,1.0
1673.909209,1.0
1674.391326,1.0
1674.873442,1.0
1675.355559,1.0
1675.837676,1.0
1676.319792,1.0
1676.801909,1.0
1677.284026,1.0
1677.766142,1.0
1678.248259,1.0
1678.730376,1.0
1679.212493,1.0
1679.694609,1.0
1680.176726,1.0
1680.658843,1.0
1681.140959,1.0
1681.623076,1.0
1682.105193,1.0
1682.587309,1.0
1683.069426,1.0
1683.551543,1.0
1684.03366,1.0
1684.515776,1.0
1684.997893,1.0
1685.48001,1.0
1685.962126,1.0
1686.444243,1.0
1686.92636,1.0
1687.408476,1.0
1687.890593,1.0
1688.37271,1.0
1688.854827,1.0
1689.336943,1.0
1689.81906,1.0
1690.301177,1.0
1690.783293,1.0
1691.26541,1.0
1691.747527,1.0
1692.229644,1.0
1692.71176,1.0
1693.193877,1.0
1693.675994,1.0
1694.15811,1.0
1694.640227,1.0
1695.122344,1.0
1695.60446,1.0
1696.086577,1.0
1696.568694,1.0
1697.050811,1.0
1697.532927,1.0
1698.015044,1.0
1698.497161,1.0
1698.979277,1.0
1699.461394,1.0
1699.943511,1.0
1700.425627,1.0
1700.907744,1.0
1701.389861,1.0
1701.871978,1.0
1702.354094,1.0
1702.836211,1.0
1703.318328,1.0
1703.800444,1.0
1704.282561,1.0
1704.764678,1.0
1705.246794,1.0
1705.728911,1.0
1706.211028,1.0
1706.693145,1.0
1707.175261,1.0
1707.657378,1.0
1708.139495,1.0
1708.621611,1.0
1709.103728,1.0
1709.585845,1.0
1710.067962,1.0
1710.550078,1.0
1711.032195,1.0
1711.514312,1.0
1711.996428,1.0
1712.478545,1.0
1712.960662,1.0
1713.442778,1.0
1713.924895,1.0
1714.407012,1.0
1714.889129,1.0
1715.371245,1.0
1715.853362,1.0
1716.335479,1.0
1716.817595,1.0
1717.299712,1.0
1717.781829,1.0
1718.263945,1.0
1718.746062,1.0
1719.228179,1.0
1719.710296,1.0
1720.192412,1.0
1720.674529,1.0
1721.156646,1.0
1721.638762,1.0
1722.120879,1.0
1722.602996,1.0
1723.085113,1.0
1723.567229,1.0
1724.049346,1.0
1724.531463,1.0
1725.013579,1.0
1725.495696,1.0
1725.977813,1.0
1726.459929,1.0
1726.942046,1.0
1727.424163,1.0
1727.90628,1.0
1728.388396,1.0
1728.870513,1.0
1729.35263,1.0
1729.834746,1.0
1730.316863,1.0
1730.79898,1.0
1731.281096,1.0
1731.763213,1.0
1732.24533,1.0
1732.727447,1.0
1733.209563,1.0
1733.69168,1.0
1734.173797,1.0
1734.655913,1.0
1735.13803,1.0
1735.620147,1.0
1736.102263,1.0
1736.58438,1.0
1737.066497,1.0
1737.548614,1.0
1738.03073,1.0
1738.512847,1.0
1738.994964,1.0
1739.47708,1.0
1739.959197,1.0
1740.441314,1.0
1740.923431,1.0
1741.405547,1.0
1741.887664,1.0
1742.369781,1.0
1742.851897,1.0
1743.334014,1.0
1743.816131,1.0
1744.298247,1.0
1744.780364,1.0
1745.262481,1.0
1745.744598,1.0
1746.226714,1.0
1746.708831,1.0
1747.190948,1.0
1747.673064,1.0
1748.155181,1.0
1748.637298,1.0
1749.119414,1.0
1749.601531,1.0
1750.083648,0.9999957858088797
1750.565765,0.9999956667093888
1751.047881,0.9999955039101075
1751.529998,0.9999955962096967
1752.012115,0.9999958879084546
1752.494231,0.9999960896076456
1752.976348,0.9999961552073913
1753.458465,0.9999960799076836
1753.940581,0.9999959511081968
1754.422698,0.9999958344086761
1754.904815,0.9999958077087877
1755.386932,0.9999957664089617
1755.869048,0.9999955574098683
1756.351165,0.999995294911069
1756.833282,0.9999952098114729
1757.315398,0.999995202511508
1757.797515,0.999995071312146
1758.279632,0.9999949206129002
1758.761749,0.9999949328128382
1759.243865,0.9999948939130361
1759.725982,0.9999946752141767
1760.208099,0.9999944880151911
1760.690215,0.9999944151155955
1761.172332,0.9999943033162262
1761.654449,0.9999939412183545
1762.136565,0.9999934892211952
1762.618682,0.9999931805232527
1763.100799,0.9999930298242918
1763.582916,0.9999928743253877
1764.065032,0.9999925899274548
1764.547149,0.999992067431463
1765.029266,0.9999915911353547
1765.511382,0.9999913359375332
1765.993499,0.9999909883406053
1766.475616,0.9999902544474882
1766.957732,0.9999893090571486
1767.439849,0.9999882640688665
1767.921966,0.9999871800821758
1768.404083,0.9999862050951506
1768.886199,0.9999852891082063
1769.368316,0.9999841491256264
1769.850433,0.9999824721536145
1770.332549,0.9999804021920395
1770.814666,0.9999782192372043
1771.296783,0.9999759762885739
1771.7789,0.9999734613521561
1772.261016,0.9999703994381053
1772.743133,0.9999669725454184
1773.22525,0.9999633026733634
1773.707366,0.9999593168275827
1774.189483,0.9999549430150965
1774.6716,0.9999502772362175
1775.153716,0.9999452704977139
1775.635833,0.999939826810479
1776.11795,0.9999339941784801
1776.600067,0.9999278706014502
1777.082183,0.9999215760753167
1777.5643,0.9999150876052615
1778.046417,0.9999083322017494
1778.528533,0.9999013578654553
1779.01065,0.9998944055754837
1779.492767,0.9998876263143956
1779.974883,0.9998811870588166
1780.457,0.9998753777659958
1780.939117,0.9998705983731129
1781.421234,0.9998670488387891
1781.90335,0.9998643492014017
1782.385467,0.9998619395312238
1782.867584,0.9998598298247571
1783.3497,0.9998584400205596
1783.831817,0.9998579100957268
1784.313934,0.9998581000687478
1784.79605,0.9998591199245299
1785.278167,0.999861459597608
1785.760284,0.9998650291093903
1786.242401,0.999869528512145
1786.724517,0.9998747478447062
1787.206634,0.9998807471111911
1787.688751,0.999887526325638
1788.170867,0.9998948655270161
1788.652984,0.9999023057723919
1789.135101,0.9999097420734918
1789.617218,0.9999171534319665
1790.099334,0.999924249869186
1790.581451,0.9999311023735505
1791.063568,0.9999378829293452
1791.545684,0.9999445175392087
1792.027801,0.9999506902157673
1792.509918,0.9999560119675018
1792.992034,0.9999595598177262
1793.474151,0.9999614317437743
1793.956268,0.9999640556460138
1794.438385,0.9999684304983272
1794.920501,0.9999730963619093
1795.402618,0.9999771792603971
1795.884735,0.9999804841904358
1796.366851,0.9999827691484529
1796.848968,0.9999844291212274
1797.331085,0.9999857921009332
1797.813201,0.9999869130856344
1798.295318,0.9999878480738352
1798.777435,0.9999886410645132
1799.259552,0.9999893110571272
1799.741668,0.9999899310506922
1800.223785,0.9999905363447806
1800.705902,0.9999910831397555
1801.188018,0.9999916907345221
1801.670135,0.9999923129295457
1802.152252,0.9999927406263494
1802.634368,0.9999930079244447
1803.116485,0.9999932315229062
1803.598602,0.9999934600213858
1804.080719,0.9999937103197801
1804.562835,0.999994040817756
1805.044952,0.9999943908157315
1805.527069,0.9999946120145152
1806.009185,0.9999946630142418
1806.491302,0.999994619314476
1806.973419,0.999994619314476
1807.455536,0.9999948040134992
1807.937652,0.9999950397123023
1808.419769,0.9999952147114495
1808.901886,0.9999954310104379
1809.384002,0.9999957105091999
1809.866119,0.999995819808737
1810.348236,1.0
1810.830352,1.0
1811.312469,1.0
1811.794586,1.0
1812.276703,1.0
1812.758819,1.0
1813.240936,1.0
1813.723053,1.0
1814.205169,1.0
1814.687286,1.0
1815.169403,1.0
1815.651519,1.0
1816.133636,1.0
1816.615753,1.0
1817.09787,1.0
1817.579986,1.0
1818.062103,1.0
1818.54422,1.0
1819.026336,1.0
1819.508453,1.0
1819.99057,1.0
1820.472687,1.0
1820.954803,1.0
1821.43692,1.0
1821.919037,1.0
1822.401153,1.0
1822.88327,1.0
1823.365387,1.0
1823.847503,1.0
1824.32962,1.0
1824.811737,1.0
1825.293854,1.0
1825.77597,1.0
1826.258087,1.0
1826.740204,1.0
1827.22232,1.0
1827.704437,1.0
1828.186554,1.0
1828.66867,1.0
1829.150787,1.0
1829.632904,1.0
1830.115021,1.0
1830.597137,1.0
1831.079254,1.0
1831.561371,1.0
1832.043487,1.0
1832.525604,1.0
1833.007721,1.0
1833.489837,1.0
1833.971954,1.0
1834.454071,1.0
1834.936188,1.0
1835.418304,1.0
1835.900421,1.0
1836.382538,1.0
1836.864654,1.0
1837.346771,1.0
1837.828888,1.0
1838.311005,1.0
1838.793121,1.0
1839.275238,1.0
1839.757355,1.0
1840.239471,1.0
1840.721588,1.0
1841.203705,1.0
1841.685821,1.0
1842.167938,1.0
1842.650055,1.0
1843.132172,1.0
1843.614288,1.0
1844.096405,1.0
1844.578522,1.0
1845.060638,1.0
1845.542755,1.0
1846.024872,1.0
1846.506988,1.0
1846.989105,1.0
1847.471222,1.0
1847.953339,1.0
1848.435455,1.0
1848.917572,1.0
1849.399689,1.0
1849.881805,1.0
1850.363922,1.0
1850.846039,1.0
1851.328155,1.0
1851.810272,1.0
1852.292389,1.0
1852.774506,1.0
1853.256622,1.0
1853.738739,1.0
1854.220856,1.0
1854.702972,1.0
1855.185089,1.0
1855.667206,1.0
1856.149323,1.0
1856.631439,1.0
1857.113556,1.0
1857.595673,1.0
1858.077789,1.0
1858.559906,1.0
1859.042023,1.0
1859.524139,1.0
1860.006256,1.0
1860.488373,1.0
1860.97049,1.0
1861.452606,1.0
1861.934723,1.0
1862.41684,1.0
1862.898956,1.0
1863.381073,1.0
1863.86319,1.0
1864.345306,1.0
1864.827423,1.0
1865.30954,1.0
1865.791657,1.0
1866.273773,1.0
1866.75589,1.0
1867.238007,1.0
1867.720123,1.0
1868.20224,1.0
1868.684357,1.0
1869.166473,1.0
1869.64859,1.0
1870.130707,1.0
1870.612824,1.0
1871.09494,1.0
1871.577057,1.0
1872.059174,1.0
1872.54129,1.0
1873.023407,1.0
1873.505524,1.0
1873.987641,1.0
1874.469757,1.0
1874.951874,1.0
1875.433991,1.0
1875.916107,1.0
1876.398224,1.0
1876.880341,1.0
1877.362457,1.0
1877.844574,1.0
1878.326691,1.0
1878.808808,1.0
1879.290924,1.0
1879.773041,1.0
1880.255158,1.0
1880.737274,1.0
1881.219391,1.0
1881.701508,1.0
1882.183624,1.0
1882.665741,1.0
1883.147858,1.0
1883.629975,1.0
1884.112091,1.0
1884.594208,1.0
1885.076325,1.0
1885.558441,1.0
1886.040558,1.0
1886.522675,1.0
1887.004792,1.0
1887.486908,1.0
1887.969025,1.0
1888.451142,1.0
1888.933258,1.0
1889.415375,1.0
1889.897492,1.0
1890.379608,1.0
1890.861725,1.0
1891.343842,1.0
1891.825959,1.0
1892.308075,1.0
1892.790192,1.0
1893.272309,1.0
1893.754425,1.0
1894.236542,1.0
1894.718659,1.0
1895.200775,1.0
1895.682892,1.0
1896.165009,1.0
1896.647126,1.0
1897.129242,1.0
1897.611359,1.0
1898.093476,1.0
1898.575592,1.0
1899.057709,1.0
1899.539826,1.0
1900.021942,1.0
1900.504059,1.0
1900.986176,1.0
1901.468293,1.0
1901.950409,1.0
1902.432526,1.0
1902.914643,1.0
1903.396759,1.0
1903.878876,1.0
1904.360993,1.0
1904.84311,1.0
1905.325226,1.0
1905.807343,1.0
1906.28946,1.0
1906.771576,1.0
1907.253693,1.0
1907.73581,1.0
1908.217926,1.0
1908.700043,1.0
1909.18216,1.0
1909.664277,1.0
1910.146393,1.0
1910.62851,1.0
1911.110627,1.0
1911.592743,1.0
1912.07486,1.0
1912.556977,1.0
1913.039093,1.0
1913.52121,1.0
1914.003327,1.0
1914.485444,1.0
1914.96756,1.0
1915.449677,1.0
1915.931794,1.0
1916.41391,1.0
1916.896027,1.0
1917.378144,1.0
1917.86026,1.0
1918.342377,1.0
1918.824494,1.0
1919.306611,1.0
1919.788727,1.0
1920.270844,1.0
1920.752961,1.0
1921.235077,1.0
1921.717194,1.0
1922.199311,1.0
1922.681428,1.0
1923.163544,1.0
1923.645661,1.0
1924.127778,1.0
1924.609894,1.0
1925.092011,1.0
1925.574128,1.0
1926.056244,1.0
1926.538361,1.0
1927.020478,1.0
1927.502595,1.0
1927.984711,1.0
1928.466828,1.0
1928.948945,1.0
1929.431061,1.0
1929.913178,1.0
1930.395295,1.0
1930.877411,1.0
1931.359528,1.0
1931.841645,1.0
1932.323762,1.0
1932.805878,1.0
1933.287995,1.0
1933.770112,1.0
1934.252228,1.0
1934.734345,1.0
1935.216462,1.0
1935.698579,1.0
1936.180695,1.0
1936.662812,1.0
1937.144929,1.0
1937.627045,1.0
1938.109162,1.0
1938.591279,1.0
1939.073395,1.0
1939.555512,1.0
1940.037629,1.0
1940.519746,1.0
1941.001862,1.0
1941.483979,1.0
1941.966096,1.0
1942.448212,1.0
1942.930329,1.0
1943.412446,1.0
1943.894562,1.0
1944.376679,1.0
1944.858796,1.0
1945.340913,1.0
1945.823029,1.0
1946.305146,1.0
1946.787263,1.0
1947.269379,1.0
1947.751496,1.0
1948.233613,1.0
1948.715729,1.0
1949.197846,1.0
1949.679963,1.0
1950.16208,1.0
1950.644196,1.0
1951.126313,1.0
1951.60843,1.0
1952.090546,1.0
1952.572663,1.0
1953.05478,1.0
1953.536897,1.0
1954.019013,1.0
1954.50113,1.0
1954.983247,1.0
1955.465363,1.0
1955.94748,1.0
1956.429597,1.0
1956.911713,1.0
1957.39383,1.0
1957.875947,1.0
1958.358064,1.0
1958.84018,1.0
1959.322297,1.0
1959.804414,1.0
1960.28653,1.0
1960.768647,1.0
1961.250764,1.0
1961.73288,1.0
1962.214997,1.0
1962.697114,1.0
1963.179231,1.0
1963.661347,1.0
1964.143464,1.0
1964.625581,1.0
1965.107697,1.0
1965.589814,1.0
1966.071931,1.0
1966.554047,1.0
1967.036164,1.0
1967.518281,1.0
1968.000398,1.0
1968.482514,1.0
1968.964631,1.0
1969.446748,1.0
1969.928864,1.0
1970.410981,1.0
1970.893098,1.0
1971.375215,1.0
1971.857331,1.0
1972.339448,1.0
1972.821565,1.0
1973.303681,1.0
1973.785798,1.0
1974.267915,1.0
1974.750031,1.0
1975.232148,1.0
1975.714265,1.0
1976.196382,1.0
1976.678498,1.0
1977.160615,1.0
1977.642732,1.0
1978.124848,1.0
1978.606965,1.0
1979.089082,1.0
1979.571198,1.0
1980.053315,1.0
1980.535432,1.0
1981.017549,1.0
1981.499665,1.0
1981.981782,1.0
1982.463899,1.0
1982.946015,1.0
1983.428132,1.0
1983.910249,1.0
1984.392366,1.0
1984.874482,1.0
1985.356599,1.0
1985.838716,1.0
1986.320832,1.0
1986.802949,1.0
1987.285066,1.0
1987.767182,1.0
1988.249299,1.0
1988.731416,1.0
1989.213533,1.0
1989.695649,1.0
1990.177766,1.0
1990.659883,1.0
1991.141999,1.0
1991.624116,1.0
1992.106233,1.0
1992.588349,1.0
1993.070466,1.0
1993.552583,1.0
1994.0347,1.0
1994.516816,1.0
1994.998933,1.0
1995.48105,1.0
1995.963166,1.0
1996.445283,1.0
1996.9274,1.0
1997.409516,1.0
1997.891633,1.0
1998.37375,1.0
1998.855867,1.0
1999.337983,1.0
1999.8201,1.0
