nu,[0]Chloromethanol-HITRAN(x-sec)-X=0.01-T=295.0K-P=0.9211atm-L=15cm
657.1251,0.9056919878520773
657.607217,0.9027406284425245
658.089333,0.8975378381587802
658.57145,0.8941515492486335
659.053567,0.88763025695677
659.535683,0.8815795828948272
660.0178,0.8767179027365962
660.499916,0.8704978409658516
660.982033,0.8609834470504633
661.46415,0.8547040588176851
661.946266,0.8507984648655564
662.428383,0.8477665295706299
662.9105,0.8379724960344084
663.392616,0.8286975728466155
663.874733,0.8226207488543251
664.35685,0.8194023876280374
664.838966,0.8116955074274539
665.321083,0.8019091153847526
665.803199,0.7913934710013175
666.285316,0.7857787615728606
666.767433,0.7797592974000501
667.249549,0.7857787615728606
667.731666,0.851564528160709
668.213783,0.8467159505675584
668.695899,0.784247985979062
669.178016,0.7497915833025481
669.660133,0.7285565726597
670.142249,0.7119981257124218
670.624366,0.6999334639194916
671.106482,0.697292709595893
671.588599,0.6918057990233248
672.070716,0.6814175624631659
672.552832,0.6788466661322861
673.034949,0.6802533341302718
673.517066,0.6732692197376156
673.999182,0.6741989726428063
674.481299,0.6767522674463674
674.963416,0.668198495923238
675.445532,0.664766119624466
675.927649,0.6744282392666223
676.409765,0.6661369493006878
676.891882,0.6565870479801025
677.373999,0.6652183143145807
677.856115,0.6670501823430265
678.338232,0.6451773749947958
678.820349,0.6328828152267437
679.302465,0.6407601968087301
679.784582,0.6465142753755555
680.266699,0.6595285614693832
680.748815,0.6748937553362909
681.230932,0.6620262971781739
681.713048,0.6491834088294406
682.195165,0.6302743992863972
682.677282,0.551397121915903
683.159398,0.5011499105503768
683.641515,0.5536791010727513
684.123632,0.6387833036734494
684.605748,0.6538874742828766
685.087865,0.652763754503155
685.569982,0.6440750644276951
686.052098,0.594710824988244
686.534215,0.522432233607217
687.016331,0.475152249994912
687.498448,0.5265757937653954
687.980565,0.5799751622880056
688.462681,0.5955261371798075
688.944798,0.5975782747446367
689.426915,0.5795751174573652
689.909031,0.5681328481615873
690.391148,0.5634650333754788
690.873265,0.5457414228159514
691.355381,0.5320381934596731
691.837498,0.5320381934596731
692.319614,0.5283903337152842
692.801731,0.5201021730879775
693.283848,0.5271237174618474
693.765964,0.5307575252384958
694.248081,0.5165413167056406
694.730198,0.5008042363833993
695.212314,0.4944792946896188
695.694431,0.492613691167722
696.176548,0.5047813064689254
696.658664,0.5110642310022526
697.140781,0.5167169706127926
697.622897,0.5233315902740334
698.105014,0.5217117743560592
698.587131,0.5300308852909357
699.069247,0.5628849631785365
699.551364,0.589217437274767
700.033481,0.5708778586505748
700.515597,0.4961782707486555
700.997714,0.4769517243638164
701.479831,0.541631173976351
701.961947,0.5973691589458755
702.444064,0.6178373771024696
702.92618,0.6255274907506116
703.408297,0.6272500587956612
703.890414,0.624452508216519
704.37253,0.6261721159910935
704.854647,0.6300601424163716
705.336764,0.6307094386932399
705.81888,0.6287635544670984
706.300997,0.6315804185565178
706.783114,0.6363732606365411
707.26523,0.6370290627751196
707.747347,0.6333133218967768
708.229463,0.6374687645080872
708.71158,0.6498524122181346
709.193697,0.6638493750786082
709.675813,0.6732692197376156
710.15793,0.6800152871239824
710.640047,0.6849427642844604
711.122163,0.6774496813883601
711.60428,0.6665967424060844
712.086397,0.6802533341302718
712.568513,0.7042794891323011
713.05063,0.7259094474259228
713.532746,0.7459923004084033
714.014863,0.7628148024728024
714.49698,0.7739871558802972
714.979096,0.7833544526857926
715.461213,0.7955671678585088
715.94333,0.8101061423195106
716.425446,0.8195171119928235
716.907563,0.8256535701787067
717.38968,0.8338681355296099
717.871796,0.8444497898317959
718.353913,0.8520585788478916
718.836029,0.8573148856841158
719.318146,0.8612503932935788
719.800263,0.8672482595457145
720.282379,0.8747300102090205
720.764496,0.8824880776596943
721.246613,0.8860782623984161
721.728729,0.8894695546049692
722.210846,0.895663942979604
722.692963,0.901279372561288
723.175079,0.904755986332818
723.657196,0.9056611948479742
724.139312,0.9076240753862977
724.621429,0.9131939403230618
725.103546,0.9184186009263868
725.585662,0.9207258063750094
726.067779,0.9216442277609497
726.549896,0.9253585453305883
727.032012,0.9306844460765631
727.514129,0.9340493545675318
727.996246,0.933953152438506
728.478362,0.9355918081768517
728.960479,0.9410095412207198
729.442595,0.945581686108884
729.924712,0.9469802891540012
730.406829,0.9484786491326133
730.888945,0.9526601972821398
731.371062,0.9579133058917266
731.853179,0.9599241577354616
732.335295,0.9608816793659413
732.817412,0.9634275389764444
733.299529,0.9665686049273423
733.781645,0.9699730416347894
734.263762,0.9739425116774033
734.745878,0.9718721656420123
735.227995,0.9685172357101953
735.710112,0.9638582873514564
736.192228,0.9668344478454232
736.674345,0.9755166996483959
737.156462,0.9791514007918815
737.638578,0.9795519556226845
738.120695,0.9598579252536248
738.602812,0.9324460354218838
739.084928,0.9549550573263865
739.567045,0.9839826639717196
740.049161,0.9857327556615375
740.531278,0.9846145836665069
741.013395,0.982414462595744
741.495511,0.9799928531972287
741.977628,0.9760231242213225
742.459745,0.9731928645945774
742.941861,0.97389478966353
743.423978,0.9743974490499652
743.906095,0.972667482313679
744.388211,0.9711279966162545
744.870328,0.9686044061840218
745.352444,0.9677359575890996
745.834561,0.9695366519610944
746.316678,0.9723329422439541
746.798794,0.9694271005091964
747.280911,0.9615093400114646
747.763028,0.9619719372497271
748.245144,0.9729680830061291
748.727261,0.9774432940572108
749.209378,0.9701971312887656
749.691494,0.9608153808173913
750.173611,0.9716486607479627
750.655727,0.9840298962731564
751.137844,0.9874277000761271
751.619961,0.9896806140249389
752.102077,0.9930743933189563
752.584194,0.9950252154339277
753.066311,0.9961886815815489
753.548427,0.9965106021480349
754.030544,0.9984143584600336
754.512661,1.0
754.994777,1.0
755.476894,1.0
755.95901,1.0
756.441127,1.0
756.923244,1.0
757.40536,1.0
757.887477,1.0
758.369594,1.0
758.85171,1.0
759.333827,1.0
759.815943,1.0
760.29806,1.0
760.780177,1.0
761.262293,1.0
761.74441,1.0
762.226527,1.0
762.708643,1.0
763.19076,1.0
763.672877,1.0
764.154993,1.0
764.63711,1.0
765.119226,1.0
765.601343,1.0
766.08346,1.0
766.565576,1.0
767.047693,1.0
767.52981,1.0
768.011926,1.0
768.494043,1.0
768.97616,1.0
769.458276,1.0
769.940393,1.0
770.422509,1.0
770.904626,1.0
771.386743,1.0
771.868859,1.0
772.350976,1.0
772.833093,1.0
773.315209,1.0
773.797326,1.0
774.279443,1.0
774.761559,1.0
775.243676,1.0
775.725792,1.0
776.207909,1.0
776.690026,1.0
777.172142,1.0
777.654259,1.0
778.136376,1.0
778.618492,1.0
779.100609,1.0
779.582726,1.0
780.064842,1.0
780.546959,1.0
781.029075,1.0
781.511192,1.0
781.993309,1.0
782.475425,1.0
782.957542,1.0
783.439659,1.0
783.921775,1.0
784.403892,1.0
784.886009,1.0
785.368125,1.0
785.850242,1.0
786.332358,1.0
786.814475,1.0
787.296592,1.0
787.778708,1.0
788.260825,1.0
788.742942,1.0
789.225058,1.0
789.707175,1.0
790.189292,1.0
790.671408,1.0
791.153525,1.0
791.635641,1.0
792.117758,1.0
792.599875,1.0
793.081991,1.0
793.564108,1.0
794.046225,1.0
794.528341,1.0
795.010458,1.0
795.492575,1.0
795.974691,1.0
796.456808,1.0
796.938924,1.0
797.421041,1.0
797.903158,1.0
798.385274,1.0
798.867391,1.0
799.349508,1.0
799.831624,1.0
800.313741,1.0
800.795858,1.0
801.277974,1.0
801.760091,1.0
802.242207,1.0
802.724324,1.0
803.206441,1.0
803.688557,1.0
804.170674,1.0
804.652791,1.0
805.134907,1.0
805.617024,1.0
806.099141,1.0
806.581257,1.0
807.063374,1.0
807.54549,1.0
808.027607,1.0
808.509724,1.0
808.99184,1.0
809.473957,1.0
809.956074,0.9999640486462654
810.43819,0.9953296402067241
810.920307,0.9925624961401941
811.402424,0.9968316299117326
811.88454,1.0
812.366657,1.0
812.848773,1.0
813.33089,1.0
813.813007,1.0
814.295123,1.0
814.77724,1.0
815.259357,1.0
815.741473,1.0
816.22359,1.0
816.705707,1.0
817.187823,1.0
817.66994,1.0
818.152056,1.0
818.634173,1.0
819.11629,1.0
819.598406,1.0
820.080523,1.0
820.56264,1.0
821.044756,1.0
821.526873,1.0
822.00899,1.0
822.491106,1.0
822.973223,1.0
823.455339,1.0
823.937456,1.0
824.419573,1.0
824.901689,1.0
825.383806,1.0
825.865923,1.0
826.348039,1.0
826.830156,0.9994299525388268
827.312273,0.9997354849902657
827.794389,0.999827814825569
828.276506,0.9995560285844891
828.758622,0.998787136114667
829.240739,0.9983543555601954
829.722856,0.9977951342952422
830.204972,0.9984572912004946
830.687089,0.9980805445153668
831.169206,0.9971719066119372
831.651322,0.99665819629729
832.133439,0.9961441529427048
832.615556,0.9948987557657283
833.097672,0.9953467600237657
833.579789,0.9958292219547574
834.061905,0.994844037838918
834.544022,0.9941364580573528
835.026139,0.99564789796349
835.508255,0.9961921682480361
835.990372,0.9960757201900895
836.472489,0.9969699997446086
836.954605,0.9981611926815056
837.436722,0.9990274432401857
837.918839,1.0
838.400955,1.0
838.883072,1.0
839.365188,1.0
839.847305,1.0
840.329422,1.0
840.811538,1.0
841.293655,1.0
841.775772,1.0
842.257888,1.0
842.740005,1.0
843.222122,1.0
843.704238,1.0
844.186355,1.0
844.668471,1.0
845.150588,1.0
845.632705,1.0
846.114821,1.0
846.596938,1.0
847.079055,1.0
847.561171,1.0
848.043288,1.0
848.525405,1.0
849.007521,1.0
849.489638,1.0
849.971754,1.0
850.453871,1.0
850.935988,1.0
851.418104,0.9986577016893584
851.900221,0.9959387691941601
852.382338,0.9968374115519528
852.864454,0.9972530797088357
853.346571,0.9982078078976607
853.828688,1.0
854.310804,1.0
854.792921,1.0
855.275037,1.0
855.757154,1.0
856.239271,1.0
856.721387,1.0
857.203504,1.0
857.685621,1.0
858.167737,1.0
858.649854,1.0
859.131971,1.0
859.614087,1.0
860.096204,0.99943475980846
860.57832,0.997057437847691
861.060437,0.9955896542651038
861.542554,0.9960243240089606
862.02467,0.9966130487035985
862.506787,0.996836713766009
862.988904,0.9983684324558506
863.47102,1.0
863.953137,1.0
864.435254,1.0
864.91737,1.0
865.399487,1.0
865.881603,1.0
866.36372,1.0
866.845837,1.0
867.327953,1.0
867.81007,1.0
868.292187,1.0
868.774303,1.0
869.25642,1.0
869.738537,1.0
870.220653,1.0
870.70277,1.0
871.184886,1.0
871.667003,1.0
872.14912,1.0
872.631236,1.0
873.113353,1.0
873.59547,1.0
874.077586,1.0
874.559703,1.0
875.04182,1.0
875.523936,1.0
876.006053,1.0
876.488169,1.0
876.970286,1.0
877.452403,1.0
877.934519,1.0
878.416636,1.0
878.898753,1.0
879.380869,1.0
879.862986,1.0
880.345103,1.0
880.827219,1.0
881.309336,1.0
881.791452,1.0
882.273569,1.0
882.755686,1.0
883.237802,1.0
883.719919,1.0
884.202036,1.0
884.684152,1.0
885.166269,1.0
885.648386,1.0
886.130502,1.0
886.612619,1.0
887.094735,1.0
887.576852,1.0
888.058969,1.0
888.541085,1.0
889.023202,1.0
889.505319,1.0
889.987435,1.0
890.469552,1.0
890.951669,1.0
891.433785,1.0
891.915902,1.0
892.398018,1.0
892.880135,1.0
893.362252,1.0
893.844368,1.0
894.326485,1.0
894.808602,1.0
895.290718,1.0
895.772835,1.0
896.254952,1.0
896.737068,1.0
897.219185,1.0
897.701301,1.0
898.183418,1.0
898.665535,1.0
899.147651,1.0
899.629768,1.0
900.111885,1.0
900.594001,1.0
901.076118,1.0
901.558235,1.0
902.040351,1.0
902.522468,1.0
903.004584,0.9999169644476423
903.486701,0.9989945058483579
903.968818,0.9975691592899598
904.450934,0.9984775600892345
904.933051,0.9981008057560713
905.415168,0.9959764163911632
905.897284,0.9940954010694677
906.379401,0.9944713396073139
906.861518,0.9933952081568055
907.343634,0.991716796356938
907.825751,0.992163466990683
908.307867,0.9920474898603872
908.789984,0.9908037465854403
909.272101,0.989697438738387
909.754217,0.9889801681373125
910.236334,0.9880865340487821
910.718451,0.9873299495725494
911.200567,0.9877881769696859
911.682684,0.9869765487131307
912.164801,0.9856982556188436
912.646917,0.9858303480350908
913.129034,0.9857258555563982
913.61115,0.9840230080879911
914.093267,0.9842897144602643
914.575384,0.9850754911355981
915.0575,0.98532277611684
915.539617,0.9864200508867951
916.021734,0.9882703352370957
916.50385,0.9875057099457824
916.985967,0.9876489086553801
917.468084,0.9888980861898051
917.9502,0.9885045830638179
918.432317,0.9874207881064185
918.914433,0.9887527288551611
919.39655,0.9897726586020498
919.878667,0.9884057375478698
920.360783,0.985339526746414
920.8429,0.9814825935125575
921.325017,0.9747258763271829
921.807133,0.9641561655820645
922.28925,0.964653798541767
922.771367,0.9723134957795745
923.253483,0.9757518275047798
923.7356,0.9790035600926156
924.217716,0.9802790528934845
924.699833,0.9778460836633236
925.18195,0.9747054072987056
925.664066,0.9742366867341277
926.146183,0.9724836655307549
926.6283,0.9707968984248583
927.110416,0.9693466413989534
927.592533,0.9662129731209949
928.07465,0.96375901506047
928.556766,0.9629969831029288
929.038883,0.9604522612373665
929.520999,0.9566630876844229
930.003116,0.9539051842993547
930.485233,0.9519078929256338
930.967349,0.9486418014909647
931.449466,0.9453216868967343
931.931583,0.9419481955747597
932.413699,0.9395229805718884
932.895816,0.9381682266009911
933.377933,0.9360101111988671
933.860049,0.9301094607776452
934.342166,0.9251355607918798
934.824282,0.9239595364685877
935.306399,0.9225321986416395
935.788516,0.9165267729162682
936.270632,0.9106241822888652
936.752749,0.9077175654807197
937.234866,0.9053804833900955
937.716982,0.9020548062103673
938.199099,0.8966497153923099
938.681216,0.8904128922134552
939.163332,0.8879676205494366
939.645449,0.8873285139686194
940.127565,0.8834063426755022
940.609682,0.8745201001967794
941.091799,0.8713077805214668
941.573915,0.8708896531454148
942.056032,0.8707677371282948
942.538149,0.8659916608236132
943.020265,0.8586447541387279
943.502382,0.8559956368424979
943.984499,0.8573748998265843
944.466615,0.8593233515051645
944.948732,0.8534058955023416
945.430848,0.846546624310635
945.912965,0.8483177569443394
946.395082,0.8520330174739488
946.877198,0.8537900145756271
947.359315,0.8474190165385456
947.841432,0.8437238752005725
948.323548,0.8439854701470064
948.805665,0.8486401789482793
949.287782,0.8503901795987241
949.769898,0.8449143649626532
950.252015,0.8444497898317959
950.734131,0.8455567439531213
951.216248,0.8459288707823595
951.698365,0.8525273399637482
952.180481,0.8648925494977889
952.662598,0.8620431082483753
953.144715,0.8388360523604862
953.626831,0.8437238752005725
954.108948,0.8615088071717104
954.591065,0.8658184798101272
955.073181,0.8787718247805868
955.555298,0.8909651193793593
956.037414,0.89701741714933
956.519531,0.8963090532303708
957.001648,0.8856530468923505
957.483764,0.8564066133746593
957.965881,0.8146310236280146
958.447998,0.7945812759496733
958.930114,0.8273561696085917
959.412231,0.8429985845875656
959.894348,0.8300079499370125
960.376464,0.8646850001928222
960.858581,0.8865657394866461
961.340697,0.8827970025455766
961.822814,0.8778320418016284
962.304931,0.8708286930033244
962.787047,0.8598820932550392
963.269164,0.85352538069148
963.751281,0.8480548191971432
964.233397,0.8422486496178462
964.715514,0.8387773358919214
965.19763,0.8332929649727565
965.679747,0.8250840657169177
966.161864,0.8216917124125664
966.64398,0.8223986712339623
967.126097,0.8229910114941553
967.608214,0.8177733982586601
968.09033,0.8186406976482827
968.572447,0.8238061760354038
969.054564,0.8280431602910611
969.53668,0.8282419144990819
970.018797,0.8316363608402657
970.500913,0.8390961318469555
970.98303,0.8482923077933703
971.465147,0.855790222540358
971.947263,0.8563466670098704
972.42938,0.8597961093449809
972.911497,0.8711335363903564
973.393613,0.8816765619826977
973.87573,0.8860782623984161
974.357847,0.886991393190316
974.839963,0.8947418840601962
975.32208,0.9051315379887247
975.804196,0.913445103189962
976.286313,0.9139787109285187
976.76843,0.9162747627067082
977.250546,0.9259305936563286
977.732663,0.9395229805718884
978.21478,0.9439576274687832
978.696896,0.9413333041869372
979.179013,0.9459391835489926
979.66113,0.958210305049044
980.143246,0.9648197332650933
980.625363,0.9605838522109319
981.107479,0.9595287504419703
981.589596,0.9686576808914029
982.071713,0.9764360693346023
982.553829,0.9748759956710301
983.035946,0.9710541936930582
983.518063,0.9766811855488032
984.000179,0.9866005822742255
984.482296,0.9875224976855469
984.964413,0.9800800764425401
985.446529,0.9823024737304947
985.928646,0.9915089542990301
986.410762,0.996513990289842
986.892879,0.9897795870349094
987.374996,0.988902041790061
987.857112,0.9965551471675247
988.339229,1.0
988.821346,0.9991764792794705
989.303462,0.9957163013237085
989.785579,1.0
990.267696,1.0
990.749812,1.0
991.231929,1.0
991.714045,1.0
992.196162,1.0
992.678279,1.0
993.160395,1.0
993.642512,1.0
994.124629,1.0
994.606745,1.0
995.088862,1.0
995.570979,1.0
996.053095,1.0
996.535212,1.0
997.017328,1.0
997.499445,1.0
997.981562,1.0
998.463678,1.0
998.945795,1.0
999.427912,1.0
999.910028,1.0
1000.392145,1.0
1000.874262,1.0
1001.356378,1.0
1001.838495,1.0
1002.320611,1.0
1002.802728,1.0
1003.284845,1.0
1003.766961,1.0
1004.249078,1.0
1004.731195,1.0
1005.213311,1.0
1005.695428,1.0
1006.177545,1.0
1006.659661,1.0
1007.141778,1.0
1007.623894,1.0
1008.106011,1.0
1008.588128,1.0
1009.070244,1.0
1009.552361,1.0
1010.034478,1.0
1010.516594,1.0
1010.998711,1.0
1011.480828,1.0
1011.962944,1.0
1012.445061,1.0
1012.927177,1.0
1013.409294,1.0
1013.891411,1.0
1014.373527,1.0
1014.855644,1.0
1015.337761,1.0
1015.819877,1.0
1016.301994,1.0
1016.784111,1.0
1017.266227,1.0
1017.748344,1.0
1018.23046,1.0
1018.712577,1.0
1019.194694,1.0
1019.67681,1.0
1020.158927,1.0
1020.641044,1.0
1021.12316,1.0
1021.605277,1.0
1022.087394,1.0
1022.56951,1.0
1023.051627,1.0
1023.533743,1.0
1024.01586,1.0
1024.497977,1.0
1024.980093,1.0
1025.46221,1.0
1025.944327,1.0
1026.426443,1.0
1026.90856,1.0
1027.390677,1.0
1027.872793,1.0
1028.35491,0.9975242696878155
1028.837026,1.0
1029.319143,1.0
1029.80126,1.0
1030.283376,1.0
1030.765493,1.0
1031.24761,1.0
1031.729726,1.0
1032.211843,1.0
1032.69396,1.0
1033.176076,1.0
1033.658193,1.0
1034.140309,0.9916826818859156
1034.622426,0.9848253137347247
1035.104543,0.9747629166142443
1035.586659,0.9674756716265397
1036.068776,0.9632618436899436
1036.550893,0.9594951675234092
1037.033009,0.953446466236245
1037.515126,0.9482178533651634
1037.997243,0.9459391835489926
1038.479359,0.9478263202488774
1038.961476,0.938942534746129
1039.443592,0.9354636408787919
1039.925709,0.9367826381641626
1040.407826,0.9337925263105296
1040.889942,0.9294697655490218
1041.372059,0.9314851789659796
1041.854176,0.9298853314062718
1042.336292,0.9233887058798699
1042.818409,0.923071114793846
1043.300526,0.9263130819699087
1043.782642,0.9176621357056962
1044.264759,0.9147330544889679
1044.746875,0.9183561505848595
1045.228992,0.9117194106563594
1045.711109,0.9036076755618574
1046.193225,0.9070624299308354
1046.675342,0.8985616147360552
1047.157459,0.8940621385643173
1047.639575,0.8945271717745267
1048.121692,0.8827616913717029
1048.603809,0.8721533591078866
1049.085925,0.8742490409820673
1049.568042,0.8611556609606903
1050.050158,0.8429395767519429
1050.532275,0.8368252597511326
1051.014392,0.8296345303852415
1051.496508,0.8209278943504739
1051.978625,0.8152992950212155
1052.460742,0.7944144314010146
1052.942858,0.7794864294006455
1053.424975,0.7726570421978672
1053.907092,0.756918267749906
1054.389208,0.7360037979561992
1054.871325,0.7205647495916849
1055.353441,0.7013838267974954
1055.835558,0.6910936058927568
1056.317675,0.6723474724476376
1056.799791,0.6465142753755555
1057.281908,0.6287635544670984
1057.764025,0.6144485992101498
1058.246141,0.5945027126212868
1058.728258,0.5726445994425775
1059.210375,0.5427480842173137
1059.692491,0.5222546368409516
1060.174608,0.5073876357345712
1060.656724,0.4858866075999633
1061.138841,0.4609941158268631
1061.620958,0.43722821022567815
1062.103074,0.4191275458550234
1062.585191,0.40330184594978963
1063.067308,0.3809336751425396
1063.549424,0.36041468776984786
1064.031541,0.3398673107650079
1064.513658,0.324684934228402
1064.995774,0.31058427418201723
1065.477891,0.29487610320442476
1065.960007,0.2740622523615218
1066.442124,0.2590329513721408
1066.924241,0.2515785530597565
1067.406357,0.2410863767388803
1067.888474,0.22330873569724405
1068.370591,0.2120146294184871
1068.852707,0.207401240916636
1069.334824,0.20266518430406139
1069.816941,0.19268472018218757
1070.299057,0.1838196803468885
1070.781174,0.17976586945846781
1071.26329,0.18111918205800775
1071.745407,0.177000981716993
1072.227524,0.1704863575209129
1072.70964,0.16649333506541383
1073.191757,0.16892507593922018
1073.673874,0.16909408550585855
1074.15599,0.16158887145905454
1074.638107,0.1520569739117025
1075.120224,0.15856352140307906
1075.60234,0.1602692605121842
1076.084457,0.14204661508569985
1076.566573,0.11068134189947307
1077.04869,0.11214080609735771
1077.530807,0.13120425127322136
1078.012923,0.15533052703283803
1078.49504,0.17852975446023064
1078.977157,0.18262872721545542
1079.459273,0.1756608731189994
1079.94139,0.1443665106684137
1080.423507,0.10512554251883362
1080.905623,0.1309813935288112
1081.38774,0.20839915996274266
1081.869856,0.2428284626348211
1082.351973,0.2539291469227945
1082.83409,0.2510758987754727
1083.316206,0.23567536334040942
1083.798323,0.20576922605990708
1084.28044,0.1554859352510293
1084.762556,0.10028892588801973
1085.244673,0.09073609869455042
1085.72679,0.14646042844727247
1086.208906,0.2010101248105312
1086.691023,0.17810179680413307
1087.173139,0.14451094938640457
1087.655256,0.14031014291650398
1088.137373,0.15210259784712413
1088.619489,0.1609759989427808
1089.101606,0.16181525431011712
1089.583723,0.15378496246503195
1090.065839,0.1452643635022226
1090.547956,0.13701018676080387
1091.030073,0.13079814787975536
1091.512189,0.12760700646227058
1091.994306,0.1257323295944279
1092.476422,0.12223620494256622
1092.958539,0.12032005038769324
1093.440656,0.1224074554768889
1093.922772,0.12642576259993424
1094.404889,0.12690709444912493
1094.887006,0.1282209924808815
1095.369122,0.13192786276271715
1095.851239,0.13948475037561703
1096.333356,0.1471651284307563
1096.815472,0.15310979508768566
1097.297589,0.1594380234469438
1097.779705,0.16921249280343187
1098.261822,0.18687786571967177
1098.743939,0.2029491142666857
1099.226055,0.21178154154795856
1099.708172,0.2252149498839802
1100.190289,0.2475605699112493
1100.672405,0.27060367023910875
1101.154522,0.28736560181259563
1101.636639,0.3018575686032152
1102.118755,0.3185741566960709
1102.600872,0.33996928625379597
1103.082988,0.3555106757324521
1103.565105,0.3654228875597436
1104.047222,0.39101865857291823
1104.529338,0.43259211181129004
1105.011455,0.466895413666275
1105.493572,0.48957383049447184
1105.975688,0.5047813064689254
1106.457805,0.5215344225043014
1106.939922,0.5472442772063708
1107.422038,0.5698967926922854
1107.904155,0.5762002629383907
1108.386271,0.5777869944172834
1108.868388,0.5981940974618792
1109.350505,0.6274633600748144
1109.832621,0.6451773749947958
1110.314738,0.6536651903320335
1110.796855,0.6656774733431055
1111.278971,0.6889545329905283
1111.761088,0.705731800246776
1112.243205,0.7117489699732202
1112.725321,0.7144444723697145
1113.207438,0.7282287959572925
1113.689554,0.7437874280201796
1114.171671,0.755277535946732
1114.653788,0.75769829521087
1115.135904,0.7608797114804511
1115.618021,0.7723403177435161
1116.100138,0.7867301293357856
1116.582254,0.7933506289697465
1117.064371,0.7964985261832785
1117.546488,0.8063882118608442
1118.028604,0.8170132225347809
1118.510721,0.8248283292977385
1118.992837,0.8294603254260214
1119.474954,0.8367917874101939
1119.957071,0.8470970584881647
1120.439187,0.8551400690608436
1120.921304,0.8609834470504633
1121.403421,0.8646244743612376
1121.885537,0.8743714444158452
1122.367654,0.8834946877269487
1122.849771,0.8903238553761499
1123.331887,0.8927399052932143
1123.814004,0.8996405358969646
1124.29612,0.9074679774701369
1124.778237,0.9121270403313678
1125.260354,0.9150788889421586
1125.74247,0.9193034640322816
1126.224587,0.9243412105674256
1126.706704,0.929151012088782
1127.18882,0.9333761477031266
1127.670937,0.9364604403578342
1128.153054,0.938942534746129
1128.63517,0.9421422568906774
1129.117287,0.9447045933381655
1129.599403,0.9471100343409576
1130.08152,0.9489017649579418
1130.563637,0.9528240689286299
1131.045753,0.9551852292298025
1131.52787,0.9571233533146092
1132.009987,0.9582428847532675
1132.492103,0.9603197279703215
1132.97422,0.9620383156034241
1133.456337,0.9643220147051603
1133.938453,0.9660477648283028
1134.42057,0.9662699813681357
1134.902686,0.9678917756212865
1135.384803,0.9710007871810977
1135.86692,0.9724301804000053
1136.349036,0.9732230340410039
1136.831153,0.9736445308622199
1137.31327,0.9753489252050721
1137.795386,0.9760260522950873
1138.277503,0.9776720425505501
1138.75962,0.9782196922219745
1139.241736,0.9778627071880454
1139.723853,0.9790877580192425
1140.205969,0.9815571890242579
1140.688086,0.9822897038813404
1141.170203,0.9838872222823112
1141.652319,0.9838911578390713
1142.134436,0.9838468837331434
1142.616553,0.9847908454519424
1143.098669,0.986216869284736
1143.580786,0.9853602190937446
1144.062903,0.9847839519401516
1144.545019,0.9861833384812072
1145.027136,0.9885283074585031
1145.509252,0.9886637451138924
1145.991369,0.9870515617812933
1146.473486,0.9862237728269833
1146.955602,0.9876726125136329
1147.437719,0.9899835026324241
1147.919836,0.9909059037178231
1148.401952,0.9882831828349631
1148.884069,0.9864575355609331
1149.366186,0.9876795262461187
1149.848302,0.9900888424810848
1150.330419,0.9889732453003656
1150.812535,0.9863224001355493
1151.294652,0.9841174788312907
1151.776769,0.9849533493476447
1152.258885,0.9871966690259963
1152.741002,0.9863796084937835
1153.223119,0.98191159513595
1153.705235,0.9804643431438584
1154.187352,0.9821404071931862
1154.669469,0.9832823176678424
1155.151585,0.9801006583402546
1155.633702,0.9753391717645874
1156.115818,0.9732658567965954
1156.597935,0.975027113161662
1157.080052,0.9751548500800717
1157.562168,0.9707803950178645
1158.044285,0.9652511040900595
1158.526402,0.9638582873514564
1159.008518,0.9650513177901083
1159.490635,0.9640568626112004
1159.972752,0.9578481700015714
1160.454868,0.9527583263360193
1160.936985,0.9520383132405522
1161.419101,0.9529222148621583
1161.901218,0.9509593137017047
1162.383335,0.9447367138403845
1162.865451,0.9393942747401008
1163.347568,0.9400398603401096
1163.829685,0.941463217146703
1164.311801,0.9390711786852979
1164.793918,0.9330233981931524
1165.276035,0.9299178779624325
1165.758151,0.9318373469191786
1166.240268,0.9336001848619591
1166.722384,0.9301410850369211
1167.204501,0.9254214718511481
1167.686618,0.9262806615793999
1168.168734,0.930428543042172
1168.650851,0.931293312782008
1169.132968,0.9287998593782559
1169.615084,0.9284804071755589
1170.097201,0.933407883031646
1170.579317,0.9366215254064928
1171.061434,0.9369756352656434
1171.543551,0.9381034952266137
1172.025667,0.9421102245984951
1172.507784,0.9451591055489849
1172.989901,0.9482178533651634
1173.472017,0.951351189659854
1173.954134,0.9519402583442023
1174.436251,0.9506322399577007
1174.918367,0.9522677821239329
1175.400484,0.9504364298853993
1175.8826,0.9397813849205152
1176.364717,0.9215493032941843
1176.846834,0.9096230464140265
1177.32895,0.9232926784479715
1177.811067,0.9555463574953936
1178.293184,0.9739016069509182
1178.7753,0.975673770480902
1179.257417,0.973550091923089
1179.739534,0.9690306858974023
1180.22165,0.9623683513435698
1180.703767,0.95906636902713
1181.185883,0.9568936712727611
1181.668,0.9517441788478649
1182.150117,0.9466223982503432
1182.632233,0.9407188141921217
1183.11435,0.9375876801663835
1183.596467,0.9397494328966154
1184.078583,0.9391679079981765
1184.5607,0.9342427227968485
1185.042817,0.9294381641142206
1185.524933,0.9308128893925066
1186.00705,0.9340820468670535
1186.489166,0.9327342057668545
1186.971283,0.9272046239176847
1187.4534,0.9262806615793999
1187.935516,0.9315811268806459
1188.417633,0.9345314484040017
1188.89975,0.9311005550173791
1189.381866,0.9270451584367952
1189.863983,0.9306844460765631
1190.3461,0.9374911136085895
1190.828216,0.9393942747401008
1191.310333,0.9350455820744229
1191.792449,0.9354636408787919
1192.274566,0.9426605776571121
1192.756683,0.9483155248340542
1193.238799,0.9471753871879744
1193.720916,0.9445090597257716
1194.203033,0.9485108979549106
1194.685149,0.9555463574953936
1195.167266,0.9597590649787152
1195.649383,0.9569596992140167
1196.131499,0.9555788466238605
1196.613616,0.961839194281862
1197.095732,0.9678685464974222
1197.577849,0.9671371143924424
1198.059966,0.9644878923567587
1198.542082,0.9682112326147463
1199.024199,0.9742162279785239
1199.506316,0.9753186898570411
1199.988432,0.9733962831597773
1200.470549,0.9745075621829826
1200.952666,0.9790574067691907
1201.434782,0.9823741844284857
1201.916899,0.9814560938402799
1202.399015,0.980609462605219
1202.881132,0.9834111360888791
1203.363249,0.9871394132796255
1203.845365,0.9876182920137722
1204.327482,0.9856952985285125
1204.809599,0.9867633848011399
1205.291715,0.9895885780075758
1205.773832,0.9907015999849151
1206.255949,0.9898063114445373
1206.738065,0.9906708887113428
1207.220182,0.9923407824448983
1207.702298,0.9939314882528145
1208.184415,0.9937982109766809
1208.666532,0.9934704110204554
1209.148648,0.9941057397153996
1209.630765,0.9953741324360352
1210.112882,0.9954357480018151
1210.594998,0.9948713964261373
1211.077115,0.9960620740461992
1211.559232,0.9977687928514055
1212.041348,0.9978795513343941
1212.523465,0.9973069328291612
1213.005581,0.9963120173746568
1213.487698,0.9966397582912105
1213.969815,0.9986603980687931
1214.451931,0.999471519694936
1214.934048,0.9989011042286549
1215.416165,0.9987448883123566
1215.898281,1.0
1216.380398,0.9994887007580303
1216.862515,0.9971056965955352
1217.344631,0.9975921036444826
1217.826748,0.9986624952578311
1218.308864,0.9980609823284043
1218.790981,0.9991472837692944
1219.273098,1.0
1219.755214,1.0
1220.237331,1.0
1220.719448,1.0
1221.201564,1.0
1221.683681,1.0
1222.165798,0.9972260545165686
1222.647914,0.9982294692421169
1223.130031,0.9996137446158254
1223.612147,0.999107108864736
1224.094264,0.9998577201227419
1224.576381,1.0
1225.058497,1.0
1225.540614,1.0
1226.022731,1.0
1226.504847,1.0
1226.986964,1.0
1227.469081,1.0
1227.951197,1.0
1228.433314,1.0
1228.91543,1.0
1229.397547,0.9995247629609119
1229.879664,0.9977643029019401
1230.36178,0.9978819462481912
1230.843897,0.9985643315593721
1231.326014,0.9969771779544483
1231.80813,0.9976154475728308
1232.290247,0.9984922378172489
1232.772364,0.997090640413191
1233.25448,0.9976648307597095
1233.736597,0.9969442782504239
1234.218713,0.9935523757103616
1234.70083,0.9941740371257073
1235.182947,0.9957129158940392
1235.665063,0.9943176062221075
1236.14718,0.9916145556258338
1236.629297,0.9932689556493656
1237.111413,0.9962400862437474
1237.59353,0.9923305613874777
1238.075647,0.9896291519710346
1238.557763,0.9942320985848535
1239.03988,0.996284619170906
1239.521996,0.9927365075974262
1240.004113,0.9911102495825043
1240.48623,0.995381000541244
1240.968346,0.9964557955721114
1241.450463,0.990817320689751
1241.93258,0.9903168861997345
1242.414696,0.9963633287648086
1242.896813,0.9959832886521456
1243.37893,0.9901636960270047
1243.861046,0.9910796247489483
1244.343163,0.9967477002219836
1244.825279,0.994837173438739
1245.307396,0.9887695377944271
1245.789513,0.9924124320359099
1246.271629,0.9982469384106833
1246.753746,0.9933645127191204
1247.235863,0.9881744776637452
1247.717979,0.9932791863722968
1248.200096,0.9968805755463668
1248.682213,0.9914032650778374
1249.164329,0.9893778180871885
1249.646446,0.9953946373543634
1250.128562,0.9955760147802711
1250.610679,0.9867150345798748
1251.092796,0.985251835430855
1251.574912,0.9920918353742988
1252.057029,0.9915531765845415
1252.539146,0.985938795337867
1253.021262,0.9892383256492862
1253.503379,0.993610400863421
1253.985496,0.9907798685028797
1254.467612,0.9877437275018428
1254.949729,0.9908786541801536
1255.431845,0.9941569374793261
1255.913962,0.9921259639204433
1256.396079,0.9906811917421611
1256.878195,0.9935693656012493
1257.360312,0.994638822682583
1257.842429,0.9909127409921472
1258.324545,0.9905551851087633
1258.806662,0.9940544451826406
1259.288779,0.9939655806875435
1259.770895,0.9924635425922452
1260.253012,0.9945738748880304
1260.735128,0.9967038442880114
1261.217245,0.9937470316866935
1261.699362,0.9916895245200276
1262.181478,0.9944918259279182
1262.663595,0.9969442782504239
1263.145712,0.9945704933426044
1263.627828,0.9923714462488291
1264.109945,0.992804710938256
1264.592062,0.9885243533531815
1265.074178,0.9826944906196817
1265.556295,0.9829313485321531
1266.038411,0.9857051555307826
1266.520528,0.985339526746414
1267.002645,0.9853493801909486
1267.484761,0.9893511052467251
1267.966878,0.9874583108092934
1268.448995,0.9874010398881392
1268.931111,0.9910149093624325
1269.413228,0.9907355816325766
1269.895345,0.9885925638867992
1270.377461,0.9911239269983224
1270.859578,0.9914134765840569
1271.341694,0.9882634173689617
1271.823811,0.9879373442462543
1272.305928,0.9896736862848879
1272.788044,0.988837765246355
1273.270161,0.9856065899435911
1273.752278,0.9800134332632359
1274.234394,0.9746147639108097
1274.716511,0.974548492360122
1275.198628,0.9770807298549337
1275.680744,0.9761607531844516
1276.162861,0.976640165800431
1276.644977,0.9777991481777684
1277.127094,0.9755196262028847
1277.609211,0.9753118626501074
1278.091327,0.9752045842456363
1278.573444,0.9727443260800706
1279.055561,0.9741529059816926
1279.537677,0.9781727388036389
1280.019794,0.9750709903689841
1280.501911,0.9696132483821182
1280.984027,0.9714213215610699
1281.466144,0.9757850036309059
1281.94826,0.9738110383129787
1282.430377,0.9724632435882099
1282.912494,0.9720024052380664
1283.39461,0.9663559832235032
1283.876727,0.9647531630001985
1284.358844,0.968830117304987
1284.84096,0.9671071336066008
1285.323077,0.9631963441115836
1285.805194,0.964653798541767
1286.28731,0.9644551003258863
1286.769427,0.9579794041901982
1287.251543,0.9567616290572479
1287.73366,0.957880737392994
1288.215777,0.9585725770094394
1288.697893,0.9618728592427953
1289.18001,0.9602544284490284
1289.662127,0.9514491838790047
1290.144243,0.9469471454238995
1290.62636,0.9522677821239329
1291.108477,0.9543316752303581
1291.590593,0.9520059444881739
1292.07271,0.9465239546400817
1292.554826,0.9385876815394762
1293.036943,0.9384581653762446
1293.51906,0.9436980748113554
1294.001176,0.9408486423464169
1294.483293,0.9328946498480418
1294.96541,0.9302368945027826
1295.447526,0.9292783144974541
1295.929643,0.924817368891112
1296.41176,0.920884184833863
1296.893876,0.9150477767888442
1297.375993,0.9098413821444055
1297.858109,0.9140107007432197
1298.340226,0.9100606803418737
1298.822343,0.8951983188020328
1299.304459,0.8859896590024199
1299.786576,0.8894695546049692
1300.268693,0.8900478977566243
1300.750809,0.884865166339469
1301.232926,0.874222813904246
1301.715043,0.8600368859627509
1302.197159,0.8604153854563565
1302.679276,0.8672482595457145
1303.161392,0.8604153854563565
1303.643509,0.8443062455691325
1304.125626,0.8355291853156908
1304.607742,0.838408355045868
1305.089859,0.8389870564398706
1305.571976,0.8377714067670375
1306.054092,0.8254554370987844
1306.536209,0.8133449228978111
1307.018326,0.8218889420901602
1307.500442,0.8275299326486901
1307.982559,0.8200253701460053
1308.464675,0.8106896287718969
1308.946792,0.8108842176325314
1309.428909,0.818395142274136
1309.911025,0.8247458505888129
1310.393142,0.8259095624622159
1310.875259,0.8216013312952537
1311.357375,0.8273561696085917
1311.839492,0.8401960680806081
1312.321609,0.8468599045148937
1312.803725,0.8474783379459283
1313.285842,0.8501861104448984
1313.767958,0.8524079944905313
1314.250075,0.8543451584873268
1314.732192,0.8626122444941206
1315.214308,0.8741878456910588
1315.696425,0.878921228689772
1316.178542,0.8820028426688359
1316.660658,0.8798885739837017
1317.142775,0.8527916644073089
1317.624892,0.7934934449360125
1318.107008,0.728083164761706
1318.589125,0.7166841868929392
1319.071241,0.8079622030165913
1319.553358,0.9016850395471668
1320.035475,0.9229123602153865
1320.517591,0.9199039652365996
1320.999708,0.9095293600651757
1321.481825,0.8963090532303708
1321.963941,0.8789827553291875
1322.446058,0.8631731247193674
1322.928175,0.8478852251932695
1323.410291,0.8358133135377588
1323.892408,0.822900487461804
1324.374524,0.8069367423241304
1324.856641,0.7966339424427856
1325.338758,0.7912272958214119
1325.820874,0.783244790738932
1326.302991,0.7718924902417544
1326.785108,0.7668377794878533
1327.267224,0.7704812186919306
1327.749341,0.7685266797117831
1328.231458,0.7593366923604381
1328.713574,0.7537458777078567
1329.195691,0.763051311718608
1329.677807,0.7705659762875692
1330.159924,0.7699266718752829
1330.642041,0.7672059499758557
1331.124157,0.7761728800825255
1331.606274,0.7933823636295942
1332.088391,0.8004509681112685
1332.570507,0.7974309748350051
1333.052624,0.7965781800185222
1333.534741,0.8081318928960385
1334.016857,0.8213466743564171
1334.498974,0.8256535701787067
1334.98109,0.8253976572405061
1335.463207,0.8324933875849363
1335.945324,0.8485553191734438
1336.42744,0.8574349181701897
1336.909557,0.8570834419112966
1337.391674,0.8583786155185623
1337.87379,0.8702628382755816
1338.355907,0.8810067423592883
1338.838024,0.8835830416133421
1339.32014,0.8824616034144801
1339.802257,0.885865629132453
1340.284373,0.8916068452589064
1340.76649,0.8890071506720167
1341.248607,0.8833445063958101
1341.730723,0.8843167199722809
1342.21284,0.8951983188020328
1342.694957,0.9051315379887247
1343.177073,0.9014055605063966
1343.65919,0.8912680990235691
1344.141307,0.889709743808796
1344.623423,0.8987143831955116
1345.10554,0.9021540376966821
1345.587656,0.8926238566488516
1346.069773,0.8792201127149315
1346.55189,0.8767179027365962
1347.034006,0.8790091252073936
1347.516123,0.8704456126622584
1347.99824,0.8553196673325049
1348.480356,0.8463096244373587
1348.962473,0.8403641240992659
1349.44459,0.833117991822936
1349.926706,0.8210428323011517
1350.408823,0.8089404289896033
1350.890939,0.7989635130726007
1351.373056,0.7900097435417311
1351.855173,0.7782013372846854
1352.337289,0.762342003877979
1352.819406,0.7491470397343676
1353.301523,0.7400629713392672
1353.783639,0.7306140018062389
1354.265756,0.7159177449325376
1354.747873,0.6992129036039206
1355.229989,0.6858817789497061
1355.712106,0.6748937553362909
1356.194222,0.6638493750786082
1356.676339,0.6498524122181346
1357.158456,0.6322312815245178
1357.640572,0.6169853495562918
1358.122689,0.6081461789554982
1358.604806,0.5988105548032958
1359.086922,0.5867889874595087
1359.569039,0.5728393317089974
1360.051156,0.5656046178033629
1360.533272,0.5619232523885715
1361.015389,0.5557759686578024
1361.497505,0.5464896009502098
1361.979622,0.5353363703647898
1362.461739,0.5342347125389817
1362.943855,0.5423737172106741
1363.425972,0.5412575773719582
1363.908089,0.5351543869378014
1364.390205,0.5318520126755
1364.872322,0.5316712137287529
1365.354439,0.5307575252384958
1365.836555,0.536628086910605
1366.318672,0.536628086910605
1366.800788,0.5364402999448223
1367.282905,0.5519653535405267
1367.765022,0.58457511194769
1368.247138,0.6073075160390478
1368.729255,0.6180474775257324
1369.211372,0.616140658372977
1369.693488,0.6100282569614677
1370.175605,0.6374687645080872
1370.657722,0.6583951473592149
1371.139838,0.6335350203544076
1371.621955,0.6691212463989998
1372.104071,0.7357535992010926
1372.586188,0.7523527368866921
1373.068305,0.7100641222475736
1373.550421,0.5369984880642757
1374.032538,0.3290649932021001
1374.514655,0.31695356451960294
1374.996771,0.5147674673463228
1375.478888,0.7021066243159175
1375.961004,0.7398335873745037
1376.443121,0.7240896994519738
1376.925238,0.6987306131097892
1377.407354,0.6737339358078411
1377.889471,0.6581713310600398
1378.371588,0.6398829563859995
1378.853704,0.6189009718203317
1379.335821,0.6000453759753238
1379.817938,0.5831738139092846
1380.300054,0.5675479725906077
1380.782171,0.5536791010727513
1381.264287,0.5412575773719582
1381.746404,0.5296652901249221
1382.228521,0.5209975186020984
1382.710637,0.5209975186020984
1383.192754,0.5220718797024222
1383.674871,0.5197434263703976
1384.156987,0.516892684252427
1384.639104,0.5242324951654084
1385.121221,0.5373637712183562
1385.603337,0.545364991118079
1386.085454,0.5481863473112042
1386.56757,0.5567327258992489
1387.049687,0.5734296601876342
1387.531804,0.5908400152494259
1388.01392,0.6021130864917293
1388.496037,0.6117081434533598
1388.978154,0.6276830106874556
1389.46027,0.6500799003705153
1389.942387,0.6698107963400485
1390.424504,0.6825906092016025
1390.90662,0.6975368047584132
1391.388737,0.7208602417107626
1391.870853,0.744174298060243
1392.35297,0.7602788538783839
1392.835087,0.7725566033110507
1393.317203,0.7871629499216707
1393.79932,0.8058561712337361
1394.281437,0.8242346666448453
1394.763553,0.8356712373512754
1395.24567,0.8443315751364412
1395.727787,0.8593233515051645
1396.209903,0.8766916015940333
1396.69202,0.8874793726386178
1397.174136,0.8925881524086752
1397.656253,0.8962463137925507
1398.13837,0.9046655152578138
1398.620486,0.9157086798409777
1399.102603,0.9256445253027256
1399.58472,0.9265678530968747
1400.066836,0.9285760455827914
1400.548953,0.9384910119868451
1401.03107,0.9479239513877803
1401.513186,0.9498159974899079
1401.995303,0.9481524285904619
1402.477419,0.9525296917749435
1402.959536,0.9616747338414082
1403.441653,0.964653798541767
1403.923769,0.9613439746268134
1404.405886,0.9607490868432832
1404.888003,0.9674098855176221
1405.370119,0.9725235381784253
1405.852236,0.973118904747378
1406.334353,0.9713678948576319
1406.816469,0.9716486607479627
1407.298586,0.9752114107016185
1407.780702,0.9781521973918096
1408.262819,0.9774902124613581
1408.744936,0.9776417351869975
1409.227052,0.9806800690283273
1409.709169,0.9828704086776991
1410.191286,0.9829411778947852
1410.673402,0.9830630701580083
1411.155519,0.984472809374453
1411.637636,0.9882733000525488
1412.119752,0.9903747223946889
1412.601869,0.989255142843768
1413.083985,0.9887527288551611
1413.566102,0.9927433575029607
1414.048219,0.9951620408075788
1414.530335,0.9942116176145774
1415.012452,0.9922793584515571
1415.494569,0.9929549336550829
1415.976685,0.995534898339921
1416.458802,0.9973360546167758
1416.940919,0.9961441529427048
1417.423035,0.9966130487035985
1417.905152,0.9990799834749591
1418.387268,1.0
1418.869385,1.0
1419.351502,0.9991757898479376
1419.833618,0.9978125958628807
1420.315735,1.0
1420.797852,1.0
1421.279968,1.0
1421.762085,1.0
1422.244202,1.0
1422.726318,1.0
1423.208435,1.0
1423.690551,1.0
1424.172668,1.0
1424.654785,1.0
1425.136901,1.0
1425.619018,1.0
1426.101135,1.0
1426.583251,1.0
1427.065368,1.0
1427.547485,1.0
1428.029601,1.0
1428.511718,1.0
1428.993834,1.0
1429.475951,1.0
1429.958068,1.0
1430.440184,1.0
1430.922301,1.0
1431.404418,1.0
1431.886534,1.0
1432.368651,1.0
1432.850768,1.0
1433.332884,1.0
1433.815001,1.0
1434.297117,1.0
1434.779234,1.0
1435.261351,1.0
1435.743467,1.0
1436.225584,1.0
1436.707701,1.0
1437.189817,1.0
1437.671934,1.0
1438.154051,1.0
1438.636167,1.0
1439.118284,1.0
1439.6004,1.0
1440.082517,1.0
1440.564634,1.0
1441.04675,1.0
1441.528867,1.0
1442.010984,1.0
1442.4931,1.0
1442.975217,1.0
1443.457334,1.0
1443.93945,1.0
1444.421567,1.0
1444.903683,1.0
1445.3858,1.0
1445.867917,1.0
1446.350033,1.0
1446.83215,1.0
1447.314267,1.0
1447.796383,1.0
1448.2785,1.0
1448.760617,1.0
1449.242733,1.0
1449.72485,1.0
1450.206966,1.0
1450.689083,1.0
1451.1712,1.0
1451.653316,1.0
1452.135433,1.0
1452.61755,1.0
1453.099666,1.0
1453.581783,1.0
1454.0639,1.0
1454.546016,1.0
1455.028133,1.0
1455.510249,1.0
1455.992366,1.0
1456.474483,1.0
1456.956599,1.0
1457.438716,1.0
1457.920833,1.0
1458.402949,1.0
1458.885066,1.0
1459.367183,1.0
1459.849299,1.0
1460.331416,1.0
1460.813532,1.0
1461.295649,1.0
1461.777766,1.0
1462.259882,1.0
1462.741999,1.0
1463.224116,1.0
1463.706232,1.0
1464.188349,1.0
1464.670466,1.0
1465.152582,1.0
1465.634699,0.999535417951676
1466.116815,0.9994117530850977
1466.598932,0.9994141516761833
1467.081049,0.9984606859610559
1467.563165,0.9980036952721729
1468.045282,0.9982705971434785
1468.527399,0.998740793466709
1469.009515,0.9990971478165165
1469.491632,0.9989488528426198
1469.973749,0.9986257451542117
1470.455865,0.9997793343502467
1470.937982,1.0
1471.420098,1.0
1471.902215,1.0
1472.384332,1.0
1472.866448,1.0
1473.348565,1.0
1473.830682,1.0
1474.312798,1.0
1474.794915,1.0
1475.277032,1.0
1475.759148,1.0
1476.241265,1.0
1476.723381,0.998547156400576
1477.205498,0.9902113240462282
1477.687615,0.9856479862896859
1478.169731,0.9913624201047284
1478.651848,0.9975421255320521
1479.133965,1.0
1479.616081,1.0
1480.098198,1.0
1480.580315,1.0
1481.062431,1.0
1481.544548,0.9994567476150408
1482.026664,0.9992894725442661
1482.508781,0.9980867326339259
1482.990898,0.9965931166419457
1483.473014,0.9961886815815489
1483.955131,0.9968740958436848
1484.437248,0.9961373791854955
1484.919364,0.9944064027490491
1485.401481,0.9928217873261407
1485.883598,0.9930163001661885
1486.365714,0.9944679584105073
1486.847831,0.9961476394533414
1487.329947,0.9962092032797623
1487.812064,0.9944679584105073
1488.294181,0.9940817820557635
1488.776297,0.9950765600597241
1489.258414,0.9953296402067241
1489.740531,0.9961373791854955
1490.222647,0.9958258361411586
1490.704764,0.9946970107556944
1491.186881,0.9933713669579052
1491.668997,0.9949910866543503
1492.151114,0.9965311304778802
1492.63323,0.9968109957105582
1493.115347,0.9960997259042138
1493.597464,0.997000507493367
1494.07958,0.9988722364038848
1494.561697,0.9997687467431574
1495.043814,0.9997578893135237
1495.52593,0.9999944457154251
1496.008047,1.0
1496.490164,1.0
1496.97228,1.0
1497.454397,1.0
1497.936513,1.0
1498.41863,1.0
1498.900747,1.0
1499.382863,1.0
1499.86498,1.0
1500.347097,1.0
1500.829213,1.0
1501.31133,1.0
1501.793447,1.0
1502.275563,1.0
1502.75768,1.0
1503.239796,1.0
1503.721913,1.0
1504.20403,1.0
1504.686146,1.0
1505.168263,1.0
1505.65038,1.0
1506.132496,1.0
1506.614613,1.0
1507.09673,1.0
1507.578846,1.0
1508.060963,1.0
1508.543079,1.0
1509.025196,1.0
1509.507313,1.0
1509.989429,1.0
1510.471546,1.0
1510.953663,1.0
1511.435779,1.0
1511.917896,1.0
1512.400013,1.0
1512.882129,1.0
1513.364246,1.0
1513.846362,1.0
1514.328479,1.0
1514.810596,1.0
1515.292712,1.0
1515.774829,1.0
1516.256946,1.0
1516.739062,1.0
1517.221179,1.0
1517.703296,1.0
1518.185412,1.0
1518.667529,1.0
1519.149645,1.0
1519.631762,1.0
1520.113879,1.0
1520.595995,1.0
1521.078112,1.0
1521.560229,1.0
1522.042345,1.0
1522.524462,1.0
1523.006579,1.0
1523.488695,1.0
1523.970812,1.0
1524.452928,1.0
1524.935045,1.0
1525.417162,1.0
1525.899278,1.0
1526.381395,1.0
1526.863512,1.0
1527.345628,1.0
1527.827745,1.0
1528.309862,1.0
1528.791978,1.0
1529.274095,1.0
1529.756211,1.0
1530.238328,1.0
1530.720445,1.0
1531.202561,1.0
1531.684678,1.0
1532.166795,1.0
1532.648911,1.0
1533.131028,1.0
1533.613145,1.0
1534.095261,1.0
1534.577378,1.0
1535.059494,1.0
1535.541611,1.0
1536.023728,1.0
1536.505844,1.0
1536.987961,1.0
1537.470078,1.0
1537.952194,1.0
1538.434311,1.0
1538.916428,1.0
1539.398544,1.0
1539.880661,1.0
1540.362777,1.0
1540.844894,1.0
1541.327011,1.0
1541.809127,1.0
1542.291244,1.0
1542.773361,1.0
1543.255477,1.0
1543.737594,1.0
1544.219711,1.0
1544.701827,1.0
1545.183944,1.0
1545.66606,1.0
1546.148177,1.0
1546.630294,1.0
1547.11241,1.0
1547.594527,1.0
1548.076644,1.0
1548.55876,1.0
1549.040877,1.0
1549.522994,1.0
1550.00511,1.0
1550.487227,1.0
1550.969343,1.0
1551.45146,1.0
1551.933577,1.0
1552.415693,1.0
1552.89781,1.0
1553.379927,1.0
1553.862043,1.0
1554.34416,1.0
1554.826277,1.0
1555.308393,1.0
1555.79051,1.0
1556.272626,1.0
1556.754743,1.0
1557.23686,1.0
1557.718976,1.0
1558.201093,1.0
1558.68321,1.0
1559.165326,1.0
1559.647443,1.0
1560.12956,1.0
1560.611676,1.0
1561.093793,1.0
1561.575909,1.0
1562.058026,1.0
1562.540143,1.0
1563.022259,1.0
1563.504376,1.0
1563.986493,1.0
1564.468609,1.0
1564.950726,1.0
1565.432843,1.0
1565.914959,1.0
1566.397076,1.0
1566.879192,1.0
1567.361309,1.0
1567.843426,1.0
1568.325542,1.0
1568.807659,1.0
1569.289776,1.0
1569.771892,1.0
1570.254009,1.0
1570.736126,1.0
1571.218242,1.0
1571.700359,1.0
1572.182475,1.0
1572.664592,1.0
1573.146709,1.0
1573.628825,1.0
1574.110942,1.0
1574.593059,1.0
1575.075175,1.0
1575.557292,1.0
1576.039409,1.0
1576.521525,1.0
1577.003642,1.0
1577.485758,1.0
1577.967875,1.0
1578.449992,1.0
1578.932108,1.0
1579.414225,1.0
1579.896342,1.0
1580.378458,1.0
1580.860575,1.0
1581.342691,1.0
1581.824808,1.0
1582.306925,1.0
1582.789041,1.0
1583.271158,1.0
1583.753275,1.0
1584.235391,1.0
1584.717508,1.0
1585.199625,1.0
1585.681741,1.0
1586.163858,1.0
1586.645974,1.0
1587.128091,1.0
1587.610208,1.0
1588.092324,1.0
1588.574441,1.0
1589.056558,1.0
1589.538674,1.0
1590.020791,1.0
1590.502908,1.0
1590.985024,1.0
1591.467141,1.0
1591.949257,1.0
1592.431374,1.0
1592.913491,1.0
1593.395607,1.0
1593.877724,1.0
1594.359841,1.0
1594.841957,1.0
1595.324074,1.0
1595.806191,1.0
1596.288307,1.0
1596.770424,1.0
1597.25254,1.0
1597.734657,1.0
1598.216774,1.0
1598.69889,1.0
1599.181007,1.0
1599.663124,1.0
1600.14524,1.0
1600.627357,1.0
1601.109474,1.0
1601.59159,1.0
1602.073707,1.0
1602.555823,1.0
1603.03794,1.0
1603.520057,1.0
1604.002173,1.0
1604.48429,1.0
1604.966407,1.0
1605.448523,1.0
1605.93064,1.0
1606.412757,1.0
1606.894873,1.0
1607.37699,1.0
1607.859106,1.0
1608.341223,1.0
1608.82334,1.0
1609.305456,1.0
1609.787573,1.0
1610.26969,1.0
1610.751806,1.0
1611.233923,1.0
1611.71604,1.0
1612.198156,1.0
1612.680273,1.0
1613.162389,1.0
1613.644506,1.0
1614.126623,1.0
1614.608739,1.0
1615.090856,1.0
1615.572973,1.0
1616.055089,1.0
1616.537206,1.0
1617.019323,1.0
1617.501439,1.0
1617.983556,1.0
1618.465672,1.0
1618.947789,1.0
1619.429906,1.0
1619.912022,1.0
1620.394139,1.0
1620.876256,1.0
1621.358372,1.0
1621.840489,1.0
1622.322606,1.0
1622.804722,1.0
1623.286839,1.0
1623.768955,1.0
1624.251072,1.0
1624.733189,1.0
1625.215305,1.0
1625.697422,1.0
1626.179539,1.0
1626.661655,1.0
1627.143772,1.0
1627.625889,1.0
1628.108005,1.0
1628.590122,1.0
1629.072238,1.0
1629.554355,1.0
1630.036472,1.0
1630.518588,1.0
1631.000705,1.0
1631.482822,1.0
1631.964938,1.0
1632.447055,1.0
1632.929172,1.0
1633.411288,1.0
1633.893405,1.0
1634.375521,1.0
1634.857638,1.0
1635.339755,1.0
1635.821871,1.0
1636.303988,1.0
1636.786105,1.0
1637.268221,1.0
1637.750338,1.0
1638.232455,1.0
1638.714571,1.0
1639.196688,1.0
1639.678804,1.0
1640.160921,1.0
1640.643038,1.0
1641.125154,1.0
1641.607271,1.0
1642.089388,1.0
1642.571504,1.0
1643.053621,1.0
1643.535738,1.0
1644.017854,1.0
1644.499971,1.0
1644.982087,1.0
1645.464204,1.0
1645.946321,1.0
1646.428437,1.0
1646.910554,1.0
1647.392671,1.0
1647.874787,1.0
1648.356904,1.0
1648.839021,1.0
1649.321137,1.0
1649.803254,1.0
1650.28537,1.0
1650.767487,1.0
1651.249604,1.0
1651.73172,1.0
1652.213837,1.0
1652.695954,1.0
1653.17807,1.0
1653.660187,1.0
1654.142304,1.0
1654.62442,1.0
1655.106537,1.0
1655.588653,1.0
1656.07077,1.0
1656.552887,1.0
1657.035003,1.0
1657.51712,1.0
1657.999237,1.0
1658.481353,1.0
1658.96347,1.0
1659.445587,1.0
1659.927703,1.0
1660.40982,1.0
1660.891936,1.0
1661.374053,1.0
1661.85617,1.0
1662.338286,1.0
1662.820403,1.0
1663.30252,1.0
1663.784636,1.0
1664.266753,1.0
1664.74887,1.0
1665.230986,1.0
1665.713103,1.0
1666.195219,1.0
1666.677336,1.0
1667.159453,1.0
1667.641569,1.0
1668.123686,1.0
1668.605803,1.0
1669.087919,1.0
1669.570036,1.0
1670.052153,1.0
1670.534269,1.0
1671.016386,1.0
1671.498502,1.0
1671.980619,1.0
1672.462736,1.0
1672.944852,1.0
1673.426969,1.0
1673.909086,1.0
1674.391202,1.0
1674.873319,1.0
1675.355436,1.0
1675.837552,1.0
1676.319669,1.0
1676.801785,1.0
1677.283902,1.0
1677.766019,1.0
1678.248135,1.0
1678.730252,1.0
1679.212369,1.0
1679.694485,1.0
1680.176602,1.0
1680.658719,1.0
1681.140835,1.0
1681.622952,0.9994227366806188
1682.105068,0.9984747643559804
1682.587185,1.0
1683.069302,1.0
1683.551418,1.0
1684.033535,1.0
1684.515652,0.9987720545427778
1684.997768,0.9966938772994036
1685.479885,1.0
1685.962002,1.0
1686.444118,1.0
1686.926235,1.0
1687.408351,1.0
1687.890468,1.0
1688.372585,1.0
1688.854701,1.0
1689.336818,1.0
1689.818935,1.0
1690.301051,1.0
1690.783168,1.0
1691.265285,1.0
1691.747401,1.0
1692.229518,1.0
1692.711634,1.0
1693.193751,1.0
1693.675868,1.0
1694.157984,1.0
1694.640101,1.0
1695.122218,1.0
1695.604334,1.0
1696.086451,0.9966462364706935
1696.568568,1.0
1697.050684,1.0
1697.532801,1.0
1698.014917,1.0
1698.497034,1.0
1698.979151,1.0
1699.461267,1.0
1699.943384,1.0
1700.425501,1.0
1700.907617,1.0
1701.389734,1.0
1701.871851,1.0
1702.353967,1.0
1702.836084,1.0
1703.3182,1.0
1703.800317,1.0
1704.282434,1.0
1704.76455,1.0
1705.246667,1.0
1705.728784,1.0
1706.2109,1.0
1706.693017,1.0
1707.175134,1.0
1707.65725,1.0
1708.139367,1.0
1708.621483,1.0
1709.1036,1.0
1709.585717,1.0
1710.067833,1.0
1710.54995,1.0
1711.032067,1.0
1711.514183,1.0
1711.9963,1.0
1712.478417,1.0
1712.960533,1.0
1713.44265,1.0
1713.924766,1.0
1714.406883,1.0
1714.889,1.0
1715.371116,1.0
1715.853233,1.0
1716.33535,1.0
1716.817466,1.0
1717.299583,1.0
1717.7817,1.0
1718.263816,1.0
1718.745933,1.0
1719.228049,1.0
1719.710166,1.0
1720.192283,1.0
1720.674399,1.0
1721.156516,1.0
1721.638633,1.0
1722.120749,1.0
1722.602866,1.0
1723.084983,1.0
1723.567099,0.9989976027361263
1724.049216,1.0
1724.531332,1.0
1725.013449,1.0
1725.495566,1.0
1725.977682,0.999512059081908
1726.459799,1.0
1726.941916,1.0
1727.424032,1.0
1727.906149,1.0
1728.388266,1.0
1728.870382,1.0
1729.352499,1.0
1729.834615,1.0
1730.316732,1.0
1730.798849,1.0
1731.280965,1.0
1731.763082,1.0
1732.245199,1.0
1732.727315,1.0
1733.209432,1.0
1733.691549,1.0
1734.173665,1.0
1734.655782,1.0
1735.137898,1.0
1735.620015,1.0
1736.102132,1.0
1736.584248,1.0
1737.066365,1.0
1737.548482,1.0
1738.030598,1.0
1738.512715,1.0
1738.994832,1.0
1739.476948,1.0
1739.959065,1.0
1740.441181,1.0
1740.923298,1.0
1741.405415,1.0
1741.887531,1.0
1742.369648,1.0
1742.851765,1.0
1743.333881,1.0
1743.815998,1.0
1744.298115,1.0
1744.780231,0.9906879283971696
1745.262348,0.9661801224383735
1745.744464,0.9518088996525089
1746.226581,0.977849995055481
1746.708698,1.0
1747.190814,1.0
1747.672931,1.0
1748.155048,1.0
1748.637164,1.0
1749.119281,1.0
1749.601398,1.0
1750.083514,1.0
1750.565631,1.0
1751.047747,1.0
1751.529864,1.0
1752.011981,1.0
1752.494097,1.0
1752.976214,1.0
1753.458331,1.0
1753.940447,1.0
1754.422564,1.0
1754.904681,1.0
1755.386797,1.0
1755.868914,1.0
1756.35103,1.0
1756.833147,1.0
1757.315264,1.0
1757.79738,1.0
1758.279497,1.0
1758.761614,1.0
1759.24373,1.0
1759.725847,1.0
1760.207964,0.9989879125063774
1760.69008,1.0
1761.172197,1.0
1761.654313,1.0
1762.13643,1.0
1762.618547,0.9980994084159214
1763.100663,1.0
1763.58278,1.0
1764.064897,1.0
1764.547013,0.9976350010272265
1765.02913,0.9966805216909306
1765.511247,1.0
1765.993363,1.0
1766.47548,1.0
1766.957596,0.998584902196479
1767.439713,0.9994351096106872
1767.92183,1.0
1768.403946,1.0
1768.886063,1.0
1769.36818,0.9974422765628107
1769.850296,1.0
1770.332413,1.0
1770.81453,1.0
1771.296646,1.0
1771.778763,0.9984561928980784
1772.260879,1.0
1772.742996,1.0
1773.225113,1.0
1773.707229,0.9986988472342604
1774.189346,0.9963804663614462
1774.671463,0.9991132933568808
1775.153579,1.0
1775.635696,0.9997017744780742
1776.117813,0.9940988804094603
1776.599929,0.9967503914444074
1777.082046,1.0
1777.564162,1.0
1778.046279,1.0
1778.528396,0.9985189977678042
1779.010512,1.0
1779.492629,1.0
1779.974746,1.0
1780.456862,1.0
1780.938979,1.0
1781.421096,1.0
1781.903212,1.0
1782.385329,1.0
1782.867445,0.9977653006667419
1783.349562,0.9996209618531157
1783.831679,0.9810478930169003
1784.313795,0.9888436982907456
1784.795912,0.9953981212416909
1785.278029,0.9970727926504656
1785.760145,1.0
1786.242262,1.0
1786.724378,1.0
1787.206495,1.0
1787.688612,1.0
1788.170728,1.0
1788.652845,1.0
1789.134962,1.0
1789.617078,1.0
1790.099195,1.0
1790.581312,1.0
1791.063428,1.0
1791.545545,1.0
1792.027661,1.0
1792.509778,1.0
1792.991895,1.0
1793.474011,1.0
1793.956128,1.0
1794.438245,1.0
1794.920361,1.0
1795.402478,1.0
1795.884595,1.0
1796.366711,1.0
1796.848828,1.0
1797.330944,1.0
1797.813061,1.0
1798.295178,1.0
1798.777294,1.0
1799.259411,1.0
1799.741528,1.0
1800.223644,1.0
1800.705761,1.0
1801.187878,1.0
1801.669994,1.0
1802.152111,1.0
1802.634227,1.0
1803.116344,1.0
1803.598461,1.0
1804.080577,1.0
1804.562694,1.0
1805.044811,0.9999958583085768
1805.526927,0.9994392272918212
1806.009044,0.9985853016305198
1806.491161,0.9981982251487022
1806.973277,0.9970450744121152
1807.455394,0.9950663108239391
1807.93751,0.9943176062221075
1808.419627,0.9933747444262946
1808.901744,0.9915941285763873
1809.38386,0.9905483503015662
1809.865977,0.9902249890567885
1810.348094,0.9889524770802813
1810.83021,0.9874010398881392
1811.312327,0.9855050776927975
1811.794444,0.9839078841309277
1812.27656,0.9826542009715098
1812.758677,0.98227595192175
1813.240793,0.9812470659545519
1813.72291,0.9784652561817099
1814.205027,0.9763052356673629
1814.687143,0.9755001160054633
1815.16926,0.9742396094485719
1815.651377,0.9730352201200604
1816.133493,0.9720325377796807
1816.61561,0.9707473890455386
1817.097727,0.9693330706409694
1817.579843,0.9687836145754308
1818.06196,0.968294502361299
1818.544076,0.9672435053264197
1819.026193,0.9660806110106889
1819.50831,0.9661134583098642
1819.990426,0.9655822420056684
1820.472543,0.96528392318552
1820.95466,0.9658816189017115
1821.436776,0.9662728801824281
1821.918893,0.9659811098321534
1822.40101,0.9672570468302846
1822.883126,0.9680582673245693
1823.365243,0.9687603640476885
1823.847359,0.9703465531521722
1824.329476,0.9730449505209134
1824.811593,0.976264231708554
1825.293709,0.9790603439458168
1825.775826,0.9816416065724166
1826.257943,0.984202116573841
1826.740059,0.9856410867779302
1827.222176,0.9867998957218254
1827.704293,0.9867564774816219
1828.186409,0.9842464066656065
1828.668526,0.9797909954615308
1829.150642,0.9751041433462541
1829.632759,0.9686576808914029
1830.114876,0.9639247958678011
1830.596992,0.9595940006154811
1831.079109,0.9564660353854435
1831.561226,0.9541675442978833
1832.043342,0.9532500764930383
1832.525459,0.9530203709052386
1833.007576,0.9530203709052386
1833.489692,0.9547249408877155
1833.971809,0.9567290997148619
1834.453925,0.9575187268985533
1834.936042,0.95906636902713
1835.418159,0.9614103096495946
1835.900275,0.9628650615530762
1836.382392,0.9642564430376224
1836.864509,0.9672899341289577
1837.346625,0.9692235421924608
1837.828742,0.9707299157497958
1838.310859,0.9728377140179236
1838.792975,0.9744841742821462
1839.275092,0.9760973047975895
1839.757208,0.9784955890748089
1840.239325,0.9812127229082503
1840.721442,0.9829274168146225
1841.203558,0.984513173587098
1841.685675,0.9867219416092914
1842.167792,0.9871295419348496
1842.649908,0.9878593002788362
1843.132025,0.9896291519710346
1843.614142,0.9907049683760814
1844.096258,0.992180532349077
1844.578375,0.9930982273904037
1845.060491,0.9935488982831321
1845.542608,0.9932962709212292
1846.024725,0.9935693656012493
1846.506841,0.9951004421837498
1846.988958,0.9957265572544302
1847.471075,0.9961133725639381
1847.953191,0.9971211518536103
1848.435308,0.997614449957882
1848.917425,0.9972085034924586
1849.399541,0.997804413833141
1849.881658,0.9990827309486914
1850.363774,0.9997528005588181
1850.845891,1.0
1851.328008,1.0
1851.810124,1.0
1852.292241,1.0
1852.774358,1.0
1853.256474,1.0
1853.738591,1.0
1854.220708,1.0
1854.702824,1.0
1855.184941,1.0
1855.667057,1.0
1856.149174,1.0
1856.631291,1.0
1857.113407,1.0
1857.595524,1.0
1858.077641,1.0
1858.559757,1.0
1859.041874,1.0
1859.523991,1.0
1860.006107,1.0
1860.488224,1.0
1860.97034,1.0
1861.452457,1.0
1861.934574,1.0
1862.41669,1.0
1862.898807,1.0
1863.380924,1.0
1863.86304,1.0
1864.345157,1.0
1864.827274,1.0
1865.30939,1.0
1865.791507,1.0
1866.273623,1.0
1866.75574,1.0
1867.237857,1.0
1867.719973,1.0
1868.20209,1.0
1868.684207,1.0
1869.166323,1.0
1869.64844,1.0
1870.130557,1.0
1870.612673,1.0
1871.09479,1.0
1871.576906,1.0
1872.059023,1.0
1872.54114,1.0
1873.023256,1.0
1873.505373,1.0
1873.98749,1.0
1874.469606,1.0
1874.951723,1.0
1875.43384,1.0
1875.915956,1.0
1876.398073,1.0
1876.880189,1.0
1877.362306,1.0
1877.844423,1.0
1878.326539,1.0
1878.808656,1.0
1879.290773,1.0
1879.772889,1.0
1880.255006,1.0
1880.737123,1.0
1881.219239,1.0
1881.701356,1.0
1882.183472,1.0
1882.665589,1.0
1883.147706,1.0
1883.629822,1.0
1884.111939,1.0
1884.594056,1.0
1885.076172,1.0
1885.558289,1.0
1886.040406,1.0
1886.522522,1.0
1887.004639,1.0
1887.486755,1.0
1887.968872,1.0
1888.450989,1.0
1888.933105,1.0
1889.415222,1.0
1889.897339,1.0
1890.379455,1.0
1890.861572,1.0
1891.343689,1.0
1891.825805,1.0
1892.307922,1.0
1892.790038,1.0
1893.272155,1.0
1893.754272,1.0
1894.236388,1.0
1894.718505,1.0
1895.200622,1.0
1895.682738,1.0
1896.164855,1.0
1896.646972,1.0
1897.129088,1.0
1897.611205,1.0
1898.093321,1.0
1898.575438,1.0
1899.057555,1.0
1899.539671,1.0
1900.021788,1.0
1900.503905,1.0
1900.986021,1.0
1901.468138,1.0
1901.950255,1.0
1902.432371,1.0
1902.914488,1.0
1903.396604,1.0
1903.878721,1.0
1904.360838,1.0
1904.842954,1.0
1905.325071,1.0
1905.807188,1.0
1906.289304,1.0
1906.771421,1.0
1907.253538,1.0
1907.735654,1.0
1908.217771,1.0
1908.699887,1.0
1909.182004,1.0
1909.664121,1.0
1910.146237,1.0
1910.628354,1.0
1911.110471,1.0
1911.592587,1.0
1912.074704,1.0
1912.556821,1.0
1913.038937,1.0
1913.521054,1.0
1914.00317,1.0
1914.485287,1.0
1914.967404,1.0
1915.44952,1.0
1915.931637,1.0
1916.413754,1.0
1916.89587,1.0
1917.377987,1.0
1917.860104,1.0
1918.34222,1.0
1918.824337,1.0
1919.306453,1.0
1919.78857,1.0
1920.270687,1.0
1920.752803,1.0
1921.23492,1.0
1921.717037,1.0
1922.199153,1.0
1922.68127,1.0
1923.163387,1.0
1923.645503,1.0
1924.12762,1.0
1924.609736,1.0
1925.091853,1.0
1925.57397,1.0
1926.056086,1.0
1926.538203,1.0
1927.02032,1.0
1927.502436,1.0
1927.984553,1.0
1928.46667,1.0
1928.948786,1.0
1929.430903,1.0
1929.913019,1.0
1930.395136,1.0
1930.877253,1.0
1931.359369,1.0
1931.841486,1.0
1932.323603,1.0
1932.805719,1.0
1933.287836,1.0
1933.769953,1.0
1934.252069,1.0
1934.734186,1.0
1935.216302,1.0
1935.698419,1.0
1936.180536,1.0
1936.662652,1.0
1937.144769,1.0
1937.626886,1.0
1938.109002,1.0
1938.591119,1.0
1939.073236,1.0
1939.555352,1.0
1940.037469,1.0
1940.519585,1.0
1941.001702,1.0
1941.483819,1.0
1941.965935,1.0
1942.448052,1.0
1942.930169,1.0
1943.412285,1.0
1943.894402,1.0
1944.376519,1.0
1944.858635,1.0
1945.340752,1.0
1945.822868,1.0
1946.304985,1.0
1946.787102,1.0
1947.269218,1.0
1947.751335,1.0
1948.233452,1.0
1948.715568,1.0
1949.197685,1.0
1949.679802,1.0
1950.161918,1.0
1950.644035,1.0
1951.126151,1.0
1951.608268,1.0
1952.090385,1.0
1952.572501,1.0
1953.054618,1.0
1953.536735,1.0
1954.018851,1.0
1954.500968,1.0
1954.983085,1.0
1955.465201,1.0
1955.947318,1.0
1956.429434,1.0
1956.911551,1.0
1957.393668,1.0
1957.875784,1.0
1958.357901,1.0
1958.840018,1.0
1959.322134,1.0
1959.804251,1.0
1960.286368,1.0
1960.768484,1.0
1961.250601,1.0
1961.732717,1.0
1962.214834,1.0
1962.696951,1.0
1963.179067,1.0
1963.661184,1.0
1964.143301,1.0
1964.625417,1.0
1965.107534,1.0
1965.589651,1.0
1966.071767,1.0
1966.553884,1.0
1967.036,1.0
1967.518117,1.0
1968.000234,1.0
1968.48235,1.0
1968.964467,1.0
1969.446584,1.0
1969.9287,1.0
1970.410817,1.0
1970.892934,1.0
1971.37505,1.0
1971.857167,1.0
1972.339283,1.0
1972.8214,1.0
1973.303517,1.0
1973.785633,1.0
1974.26775,1.0
1974.749867,1.0
1975.231983,1.0
1975.7141,1.0
1976.196217,1.0
1976.678333,1.0
1977.16045,1.0
1977.642566,1.0
1978.124683,1.0
1978.6068,1.0
1979.088916,1.0
1979.571033,1.0
1980.05315,1.0
1980.535266,1.0
1981.017383,1.0
1981.4995,1.0
1981.981616,1.0
1982.463733,1.0
1982.945849,1.0
1983.427966,1.0
1983.910083,1.0
1984.392199,1.0
1984.874316,1.0
1985.356433,1.0
1985.838549,1.0
1986.320666,1.0
1986.802783,1.0
1987.284899,1.0
1987.767016,1.0
1988.249132,1.0
1988.731249,1.0
1989.213366,1.0
1989.695482,1.0
1990.177599,1.0
1990.659716,1.0
1991.141832,1.0
1991.623949,1.0
1992.106065,1.0
1992.588182,1.0
1993.070299,1.0
1993.552415,1.0
1994.034532,1.0
1994.516649,1.0
1994.998765,1.0
1995.480882,1.0
1995.962999,1.0
1996.445115,1.0
1996.927232,1.0
1997.409348,1.0
1997.891465,1.0
1998.373582,1.0
1998.855698,1.0
1999.337815,1.0
1999.819932,1.0
2000.302048,1.0
2000.784165,1.0
2001.266282,1.0
2001.748398,1.0
2002.230515,1.0
2002.712631,1.0
2003.194748,1.0
2003.676865,1.0
2004.158981,1.0
2004.641098,1.0
2005.123215,1.0
2005.605331,1.0
2006.087448,1.0
2006.569565,1.0
2007.051681,1.0
2007.533798,1.0
2008.015914,1.0
2008.498031,1.0
2008.980148,1.0
2009.462264,1.0
2009.944381,1.0
2010.426498,1.0
2010.908614,1.0
2011.390731,1.0
2011.872848,1.0
2012.354964,1.0
2012.837081,1.0
2013.319197,1.0
2013.801314,1.0
2014.283431,1.0
2014.765547,1.0
2015.247664,1.0
2015.729781,1.0
2016.211897,1.0
2016.694014,1.0
2017.176131,1.0
2017.658247,1.0
2018.140364,1.0
2018.62248,1.0
2019.104597,1.0
2019.586714,1.0
2020.06883,1.0
2020.550947,1.0
2021.033064,1.0
2021.51518,1.0
2021.997297,1.0
2022.479414,1.0
2022.96153,1.0
2023.443647,1.0
2023.925763,1.0
2024.40788,1.0
2024.889997,1.0
2025.372113,1.0
2025.85423,1.0
2026.336347,1.0
2026.818463,1.0
2027.30058,1.0
2027.782697,1.0
2028.264813,1.0
2028.74693,1.0
2029.229046,1.0
2029.711163,1.0
2030.19328,1.0
2030.675396,1.0
2031.157513,1.0
2031.63963,1.0
2032.121746,1.0
2032.603863,1.0
2033.08598,1.0
2033.568096,1.0
2034.050213,1.0
2034.532329,1.0
2035.014446,1.0
2035.496563,1.0
2035.978679,1.0
2036.460796,1.0
2036.942913,1.0
2037.425029,1.0
2037.907146,1.0
2038.389263,1.0
2038.871379,1.0
2039.353496,1.0
2039.835612,1.0
2040.317729,1.0
2040.799846,1.0
2041.281962,1.0
2041.764079,1.0
2042.246196,1.0
2042.728312,1.0
2043.210429,1.0
2043.692546,1.0
2044.174662,1.0
2044.656779,1.0
2045.138895,1.0
2045.621012,1.0
2046.103129,1.0
2046.585245,1.0
2047.067362,1.0
2047.549479,1.0
2048.031595,1.0
2048.513712,1.0
2048.995829,1.0
2049.477945,1.0
2049.960062,1.0
2050.442178,1.0
2050.924295,1.0
2051.406412,1.0
2051.888528,1.0
2052.370645,1.0
2052.852762,1.0
2053.334878,1.0
2053.816995,1.0
2054.299112,1.0
2054.781228,1.0
2055.263345,1.0
2055.745461,1.0
2056.227578,1.0
2056.709695,1.0
2057.191811,1.0
2057.673928,1.0
2058.156045,1.0
2058.638161,1.0
2059.120278,1.0
2059.602395,1.0
2060.084511,1.0
2060.566628,1.0
2061.048744,1.0
2061.530861,1.0
2062.012978,1.0
2062.495094,1.0
2062.977211,1.0
2063.459328,1.0
2063.941444,1.0
2064.423561,1.0
2064.905678,1.0
2065.387794,1.0
2065.869911,1.0
2066.352027,1.0
2066.834144,1.0
2067.316261,1.0
2067.798377,1.0
2068.280494,1.0
2068.762611,1.0
2069.244727,1.0
2069.726844,1.0
2070.208961,1.0
2070.691077,1.0
2071.173194,1.0
2071.65531,1.0
2072.137427,1.0
2072.619544,1.0
2073.10166,1.0
2073.583777,1.0
2074.065894,1.0
2074.54801,1.0
2075.030127,1.0
2075.512244,1.0
2075.99436,1.0
2076.476477,1.0
2076.958593,1.0
2077.44071,1.0
2077.922827,1.0
2078.404943,1.0
2078.88706,1.0
2079.369177,1.0
2079.851293,1.0
2080.33341,1.0
2080.815527,1.0
2081.297643,1.0
2081.77976,1.0
2082.261876,1.0
2082.743993,1.0
2083.22611,1.0
2083.708226,1.0
2084.190343,1.0
2084.67246,1.0
2085.154576,1.0
2085.636693,1.0
2086.11881,1.0
2086.600926,1.0
2087.083043,1.0
2087.565159,1.0
2088.047276,1.0
2088.529393,1.0
2089.011509,1.0
2089.493626,1.0
2089.975743,1.0
2090.457859,1.0
2090.939976,1.0
2091.422093,1.0
2091.904209,1.0
2092.386326,1.0
2092.868442,1.0
2093.350559,1.0
2093.832676,1.0
2094.314792,1.0
2094.796909,1.0
2095.279026,1.0
2095.761142,1.0
2096.243259,1.0
2096.725376,1.0
2097.207492,1.0
2097.689609,1.0
2098.171725,1.0
2098.653842,1.0
2099.135959,1.0
2099.618075,1.0
2100.100192,1.0
2100.582309,1.0
2101.064425,1.0
2101.546542,1.0
2102.028659,1.0
2102.510775,1.0
2102.992892,1.0
2103.475008,1.0
2103.957125,1.0
2104.439242,1.0
2104.921358,1.0
2105.403475,1.0
2105.885592,1.0
2106.367708,1.0
2106.849825,1.0
2107.331942,1.0
2107.814058,1.0
2108.296175,1.0
2108.778291,1.0
2109.260408,1.0
2109.742525,1.0
2110.224641,1.0
2110.706758,1.0
2111.188875,1.0
2111.670991,1.0
2112.153108,1.0
2112.635225,1.0
2113.117341,1.0
2113.599458,1.0
2114.081574,1.0
2114.563691,1.0
2115.045808,1.0
2115.527924,1.0
2116.010041,1.0
2116.492158,1.0
2116.974274,1.0
2117.456391,1.0
2117.938508,1.0
2118.420624,1.0
2118.902741,1.0
2119.384857,1.0
2119.866974,1.0
2120.349091,1.0
2120.831207,1.0
2121.313324,0.9990985265715318
2121.795441,0.9981975264101891
2122.277557,0.9975290578158015
2122.759674,1.0
2123.241791,1.0
2123.723907,1.0
2124.206024,1.0
2124.68814,0.9953946373543634
2125.170257,0.992716057436007
2125.652374,0.9921464019258108
2126.13449,0.9905687558077584
2126.616607,0.991028486359693
2127.098724,1.0
2127.58084,1.0
2128.062957,1.0
2128.545074,0.9878998033404547
2129.02719,0.9844354001184771
2129.509307,0.9833639334872184
2129.991423,0.9816847997533488
2130.47354,0.9809360599317034
2130.955657,0.9868206187372265
2131.437773,1.0
2131.91989,0.9949226336223997
2132.402007,0.9781081815332912
2132.884123,0.9739454335093212
2133.36624,0.9717856728682557
2133.848357,0.9705231722967006
2134.330473,0.9703397607500737
2134.81259,0.9735802724437341
2135.294706,0.9848656924003448
2135.776823,0.9824851989835303
2136.25894,0.9685579142883393
2136.741056,0.9636925179826064
2137.223173,0.9623683513435698
2137.70529,0.9622365159103692
2138.187406,0.9605511929151679
2138.669523,0.9611123186445955
2139.15164,0.9673634509575556
2139.633756,0.9668644201778751
2140.115873,0.9594951675234092
2140.597989,0.959264916314454
2141.080106,0.958902382699257
2141.562223,0.9579794041901982
2142.044339,0.9580129340561141
2142.526456,0.9582754655652198
2143.008573,0.9567951163002882
2143.490689,0.956992236396919
2143.972806,0.957880737392994
2144.454923,0.9581767682752642
2144.937039,0.9587039104486249
2145.419156,0.9593963446106217
2145.901272,0.9566305616923866
2146.383389,0.9562355548449363
2146.865506,0.9637262478110044
2147.347622,0.9644878923567587
2147.829739,0.959132546889703
2148.311856,0.9578146459022965
2148.793972,0.9556772763141048
2149.276089,0.9521363782370766
2149.758206,0.9486418014909647
2150.240322,0.9581116144702759
2150.722439,0.9781825205799357
2151.204555,0.9745445941739489
2151.686672,0.9619719372497271
2152.168789,0.963791783424041
2152.650905,0.9678588678603505
2153.133022,0.9701166082686202
2153.615139,0.9698469533352939
2154.097255,0.9812833727676642
2154.579372,0.992388515184497
2155.061489,0.9745280270566689
2155.543605,0.9579468334441615
2156.025722,0.9521697035935053
2156.507838,0.9505666485960717
2156.989955,0.9518745767324182
2157.472072,0.9550868502177979
2157.954188,0.9747395225849751
2158.436305,0.9784212262358629
2158.918422,0.9547583568454224
2159.400538,0.9472729512773191
2159.882655,0.9475012715700672
2160.364772,0.9471422366295611
2160.846888,0.9470446860031317
2161.329005,0.959099936937481
2161.811121,0.9847199430635865
2162.293238,0.9737944836660423
2162.775355,0.9535122563121468
2163.257471,0.9522677821239329
2163.739588,0.953118537058912
2164.221705,0.9561705330379733
2164.703821,0.9623029125206237
2165.185938,0.987625205366013
2165.668055,1.0
2166.150171,0.9784114420725214
2166.632288,0.9688737156412209
2167.114404,0.9697965226049309
2167.596521,0.9725274282803582
2168.078638,0.9751314466445121
2168.560754,0.9896261830880321
2169.042871,1.0
2169.524988,1.0
2170.007104,0.9848144807158553
2170.489221,0.9842798716123339
2170.971338,0.9860511987674092
2171.453454,0.9875600242534592
2171.935571,0.9942491995240168
2172.417687,1.0
2172.899804,1.0
2173.381921,1.0
2173.864037,0.9949055211002695
2174.346154,0.9957300423034793
2174.828271,0.996164773340091
2175.310387,0.9989319707496609
2175.792504,1.0
2176.274621,1.0
2176.756737,1.0
2177.238854,1.0
2177.72097,0.9997818437995253
2178.203087,1.0
2178.685204,1.0
2179.16732,1.0
2179.649437,1.0
2180.131554,1.0
2180.61367,1.0
2181.095787,1.0
2181.577904,1.0
2182.06002,1.0
2182.542137,1.0
2183.024253,1.0
2183.50637,1.0
2183.988487,1.0
2184.470603,1.0
2184.95272,1.0
2185.434837,1.0
2185.916953,1.0
2186.39907,1.0
2186.881187,1.0
2187.363303,1.0
2187.84542,1.0
2188.327536,1.0
2188.809653,1.0
2189.29177,1.0
2189.773886,1.0
2190.256003,1.0
2190.73812,1.0
2191.220236,1.0
2191.702353,1.0
2192.18447,1.0
2192.666586,1.0
2193.148703,1.0
2193.630819,1.0
2194.112936,1.0
2194.595053,1.0
2195.077169,1.0
2195.559286,1.0
2196.041403,1.0
2196.523519,1.0
2197.005636,1.0
2197.487752,1.0
2197.969869,1.0
2198.451986,1.0
2198.934102,1.0
2199.416219,1.0
2199.898336,1.0
2200.380452,1.0
2200.862569,1.0
2201.344686,1.0
2201.826802,1.0
2202.308919,1.0
2202.791035,1.0
2203.273152,1.0
2203.755269,1.0
2204.237385,1.0
2204.719502,1.0
2205.201619,1.0
2205.683735,1.0
2206.165852,1.0
2206.647969,1.0
2207.130085,1.0
2207.612202,1.0
2208.094318,1.0
2208.576435,1.0
2209.058552,1.0
2209.540668,1.0
2210.022785,1.0
2210.504902,1.0
2210.987018,1.0
2211.469135,1.0
2211.951252,1.0
2212.433368,1.0
2212.915485,1.0
2213.397601,1.0
2213.879718,1.0
2214.361835,1.0
2214.843951,1.0
2215.326068,1.0
2215.808185,1.0
2216.290301,1.0
2216.772418,1.0
2217.254535,1.0
2217.736651,1.0
2218.218768,1.0
2218.700884,1.0
2219.183001,1.0
2219.665118,1.0
2220.147234,1.0
2220.629351,1.0
2221.111468,1.0
2221.593584,1.0
2222.075701,1.0
2222.557818,1.0
2223.039934,1.0
2223.522051,1.0
2224.004167,1.0
2224.486284,1.0
2224.968401,1.0
2225.450517,1.0
2225.932634,1.0
2226.414751,1.0
2226.896867,1.0
2227.378984,1.0
2227.861101,1.0
2228.343217,1.0
2228.825334,1.0
2229.30745,1.0
2229.789567,1.0
2230.271684,1.0
2230.7538,1.0
2231.235917,1.0
2231.718034,1.0
2232.20015,1.0
2232.682267,1.0
2233.164384,1.0
2233.6465,1.0
2234.128617,1.0
2234.610733,1.0
2235.09285,1.0
2235.574967,1.0
2236.057083,1.0
2236.5392,1.0
2237.021317,1.0
2237.503433,1.0
2237.98555,1.0
2238.467667,1.0
2238.949783,1.0
2239.4319,1.0
2239.914016,1.0
2240.396133,1.0
2240.87825,1.0
2241.360366,1.0
2241.842483,1.0
2242.3246,1.0
2242.806716,1.0
2243.288833,1.0
2243.77095,1.0
2244.253066,1.0
2244.735183,1.0
2245.217299,1.0
2245.699416,1.0
2246.181533,1.0
2246.663649,1.0
2247.145766,1.0
2247.627883,1.0
2248.109999,1.0
2248.592116,1.0
2249.074233,1.0
2249.556349,1.0
2250.038466,1.0
2250.520582,1.0
2251.002699,1.0
2251.484816,1.0
2251.966932,1.0
2252.449049,1.0
2252.931166,1.0
2253.413282,1.0
2253.895399,1.0
2254.377516,1.0
2254.859632,1.0
2255.341749,1.0
2255.823865,1.0
2256.305982,1.0
2256.788099,1.0
2257.270215,1.0
2257.752332,1.0
2258.234449,1.0
2258.716565,1.0
2259.198682,1.0
2259.680799,1.0
2260.162915,1.0
2260.645032,1.0
2261.127148,1.0
2261.609265,1.0
2262.091382,1.0
2262.573498,1.0
2263.055615,1.0
2263.537732,1.0
2264.019848,1.0
2264.501965,1.0
2264.984082,1.0
2265.466198,1.0
2265.948315,1.0
2266.430431,1.0
2266.912548,1.0
2267.394665,1.0
2267.876781,1.0
2268.358898,1.0
2268.841015,1.0
2269.323131,1.0
2269.805248,1.0
2270.287365,1.0
2270.769481,1.0
2271.251598,1.0
2271.733714,1.0
2272.215831,1.0
2272.697948,1.0
2273.180064,1.0
2273.662181,1.0
2274.144298,1.0
2274.626414,1.0
2275.108531,1.0
2275.590648,1.0
2276.072764,1.0
2276.554881,1.0
2277.036997,1.0
2277.519114,1.0
2278.001231,1.0
2278.483347,1.0
2278.965464,1.0
2279.447581,1.0
2279.929697,1.0
2280.411814,1.0
2280.893931,1.0
2281.376047,1.0
2281.858164,1.0
2282.34028,1.0
2282.822397,1.0
2283.304514,1.0
2283.78663,1.0
2284.268747,1.0
2284.750864,1.0
2285.23298,1.0
2285.715097,1.0
2286.197214,1.0
2286.67933,1.0
2287.161447,1.0
2287.643563,1.0
2288.12568,1.0
2288.607797,1.0
2289.089913,1.0
2289.57203,1.0
2290.054147,1.0
2290.536263,1.0
2291.01838,1.0
2291.500497,0.998437022723209
2291.982613,1.0
2292.46473,1.0
2292.946846,1.0
2293.428963,0.9988046150424892
2293.91108,0.9979817394323921
2294.393196,0.999552590117665
2294.875313,1.0
2295.35743,1.0
2295.839546,0.9922247845876373
2296.321663,0.9970327111298449
2296.80378,1.0
2297.285896,0.9992640509434488
2297.768013,0.9960928528398172
2298.250129,0.9888001901252075
2298.732246,0.9965725870351986
2299.214363,1.0
2299.696479,0.9959353830081014
2300.178596,0.9888852305982462
2300.660713,0.9882634173689617
2301.142829,0.997415944434295
2301.624946,0.9986536072011752
2302.107063,0.9922180374820423
2302.589179,0.9845604313536075
2303.071296,0.9934157716504457
2303.553412,0.9947379931167684
2304.035529,0.9948131981517625
2304.517646,0.9816612396008777
2304.999762,0.982708248438855
2305.481879,0.9922078176888882
2305.963996,0.9927740337466531
2306.446112,0.9817927910207325
2306.928229,0.9710940077311818
2307.410346,0.9845643696032095
2307.892462,0.9901603294761614
2308.374579,0.9828065241774039
2308.856695,0.9664158991518378
2309.338812,0.9754064724892875
2309.820929,0.9881003673570917
2310.303045,0.9845978453608606
2310.785162,0.9671670961077028
2311.267279,0.9640906051918835
2311.749395,0.9823093498718772
2312.231512,0.9832449536496918
2312.713629,0.9682741683902568
2313.195745,0.9600892788906044
2313.677862,0.9774198356996547
2314.159978,0.980046754286421
2314.642095,0.9728814927000673
2315.124212,0.9671371143924424
2315.606328,0.9713649807583185
2316.088445,0.9742035632498811
2316.570562,0.9730089485237853
2317.052678,0.9630634321872299
2317.534795,0.9612449612967009
2318.016912,0.9723864220264581
2318.499028,0.9729213816589861
2318.981145,0.9552177060796997
2319.463261,0.9514168351566842
2319.945378,0.9692535885879855
2320.427495,0.9681086076633076
2320.909611,0.9402344687324736
2321.391728,0.9444448352933656
2321.873845,0.9660139537482311
2322.355961,0.9593637256894297
2322.838078,0.9335684429952885
2323.320195,0.9515471881920796
2323.802311,0.9617401299467518
2324.284428,0.9517108683845418
2324.766544,0.9378774395250703
2325.248661,0.9519402583442023
2325.730778,0.9523658707569697
2326.212894,0.9461662361982726
2326.695011,0.9391679079981765
2327.177128,0.942240244780676
2327.659244,0.9473051591051926
2328.141361,0.9485763474648516
2328.623478,0.9360101111988671
2329.105594,0.9402664372478723
2329.587711,0.9501750958022642
2330.069827,0.9461662361982726
2330.551944,0.9222785371670643
2331.034061,0.9431791835783786
2331.516177,0.9467842845213257
2331.998294,0.933953152438506
2332.480411,0.93642860124413
2332.962527,0.9469802891540012
2333.444644,0.9436329618906151
2333.926761,0.9287032692156562
2334.408877,0.9410744731191887
2334.890994,0.9472407445444934
2335.37311,0.9460687860947106
2335.855227,0.9273956477449904
2336.337344,0.9350773741646758
2336.81946,0.9389096723325085
2337.301577,0.9373945569966387
2337.783694,0.9343707228176729
2338.26581,0.9432121954275079
2338.747927,0.9411394094981133
2339.230044,0.9258676325166629
2339.71216,0.9356245544631946
2340.194277,0.9388129696165336
2340.676393,0.9316454081960804
2341.15851,0.9329590217996881
2341.640627,0.935012856051759
2342.122743,0.9342427227968485
2342.60486,0.9302368945027826
2343.086977,0.9343062534620169
2343.569093,0.9371686721286224
2344.05121,0.9321896480170266
2344.533327,0.9243088591912081
2345.015443,0.9416242211222826
2345.49756,0.9345314484040017
2345.979676,0.9253585453305883
2346.461793,0.9489349771009243
2346.94391,0.9488040331094276
2347.426026,0.9436008789153244
2347.908143,0.9543975263877879
2348.39026,0.9639575698680155
2348.872376,0.9658478136366456
2349.354493,0.9559735821948008
2349.83661,0.9354954471832859
2350.318726,0.9482178533651634
2350.800843,0.9532167133242199
2351.282959,0.9359782873960941
2351.765076,0.941236351849737
2352.247193,0.9392327128195691
2352.729309,0.9289912118579166
2353.211426,0.92491262998597
2353.693543,0.933632861440266
2354.175659,0.930428543042172
2354.657776,0.9252623130460393
2355.139893,0.9260259694192426
2355.622009,0.9197457553610182
2356.104126,0.9172832194952332
2356.586242,0.9169998227674585
2357.068359,0.9143242601859448
2357.550476,0.9087793077822306
2358.032592,0.9133820776522479
2358.514709,0.9172832194952332
2358.996826,0.9135391928811264
2359.478942,0.9094975270946536
2359.961059,0.9047288440603641
2360.443176,0.9097476733081326
2360.925292,0.9100288287754674
2361.407409,0.9154568945760821
2361.889525,0.916243609894377
2362.371642,0.9119391615132423
2362.853759,0.9107799123385764
2363.335875,0.9143873507364967
2363.817992,0.9141990063423836
2364.300109,0.9234514984467929
2364.782225,0.9170621808755584
2365.264342,0.9136643563240512
2365.746459,0.9206631991488458
2366.228575,0.9232926784479715
2366.710692,0.9242136602815394
2367.192808,0.9279058556455613
2367.674925,0.9260259694192426
2368.157042,0.9320936374279112
2368.639158,0.9298853314062718
2369.121275,0.9344669679586628
2369.603392,0.9381353912876814
2370.085508,0.9369756352656434
2370.567625,0.9449644228262506
2371.049742,0.9446072937760651
2371.531858,0.9467842845213257
2372.013975,0.9538727520744393
2372.496091,0.9498482917828224
2372.978208,0.9586387207991877
2373.460325,0.956038590608651
2373.942441,0.9636925179826064
2374.424558,0.9630634321872299
2374.906675,0.96375901506047
2375.388791,0.9650185066030967
2375.870908,0.9664158991518378
2376.353025,0.9721161361726092
2376.835141,0.9708434977943586
2377.317258,0.975673770480902
2377.799374,0.9753859891684408
2378.281491,0.9795548942829593
2378.763608,0.9779536526487123
2379.245724,0.9819518543366585
2379.727841,0.9812774850850906
2380.209958,0.9852715406646153
2380.692074,0.9868541712086523
2381.174191,0.989224476409672
2381.656308,0.9904666334335334
2382.138424,0.9928217873261407
2382.620541,0.9939314882528145
2383.102657,0.9967634489600617
2383.584774,0.9982197864632267
2384.066891,0.9998486414558604
2384.549007,1.0
2385.031124,1.0
2385.513241,1.0
2385.995357,1.0
2386.477474,1.0
2386.959591,1.0
2387.441707,1.0
2387.923824,1.0
2388.40594,1.0
2388.888057,1.0
2389.370174,1.0
2389.85229,1.0
2390.334407,1.0
2390.816524,1.0
2391.29864,1.0
2391.780757,1.0
2392.262874,1.0
2392.74499,1.0
2393.227107,1.0
2393.709223,1.0
2394.19134,1.0
2394.673457,1.0
2395.155573,1.0
2395.63769,1.0
2396.119807,1.0
2396.601923,1.0
2397.08404,1.0
2397.566157,1.0
2398.048273,1.0
2398.53039,1.0
2399.012506,1.0
2399.494623,1.0
2399.97674,1.0
2400.458856,1.0
2400.940973,1.0
2401.42309,1.0
2401.905206,1.0
2402.387323,1.0
2402.869439,1.0
2403.351556,1.0
2403.833673,1.0
2404.315789,1.0
2404.797906,1.0
2405.280023,1.0
2405.762139,1.0
2406.244256,1.0
2406.726373,1.0
2407.208489,1.0
2407.690606,1.0
2408.172722,1.0
2408.654839,1.0
2409.136956,1.0
2409.619072,1.0
2410.101189,1.0
2410.583306,1.0
2411.065422,1.0
2411.547539,1.0
2412.029656,1.0
2412.511772,1.0
2412.993889,1.0
2413.476005,1.0
2413.958122,1.0
2414.440239,1.0
2414.922355,1.0
2415.404472,1.0
2415.886589,1.0
2416.368705,1.0
2416.850822,1.0
2417.332939,1.0
2417.815055,1.0
2418.297172,1.0
2418.779288,1.0
2419.261405,1.0
2419.743522,1.0
2420.225638,1.0
2420.707755,1.0
2421.189872,1.0
2421.671988,1.0
2422.154105,1.0
2422.636222,1.0
2423.118338,1.0
2423.600455,1.0
2424.082571,1.0
2424.564688,1.0
2425.046805,1.0
2425.528921,1.0
2426.011038,1.0
2426.493155,1.0
2426.975271,1.0
2427.457388,1.0
2427.939505,1.0
2428.421621,1.0
2428.903738,1.0
2429.385854,1.0
2429.867971,1.0
2430.350088,1.0
2430.832204,1.0
2431.314321,1.0
2431.796438,1.0
2432.278554,1.0
2432.760671,1.0
2433.242788,1.0
2433.724904,1.0
2434.207021,1.0
2434.689137,1.0
2435.171254,1.0
2435.653371,1.0
2436.135487,1.0
2436.617604,1.0
2437.099721,1.0
2437.581837,1.0
2438.063954,1.0
2438.546071,1.0
2439.028187,1.0
2439.510304,1.0
2439.99242,1.0
2440.474537,1.0
2440.956654,1.0
2441.43877,1.0
2441.920887,1.0
2442.403004,1.0
2442.88512,1.0
2443.367237,1.0
2443.849354,1.0
2444.33147,1.0
2444.813587,1.0
2445.295703,1.0
2445.77782,1.0
2446.259937,1.0
2446.742053,1.0
2447.22417,1.0
2447.706287,1.0
2448.188403,1.0
2448.67052,1.0
2449.152637,1.0
2449.634753,1.0
2450.11687,1.0
2450.598986,1.0
2451.081103,1.0
2451.56322,1.0
2452.045336,1.0
2452.527453,1.0
2453.00957,1.0
2453.491686,1.0
2453.973803,1.0
2454.45592,1.0
2454.938036,1.0
2455.420153,1.0
2455.902269,1.0
2456.384386,1.0
2456.866503,1.0
2457.348619,1.0
2457.830736,1.0
2458.312853,1.0
2458.794969,1.0
2459.277086,1.0
2459.759203,1.0
2460.241319,1.0
2460.723436,1.0
2461.205552,1.0
2461.687669,1.0
2462.169786,1.0
2462.651902,1.0
2463.134019,1.0
2463.616136,1.0
2464.098252,1.0
2464.580369,1.0
2465.062486,1.0
2465.544602,1.0
2466.026719,1.0
2466.508835,1.0
2466.990952,1.0
2467.473069,1.0
2467.955185,1.0
2468.437302,1.0
2468.919419,1.0
2469.401535,1.0
2469.883652,1.0
2470.365769,1.0
2470.847885,1.0
2471.330002,1.0
2471.812118,1.0
2472.294235,1.0
2472.776352,1.0
2473.258468,1.0
2473.740585,1.0
2474.222702,1.0
2474.704818,1.0
2475.186935,1.0
2475.669052,1.0
2476.151168,1.0
2476.633285,1.0
2477.115401,1.0
2477.597518,1.0
2478.079635,1.0
2478.561751,1.0
2479.043868,1.0
2479.525985,1.0
2480.008101,1.0
2480.490218,1.0
2480.972335,1.0
2481.454451,1.0
2481.936568,1.0
2482.418684,1.0
2482.900801,1.0
2483.382918,1.0
2483.865034,1.0
2484.347151,1.0
2484.829268,1.0
2485.311384,1.0
2485.793501,1.0
2486.275618,1.0
2486.757734,1.0
2487.239851,1.0
2487.721967,1.0
2488.204084,1.0
2488.686201,1.0
2489.168317,1.0
2489.650434,1.0
2490.132551,1.0
2490.614667,1.0
2491.096784,1.0
2491.578901,1.0
2492.061017,1.0
2492.543134,1.0
2493.02525,1.0
2493.507367,1.0
2493.989484,1.0
2494.4716,1.0
2494.953717,1.0
2495.435834,1.0
2495.91795,1.0
2496.400067,1.0
2496.882184,1.0
2497.3643,1.0
2497.846417,1.0
2498.328533,1.0
2498.81065,1.0
2499.292767,1.0
2499.774883,1.0
